dataset,years_available,number_of_rows,state_available,district_available,target_candidates,feature_candidates,ML_suitability,reason
cyber crime\NCRB_District_Table_1.9.csv,1957;1999,970,True,True,a_offences_under_i_t_act_computer_related_offences_computer_related_offences_total_col_5_col_8_col_9_col_10_col_11_col_4;a_offences_under_i_t_act_computer_related_offences_computer_related_offences_sec_66_computer_related_offences_sec_66_total_col_6_col_7_col_5;a_offences_under_i_t_act_publication_transmission_of_obscene_sexually_explicit_act_in_electronic_form_sec_67_publication_transmission_of_obscene_sexually_explicit_act_in_electronic_form_total_col_14_15_16_17_18_col_13;a_offences_under_i_t_act_total_offences_under_i_t_act_col_3_col_4_col_12_col_13_col_19_col_20_col_21_col_22_col_23_col_24;b_offences_under_ipc_involving_communication_devices_as_medium_target_r_w_it_act_fraud_sec_420_r_w_sec_465_468_471_ipc_fraud_sec_420_r_w_sec_465_468_471_ipc_total_col_29_to_33_col_28;b_offences_under_ipc_involving_communication_devices_as_medium_target_r_w_it_act_counterfeiting_counter_feiting_total_col_39_col_40_col_38;b_offences_under_ipc_involving_communication_devices_as_medium_target_r_w_it_act_counterfeiting_currency_sec_489a_to_489e_col_39;b_offences_under_ipc_involving_communication_devices_as_medium_target_r_w_it_act_counterfeiting_stamps_sec_255_col_40,a_offences_under_i_t_act_tampering_computer_source_documents_sec_65_col_3;a_offences_under_i_t_act_computer_related_offences_computer_related_offences_total_col_5_col_8_col_9_col_10_col_11_col_4;a_offences_under_i_t_act_computer_related_offences_computer_related_offences_sec_66_computer_related_offences_sec_66_total_col_6_col_7_col_5;a_offences_under_i_t_act_computer_related_offences_computer_related_offences_sec_66_ransom_ware_col_6;a_offences_under_i_t_act_computer_related_offences_computer_related_offences_sec_66_offences_other_than_ransom_ware_col_7;a_offences_under_i_t_act_computer_related_offences_dishonestly_receiving_stolen_computer_resource_or_communication_device_sec_66b_col_8;a_offences_under_i_t_act_computer_related_offences_identity_theft_sec_66c_col_9;a_offences_under_i_t_act_computer_related_offences_cheating_by_personation_by_using_computer_resource_sec_66d_col_10;a_offences_under_i_t_act_computer_related_offences_violation_of_privacy_sec_66e_col_11;a_offences_under_i_t_act_cyber_terrorism_sec_66_f_col_12;a_offences_under_i_t_act_publication_transmission_of_obscene_sexually_explicit_act_in_electronic_form_sec_67_publication_transmission_of_obscene_sexually_explicit_act_in_electronic_form_total_col_14_15_16_17_18_col_13;a_offences_under_i_t_act_publication_transmission_of_obscene_sexually_explicit_act_in_electronic_form_sec_67_publishing_or_transmitting_obscene_material_in_electronic_form_col_14,SECONDARY_CANDIDATE,"State-level multi-year counts exist, but target semantics and available history require further review."
cyber crime\NCRB_Table_9B.2.csv,1957;1999,20,False,False,a_offences_under_i_t_act_computer_related_offences_computer_related_offences_total;a_offences_under_i_t_act_computer_related_offences_a_computer_related_offences_sec_66_total;a_offences_under_i_t_act_publication_transmission_of_obscene_sexually_explicit_act_in_electronic_form_sec_67_publication_transmission_of_obscene_sexually_explicit_act_in_electronic_form_total;total_offences_under_i_t_act;b_ipc_crimes_involving_communication_devices_as_medium_target_or_r_w_it_act_abetment_of_suicide_online_sec_305_306_ipc;b_ipc_crimes_involving_communication_devices_as_medium_target_or_r_w_it_act_cyber_stalking_bullying_of_women_children_sec_354d_ipc;b_ipc_crimes_involving_communication_devices_as_medium_target_or_r_w_it_act_data_theft_sec_379_to_381;b_ipc_crimes_involving_communication_devices_as_medium_target_or_r_w_it_act_fraud_sec_420_r_w_sec_465_468_471_ipc_fraud_sec_420_r_w_sec_465_468_471_ipc_total,city;a_offences_under_i_t_act_tampering_computer_source_documents_sec_65;a_offences_under_i_t_act_computer_related_offences_computer_related_offences_total;a_offences_under_i_t_act_computer_related_offences_a_computer_related_offences_sec_66_total;a_offences_under_i_t_act_computer_related_offences_computer_related_offences_sec_66_a1_ransom_ware;a_offences_under_i_t_act_computer_related_offences_computer_related_offences_sec_66_a2_offences_other_than_ransom_ware;a_offences_under_i_t_act_computer_related_offences_b_dishonesty_receiving_stolen_computer_resource_or_communication_device_sec_66b;a_offences_under_i_t_act_computer_related_offences_c_identity_theft_sec_66c;a_offences_under_i_t_act_computer_related_offences_d_cheating_by_personation_by_using_computer_resource_sec_66d;a_offences_under_i_t_act_computer_related_offences_e_violation_of_privacy_sec_66e;a_offences_under_i_t_act_cyber_terrorism_sec_66_f;a_offences_under_i_t_act_publication_transmission_of_obscene_sexually_explicit_act_in_electronic_form_sec_67_publication_transmission_of_obscene_sexually_explicit_act_in_electronic_form_total,NOT_SUITABLE,"Multi-year columns exist, but there is no compatible state/district panel key."
cyber crime\RS_Session_262_AU_1977_A_to_D.csv,2018;2019;2020;2021;2022,39,True,False,2018_total;2019_total;2020_total;2021_total;2022_total,2018_a;2018_b;2018_c;2018_d;2018_e;2018_total;2019_a;2019_b;2019_c;2019_d;2019_e;2019_total,SECONDARY_CANDIDATE,"State-level multi-year counts exist, but target semantics and available history require further review."
ncrb 2022\data\NCRB_District_Table_1.1.csv,2022,970,True,True,offences_affecting_the_human_body_causing_death_by_negligence_deaths_due_to_negligence_relating_to_road_accidents_deaths_due_to_negligence_relating_to_road_accidents_total_col_7_col_8_col_6;offences_affecting_the_human_body_hurt_hurt_total_col_20_col_26_col_19;offences_affecting_the_human_body_hurt_simple_hurt_simple_hurt_total_col_21_to_col_25_col_20;offences_affecting_the_human_body_hurt_grievous_hurt_grievous_hurt_total_col_27_to_33_col_26;offences_affecting_the_human_body_assault_on_women_with_intent_to_outrage_her_modesty_assault_on_women_with_intent_to_outrage_her_modesty_sec_354_ipc_total_col_36_col_37_col42_to_44_col_35;offences_affecting_the_human_body_assault_on_women_with_intent_to_outrage_her_modesty_sexual_harassment_sexual_harassment_sec_354a_ipc_total_col_38_to_41_col_37;offences_affecting_the_human_body_kidnapping_and_abduction_kidnapping_and_abduction_total_col_46_col_49_to_col_55_col_45;offences_affecting_the_human_body_kidnapping_and_abduction_importation_of_girls_from_foreign_country_sec_366_b_ipc_col_54,offences_affecting_the_human_body_murder_sec_302_ipc_col_3;offences_affecting_the_human_body_culpable_homicide_not_amounting_to_murder_sec_304_ipc_col_4;offences_affecting_the_human_body_causing_death_by_negligence_causing_death_by_negligence_sec_304_a_ipc_col_6_col_9_to_12_col_5;offences_affecting_the_human_body_causing_death_by_negligence_deaths_due_to_negligence_relating_to_road_accidents_deaths_due_to_negligence_relating_to_road_accidents_total_col_7_col_8_col_6;offences_affecting_the_human_body_causing_death_by_negligence_deaths_due_to_negligence_relating_to_road_accidents_hit_and_run_col_7;offences_affecting_the_human_body_causing_death_by_negligence_deaths_due_to_negligence_relating_to_road_accidents_other_accidents_other_than_hit_and_run_col_8;offences_affecting_the_human_body_causing_death_by_negligence_deaths_due_to_negligence_relating_to_rail_accidents_col_9;offences_affecting_the_human_body_causing_death_by_negligence_deaths_due_to_medical_negligence_col_10;offences_affecting_the_human_body_causing_death_by_negligence_deaths_due_to_negligence_of_civic_bodies_col_11;offences_affecting_the_human_body_causing_death_by_negligence_deaths_due_to_other_negligence_col_12;offences_affecting_the_human_body_dowry_deaths_sec_304_b_ipc_col_13;offences_affecting_the_human_body_abetment_of_suicide_sec_305_306_ipc_col_14,NOT_SUITABLE,2022-only district snapshot; cannot support temporal prediction without future or prior years.
ncrb 2022\data\NCRB_District_Table_1.10.csv,2022,970,True,True,male_total_male;female_total_female;transgender_total_transgender;total_grand_total;total_total_below_12_years;total_total_12_years_above_below_14_years;total_total_14_years_above_below_18_years;total_total_children,male_total_male;male_male_below_12_years;male_male_12_years_above_below_16_years;male_male_16_years_above_below_18_years;male_male_children;male_male_18_years_above;female_total_female;female_female_below_12_years;female_female_12_years_above_below_16_years;female_female_16_years_above_below_18_years;female_female_children;female_female_18_years_above,NOT_SUITABLE,2022-only district snapshot; cannot support temporal prediction without future or prior years.
ncrb 2022\data\NCRB_District_Table_1.2.csv,1908;1923;1927;1939;1944;1946;1950;1951;1952;1954;1955;1956;1957;1959;1961;1966;1967;1971;1972;1976;1980;1982;1983;1984;1985;1986;1987;1988;1989;1994;1998;1999;2000;2003;2005;2006;2010;2012;2015;2016,970,True,True,crime_against_women_related_acts_the_dowry_prohibition_act_1961_col_3;crime_against_women_related_acts_the_immoral_traffic_prevention_act_1956_col_4;crime_against_women_related_acts_the_protection_of_women_from_domestic_violence_act_2005_col_5;crime_against_women_related_acts_the_indecent_representation_of_women_prohibition_act_2012_col_6;crime_against_women_related_acts_crime_against_women_related_acts_total_col_3_to_col_6_col_7;children_related_acts_children_related_acts_total_col_8_to_col_13_col_14;schedule_castes_and_scheduled_tribes_related_acts_the_sc_st_prevention_of_atrocities_act_1989_for_crimes_against_scs_col_15;schedule_castes_and_scheduled_tribes_related_acts_the_sc_st_prevention_of_atrocities_act_1989_2015_for_crimes_against_sts_col_16,crime_against_women_related_acts_the_dowry_prohibition_act_1961_col_3;crime_against_women_related_acts_the_immoral_traffic_prevention_act_1956_col_4;crime_against_women_related_acts_the_protection_of_women_from_domestic_violence_act_2005_col_5;crime_against_women_related_acts_the_indecent_representation_of_women_prohibition_act_2012_col_6;crime_against_women_related_acts_crime_against_women_related_acts_total_col_3_to_col_6_col_7;children_related_acts_the_protection_of_children_from_sexual_offences_act_2012_col_8;children_related_acts_the_juvenile_justice_care_and_protection_of_children_act_2000_2015_col_9;children_related_acts_the_prohibition_of_child_marriage_act_2006_col_10;children_related_acts_the_pre_natal_diagnostic_techniques_reg_and_prev_of_misuse_act_1994_col_11;children_related_acts_the_child_labour_prohibition_regulation_act_1986_col_12;children_related_acts_the_medical_termination_of_pregnancy_act_1971_col_13;children_related_acts_children_related_acts_total_col_8_to_col_13_col_14,SECONDARY_CANDIDATE,"State-level multi-year counts exist, but target semantics and available history require further review."
ncrb 2022\data\NCRB_District_Table_1.3.csv,1956;1961;1986,970,True,True,kidnapping_abduction_of_women_kidnapping_abduction_of_women_total_col_11_to_col_14_col_17_to_col_19_col_25_col_28_col_31_col_34_col_37_col_40_col_43_col_52_col_10;kidnapping_abduction_of_women_kidnapping_abduction_of_women_to_compel_her_for_marriage_sec_366_ipc_k_a_of_women_to_compel_her_for_marriage_total_col_15_col_16_col_14;kidnapping_abduction_of_women_importation_of_girls_from_foreign_country_sec_366b_ipc_col_18;immoral_traffic_prevention_act_1956_women_victims_cases_only_immoral_traffic_prevention_act_1956_total_col_37_to_col_41_col_36;immoral_traffic_prevention_act_1956_women_victims_cases_only_procuring_inducing_children_for_the_sake_of_prostitution_section_5_col_37;immoral_traffic_prevention_act_1956_women_victims_cases_only_detaining_a_person_in_premises_where_prostitution_is_carried_on_section_6_col_38;immoral_traffic_prevention_act_1956_women_victims_cases_only_prostitution_in_or_in_the_vicinity_of_public_places_section_7_col_39;immoral_traffic_prevention_act_1956_women_victims_cases_only_seducing_or_soliciting_for_purpose_of_prostitution_section_8_col_40,murder_with_rape_gang_rape_col_3;dowry_deaths_sec_304b_ipc_col_4;abetment_to_suicide_of_women_sec_305_306_ipc_col_5;miscarriage_sec_313_314_ipc_col_6;acid_attack_sec_326a_ipc_col_7;attempt_to_acid_attack_sec_326b_ipc_col_8;cruelty_by_husband_or_his_relatives_sec_498_a_ipc_col_9;kidnapping_abduction_of_women_kidnapping_abduction_of_women_total_col_11_to_col_14_col_17_to_col_19_col_25_col_28_col_31_col_34_col_37_col_40_col_43_col_52_col_10;kidnapping_abduction_of_women_kidnapping_abduction_sec_336_ipc_col_11;kidnapping_abduction_of_women_kidnapping_abduction_in_order_to_murder_sec_364_ipc_col_12;kidnapping_abduction_of_women_kidnapping_for_ransom_sec_364a_ipc_col_13;kidnapping_abduction_of_women_kidnapping_abduction_of_women_to_compel_her_for_marriage_sec_366_ipc_k_a_of_women_to_compel_her_for_marriage_total_col_15_col_16_col_14,SECONDARY_CANDIDATE,"State-level multi-year counts exist, but target semantics and available history require further review."
ncrb 2022\data\NCRB_District_Table_1.4.csv,1956,970,True,True,kidnapping_and_abduction_of_children_kidnapping_and_abduction_of_children_sec_363_363a_364_364a_365_366_366a_367_368_369_ipc_total_col_14_col_17_to_23_col_13;kidnapping_and_abduction_of_children_importation_of_girls_from_foreign_country_sec_36_b_ipc_col_22;selling_of_minors_for_prostitution_sec_372_ipc_selling_of_minors_for_prostitution_total_col_26_col_27_col_25;buying_of_minors_for_prostitution_sec_373_ipc_buying_of_minors_for_prostitution_total_col_29_col_30_col_28;other_ipc_crimes_col_35;total_ipc_crimes_against_children_col_36;protection_of_children_from_sexual_offences_act_pocso_r_w_sec_376_354_509_ipc_protection_of_children_from_sexual_offences_act_total_col_38_41_44_47_50_53_col_37;protection_of_children_from_sexual_offences_act_pocso_r_w_sec_376_354_509_ipc_section_4_6_of_pocso_act_or_pocso_act_section_4_6_r_w_section_376_ipc_section_4_6_of_pocso_act_or_pocso_act_section_4_6_r_w_section_376_ipc_total_col_39_col_40_col_38,state_ut_district;murder_sec_302_ipc_murder_sec_302_ipc_col_4_col_5_col_3;murder_sec_302_ipc_murder_with_rape_pocso_col_4;murder_sec_302_ipc_other_murder_col_5;abetment_of_suicide_of_child_sec_305_ipc_col_6;attempt_to_commit_murder_sec_307_ipc_col_7;infanticide_sec_315_ipc_col_8;foeticide_sec_315_316_ipc_col_9;exposure_and_abandonment_sec_317_ipc_col_10;simple_hurt_sec_323_r_w_ipc_324_332_353_327_328_330_ipc_col_11;grievous_hurt_sec_325_32_326a_326b_329_331_333_335_ipc_col_12;kidnapping_and_abduction_of_children_kidnapping_and_abduction_of_children_sec_363_363a_364_364a_365_366_366a_367_368_369_ipc_total_col_14_col_17_to_23_col_13,NOT_SUITABLE,Insufficient historical years for a defensible temporal ML task.
ncrb 2022\data\NCRB_District_Table_1.5.csv,1955,970,True,True,sc_st_prevention_of_atrocities_act_r_w_ipc_total_col_4_col_5_col_6_col_7_col_12_col_20_col_21_col_31_col_34_col_35_col_36_col_37_col_40_col_41_col_42_col_3;sc_st_prevention_of_atrocities_act_grievous_hurt_grievous_hurt_sec_325_326_ipc_total_col_8_to_11_col_7;sc_st_prevention_of_atrocities_act_kidnapping_and_abduction_kidnapping_and_abduction_sec_363_363a_364_364a_365_366_366a_367_368_369_ipc_total_col_22_col_25_to_30_col_21;sc_st_prevention_of_atrocities_act_rape_sec_376_ipc_rape_sec_376_ipc_total_col_32_col_33_col_31;sc_st_prevention_of_atrocities_act_other_ipc_crimes_col_42;sc_st_prevention_of_atrocities_act_only_sc_st_prevention_of_atrocities_act_only_total_without_ipc_col_44_to_48_col_43;total_of_sc_st_prevention_of_atrocities_act_with_without_ipc_col_3_col_43_col_49;total_crime_atrocities_against_scheduled_castes_col_49_col_50_col_51,districts;sc_st_prevention_of_atrocities_act_r_w_ipc_total_col_4_col_5_col_6_col_7_col_12_col_20_col_21_col_31_col_34_col_35_col_36_col_37_col_40_col_41_col_42_col_3;sc_st_prevention_of_atrocities_act_murder_sec_302_ipc_col_4;sc_st_prevention_of_atrocities_act_attempt_to_commit_murder_sec_307_ipc_col_5;sc_st_prevention_of_atrocities_act_simple_hurt_secs_323_r_w_ipc_324_327_328_330_332_353_ipc_col_6;sc_st_prevention_of_atrocities_act_grievous_hurt_grievous_hurt_sec_325_326_ipc_total_col_8_to_11_col_7;sc_st_prevention_of_atrocities_act_grievous_hurt_grievous_hurt_col_8;sc_st_prevention_of_atrocities_act_grievous_hurt_acid_attack_sec_326a_ipc_col_9;sc_st_prevention_of_atrocities_act_grievous_hurt_attempt_to_acid_attack_sec_326b_ipc_col_10;sc_st_prevention_of_atrocities_act_grievous_hurt_other_grievous_hurt_secs_329_331_333_335_ipc_col_11;sc_st_prevention_of_atrocities_act_assault_on_women_with_intent_to_outrage_her_modesty_assault_on_women_with_intent_to_outrage_her_modesty_adults_children_col_13_col_19_col_12;sc_st_prevention_of_atrocities_act_assault_on_women_with_intent_to_outrage_her_modesty_assault_on_women_above_18_years_col_14_to_18_col_13,NOT_SUITABLE,Insufficient historical years for a defensible temporal ML task.
ncrb 2022\data\NCRB_District_Table_1.6.csv,1955,970,True,True,sc_st_prevention_of_atrocities_act_r_w_ipc_total_col_4_col_5_col_6_col_7_col_12_col_20_col_21_col_31_col_34_col_35_col_36_col_37_col_38_col_41_col_42_col_3;sc_st_prevention_of_atrocities_act_grievous_hurt_grievous_hurt_sec_325_326_ipc_total_col_8_to_11_col_7;sc_st_prevention_of_atrocities_act_kidnapping_and_abduction_kidnapping_and_abduction_sec_363_363a_364_364a_365_366_366a_367_368_369_ipc_total_col_22_col_25_to_30_col_21;sc_st_prevention_of_atrocities_act_rape_sec_376_ipc_rape_sec_376_ipc_total_col_32_col_33_col_31;sc_st_prevention_of_atrocities_act_other_ipc_crimes_col_42;sc_st_prevention_of_atrocities_act_only_sc_st_prevention_of_atrocities_act_only_total_without_ipc_col_44_to_48_col_43;total_of_sc_st_prevention_of_atrocities_act_with_without_ipc_col_3_col_43_col_49;total_crime_atrocities_against_scheduled_tribes_col_49_col_50_col_51,sc_st_prevention_of_atrocities_act_r_w_ipc_total_col_4_col_5_col_6_col_7_col_12_col_20_col_21_col_31_col_34_col_35_col_36_col_37_col_38_col_41_col_42_col_3;sc_st_prevention_of_atrocities_act_murder_sec_302_ipc_col_4;sc_st_prevention_of_atrocities_act_attempt_to_commit_murder_sec_307_ipc_col_5;sc_st_prevention_of_atrocities_act_simple_hurt_secs_323_r_w_ipc_324_327_328_330_332_353_ipc_col_6;sc_st_prevention_of_atrocities_act_grievous_hurt_grievous_hurt_sec_325_326_ipc_total_col_8_to_11_col_7;sc_st_prevention_of_atrocities_act_grievous_hurt_grievous_hurt_col_8;sc_st_prevention_of_atrocities_act_grievous_hurt_acid_attack_sec_326a_ipc_col_9;sc_st_prevention_of_atrocities_act_grievous_hurt_attempt_to_acid_attack_sec_326b_ipc_col_10;sc_st_prevention_of_atrocities_act_grievous_hurt_other_grievous_hurt_secs_329_331_333_335_ipc_col_11;sc_st_prevention_of_atrocities_act_assault_on_women_with_intent_to_outrage_her_modesty_assault_on_women_with_intent_to_outrage_her_modesty_adults_children_col_13_col_19_col_12;sc_st_prevention_of_atrocities_act_assault_on_women_with_intent_to_outrage_her_modesty_assault_on_women_above_18_years_col_14_to_18_col_13;sc_st_prevention_of_atrocities_act_assault_on_women_with_intent_to_outrage_her_modesty_assault_on_adult_women_with_intent_to_outrage_her_modesty_sec_354_ipc_col_14,NOT_SUITABLE,Insufficient historical years for a defensible temporal ML task.
ncrb 2022\data\NCRB_District_Table_1.7.csv,2022,970,True,True,offences_affecting_the_human_body_causing_death_by_negligence_deaths_due_to_negligence_relating_to_road_accidents_deaths_due_to_negligence_relating_to_road_accidents_total_col_7_col_8_col_6;offences_affecting_the_human_body_hurt_hurt_total_col_20_col_26_col_19;offences_affecting_the_human_body_hurt_simple_hurt_simple_hurt_total_col_21_to_col_25_col_20;offences_affecting_the_human_body_hurt_grievous_hurt_grievous_hurt_total_col_27_to_33_col_26;offences_affecting_the_human_body_assault_on_women_with_intent_to_outrage_her_modesty_assault_on_women_with_intent_to_outrage_her_modesty_sec_354_ipc_total_col_36_col_37_col42_to_44_col_35;offences_affecting_the_human_body_assault_on_women_with_intent_to_outrage_her_modesty_sexual_harassment_sexual_harassment_sec_354a_ipc_total_col_38_to_41_col_37;offences_affecting_the_human_body_kidnapping_and_abduction_kidnapping_and_abduction_total_col_46_col_49_to_col_55_col_45;offences_affecting_the_human_body_kidnapping_and_abduction_importation_of_girls_from_foreign_country_sec_366_b_ipc_col_54,state_ut_district;offences_affecting_the_human_body_murder_sec_302_ipc_col_3;offences_affecting_the_human_body_culpable_homicide_not_amounting_to_murder_sec_304_ipc_col_4;offences_affecting_the_human_body_causing_death_by_negligence_causing_death_by_negligence_sec_304_a_ipc_col_6_cols_9_to_12_col_5;offences_affecting_the_human_body_causing_death_by_negligence_deaths_due_to_negligence_relating_to_road_accidents_deaths_due_to_negligence_relating_to_road_accidents_total_col_7_col_8_col_6;offences_affecting_the_human_body_causing_death_by_negligence_deaths_due_to_negligence_relating_to_road_accidents_hit_and_run_col_7;offences_affecting_the_human_body_causing_death_by_negligence_deaths_due_to_negligence_relating_to_road_accidents_other_accidents_other_than_hit_and_run_col_8;offences_affecting_the_human_body_causing_death_by_negligence_deaths_due_to_negligence_relating_to_rail_accidents_col_9;offences_affecting_the_human_body_causing_death_by_negligence_deaths_due_to_medical_negligence_col_10;offences_affecting_the_human_body_causing_death_by_negligence_deaths_due_to_negligence_of_civic_bodies_col_11;offences_affecting_the_human_body_causing_death_by_negligence_deaths_due_to_other_negligence_col_12;offences_affecting_the_human_body_dowry_deaths_sec_304_b_ipc_col_13,NOT_SUITABLE,2022-only district snapshot; cannot support temporal prediction without future or prior years.
ncrb 2022\data\NCRB_District_Table_1.8.csv,1908;1923;1927;1939;1944;1946;1950;1951;1952;1954;1955;1956;1957;1959;1961;1966;1967;1971;1972;1976;1980;1982;1983;1984;1985;1986;1987;1988;1989;1994;1998;1999;2000;2003;2005;2006;2010;2012;2015;2016,970,True,True,crime_against_women_related_acts_the_dowry_prohibition_act_1961_col_3;crime_against_women_related_acts_the_immoral_traffic_prevention_act_1956_col_4;crime_against_women_related_acts_the_protection_of_women_from_domestic_violence_act_2005_col_5;crime_against_women_related_acts_the_indecent_representation_of_women_prohibition_act_2012_col_6;crime_against_women_related_acts_crime_against_women_related_acts_total_col_3_to_col_6_col_7;children_related_acts_children_related_acts_total_col_8_to_col_13_col_14;schedule_castes_and_scheduled_tribes_related_acts_scheduled_castes_and_scheduled_tribes_related_acts_total_col_15_to_col_18_col_19;offences_against_state_related_acts_offences_against_state_related_acts_total_col_20_to_col_22_col_23,state_district;crime_against_women_related_acts_the_dowry_prohibition_act_1961_col_3;crime_against_women_related_acts_the_immoral_traffic_prevention_act_1956_col_4;crime_against_women_related_acts_the_protection_of_women_from_domestic_violence_act_2005_col_5;crime_against_women_related_acts_the_indecent_representation_of_women_prohibition_act_2012_col_6;crime_against_women_related_acts_crime_against_women_related_acts_total_col_3_to_col_6_col_7;children_related_acts_the_protection_of_children_from_sexual_offences_act_2012_col_8;children_related_acts_the_juvenile_justice_care_and_protection_of_children_act_2000_2015_col_9;children_related_acts_the_prohibition_of_child_marriage_act_2006_col_10;children_related_acts_the_pre_natal_diagnostic_techniques_reg_and_prev_of_misuse_act_1994_col_11;children_related_acts_the_child_labour_prohibition_regulation_act_1986_col_12;children_related_acts_the_medical_termination_of_pregnancy_act_1971_col_13,SECONDARY_CANDIDATE,"State-level multi-year counts exist, but target semantics and available history require further review."
ncrb 2022\data\NCRB_District_Table_1.9.csv,1957;1999,970,True,True,a_offences_under_i_t_act_computer_related_offences_computer_related_offences_total_col_5_col_8_col_9_col_10_col_11_col_4;a_offences_under_i_t_act_computer_related_offences_computer_related_offences_sec_66_computer_related_offences_sec_66_total_col_6_col_7_col_5;a_offences_under_i_t_act_publication_transmission_of_obscene_sexually_explicit_act_in_electronic_form_sec_67_publication_transmission_of_obscene_sexually_explicit_act_in_electronic_form_total_col_14_15_16_17_18_col_13;a_offences_under_i_t_act_total_offences_under_i_t_act_col_3_col_4_col_12_col_13_col_19_col_20_col_21_col_22_col_23_col_24;b_offences_under_ipc_involving_communication_devices_as_medium_target_r_w_it_act_fraud_sec_420_r_w_sec_465_468_471_ipc_fraud_sec_420_r_w_sec_465_468_471_ipc_total_col_29_to_33_col_28;b_offences_under_ipc_involving_communication_devices_as_medium_target_r_w_it_act_counterfeiting_counter_feiting_total_col_39_col_40_col_38;b_offences_under_ipc_involving_communication_devices_as_medium_target_r_w_it_act_counterfeiting_currency_sec_489a_to_489e_col_39;b_offences_under_ipc_involving_communication_devices_as_medium_target_r_w_it_act_counterfeiting_stamps_sec_255_col_40,a_offences_under_i_t_act_tampering_computer_source_documents_sec_65_col_3;a_offences_under_i_t_act_computer_related_offences_computer_related_offences_total_col_5_col_8_col_9_col_10_col_11_col_4;a_offences_under_i_t_act_computer_related_offences_computer_related_offences_sec_66_computer_related_offences_sec_66_total_col_6_col_7_col_5;a_offences_under_i_t_act_computer_related_offences_computer_related_offences_sec_66_ransom_ware_col_6;a_offences_under_i_t_act_computer_related_offences_computer_related_offences_sec_66_offences_other_than_ransom_ware_col_7;a_offences_under_i_t_act_computer_related_offences_dishonestly_receiving_stolen_computer_resource_or_communication_device_sec_66b_col_8;a_offences_under_i_t_act_computer_related_offences_identity_theft_sec_66c_col_9;a_offences_under_i_t_act_computer_related_offences_cheating_by_personation_by_using_computer_resource_sec_66d_col_10;a_offences_under_i_t_act_computer_related_offences_violation_of_privacy_sec_66e_col_11;a_offences_under_i_t_act_cyber_terrorism_sec_66_f_col_12;a_offences_under_i_t_act_publication_transmission_of_obscene_sexually_explicit_act_in_electronic_form_sec_67_publication_transmission_of_obscene_sexually_explicit_act_in_electronic_form_total_col_14_15_16_17_18_col_13;a_offences_under_i_t_act_publication_transmission_of_obscene_sexually_explicit_act_in_electronic_form_sec_67_publishing_or_transmitting_obscene_material_in_electronic_form_col_14,SECONDARY_CANDIDATE,"State-level multi-year counts exist, but target semantics and available history require further review."
ncrb 2022\data\NCRB_Table_1.1_i.csv,2022,16,False,False,,type_of_complaint;type_of_sub_complaint;number_of_complaints;number_of_firs_registered;number_of_online_efir_registered,NOT_SUITABLE,Insufficient historical years for a defensible temporal ML task.
ncrb 2022\data\NCRB_Table_1.1_ii.csv,2020;2021;2022,3,False,False,crime_incidence_ipc;crime_incidence_sll;crime_incidence_total;crime_rate_ipc;crime_rate_sll;crime_rate_total;percentage_of_ipc_crimes_to_total_cognizable_crimes,mid_year_projected_population_in_lakhs;crime_incidence_ipc;crime_incidence_sll;crime_incidence_total;crime_rate_ipc;crime_rate_sll;crime_rate_total;percentage_of_ipc_crimes_to_total_cognizable_crimes,NOT_SUITABLE,"Multi-year columns exist, but there is no compatible state/district panel key."
ncrb 2022\data\NCRB_Table_1.2.csv,2020;2021;2022,142,False,False,crime_head;2020_cases;2020_crime_rate;2021_cases;2021_crime_rate;2022_cases;2022_crime_rate;2022_percentage_share_in_ipc_crimes,crime_head;2020_cases;2020_crime_rate;2021_cases;2021_crime_rate;2022_cases;2022_crime_rate;2022_percentage_share_in_ipc_crimes,NOT_SUITABLE,"Multi-year columns exist, but there is no compatible state/district panel key."
ncrb 2022\data\NCRB_Table_1.3.csv,2020;2021;2022,91,False,False,crime_head;2020_cases;2020_crime_rate;2021_cases;2021_crime_rate;2022_cases;2022_crime_rate;2022_percentage_share_in_sll_crimes,crime_head;2020_cases;2020_crime_rate;2021_cases;2021_crime_rate;2022_cases;2022_crime_rate;2022_percentage_share_in_sll_crimes,NOT_SUITABLE,"Multi-year columns exist, but there is no compatible state/district panel key."
ncrb 2022\data\NCRB_Table_10A.1.csv,2020;2021;2022,39,True,False,offences_against_state_count_2020;offences_against_state_count_2021;offences_against_state_count_2022,lag_2020_count;lag_2021_count;population_2022_lakhs,LIMITED_CANDIDATE,"39 states have annual counts for 2020-2022. The 2022 count can be defined from prior-year counts and population, but only one future year is available per state, so this is suitable for feature-engineering demonstration only."
ncrb 2022\data\NCRB_Table_10A.2.csv,2022,39,True,False,offences_against_state_total_offences;offences_against_state_total,sl;offences_against_state_total_offences;offences_against_state_sedition_section_124a_ipc;offences_against_state_others_section_121_123_ipc;imputation_assertions_prejudicial_to_national_integration;the_prevention_of_damage_to_public_property_act;the_unlawful_activities_p_act;the_official_secrets_act;offences_against_state_total,NOT_SUITABLE,Insufficient historical years for a defensible temporal ML task.
ncrb 2022\data\NCRB_Table_10A.3.csv,2022,8,True,False,crime_head;cases_pending_investigation_from_previous_year_col_3;cases_reported_during_the_year_col_4;cases_reopened_for_investigation_col_5;total_cases_for_investigation_col_3_col_4_col_5_col_6;cases_not_investigated_under_157_1_b_crpc_col_7;cases_transferred_to_other_state_or_agency_col_8;cases_withdrawn_by_the_govt_during_investigation_col_9,crime_head;cases_pending_investigation_from_previous_year_col_3;cases_reported_during_the_year_col_4;cases_reopened_for_investigation_col_5;total_cases_for_investigation_col_3_col_4_col_5_col_6;cases_not_investigated_under_157_1_b_crpc_col_7;cases_transferred_to_other_state_or_agency_col_8;cases_withdrawn_by_the_govt_during_investigation_col_9;final_report_cases_ended_as_fr_non_cognizable_col_10;final_report_cases_ended_as_final_report_false_col_11;final_report_cases_ended_as_mistake_of_fact_or_of_law_or_civil_dispute_col_12;final_report_cases_true_but_insufficient_evidence_or_untraced_or_no_clue_col_13,NOT_SUITABLE,Insufficient historical years for a defensible temporal ML task.
ncrb 2022\data\NCRB_Table_10A.4.csv,2022,39,True,False,cases_pending_investigation_from_previous_year_col_3;cases_reported_during_the_year_col_4;cases_reopened_for_investigation_col_5;total_cases_for_investigation_col_3_col_4_col_5_col_6;cases_not_investigated_under_157_1_b_crpc_col_7;cases_transferred_to_other_state_or_agency_col_8;cases_withdrawn_by_the_govt_during_investigation_col_9;final_report_cases_ended_as_fr_non_cognizable_col_10,city;cases_pending_investigation_from_previous_year_col_3;cases_reported_during_the_year_col_4;cases_reopened_for_investigation_col_5;total_cases_for_investigation_col_3_col_4_col_5_col_6;cases_not_investigated_under_157_1_b_crpc_col_7;cases_transferred_to_other_state_or_agency_col_8;cases_withdrawn_by_the_govt_during_investigation_col_9;final_report_cases_ended_as_fr_non_cognizable_col_10;final_report_cases_ended_as_final_report_false_col_11;final_report_cases_ended_as_mistake_of_fact_or_of_law_or_civil_dispute_col_12;final_report_cases_true_but_insufficient_evidence_or_untraced_or_no_clue_col_13,NOT_SUITABLE,Insufficient historical years for a defensible temporal ML task.
ncrb 2022\data\NCRB_Table_10A.5.csv,2022,8,False,False,crime_head;cases_pending_trial_from_the_previous_year_col_3;cases_sent_for_trial_during_the_year_col_4;total_cases_for_trial_col_3_col_4_col_5;cases_abated_by_court_col_6;cases_withdrawn_from_prosecution_col_7;cases_compounded_or_compromised_col_8;cases_disposed_off_by_plea_bargaining_col_9,crime_head;cases_pending_trial_from_the_previous_year_col_3;cases_sent_for_trial_during_the_year_col_4;total_cases_for_trial_col_3_col_4_col_5;cases_abated_by_court_col_6;cases_withdrawn_from_prosecution_col_7;cases_compounded_or_compromised_col_8;cases_disposed_off_by_plea_bargaining_col_9;cases_quashed_col_10;cases_disposed_off_without_trial_col_6_col_7_col_8_col_9_col_10_col_11;cases_stayed_or_sent_to_record_room_col_12;cases_convicted_out_of_cases_from_previous_year_col_13,NOT_SUITABLE,Insufficient historical years for a defensible temporal ML task.
ncrb 2022\data\NCRB_Table_10A.6.csv,2022,39,False,False,cases_pending_trial_from_the_previous_year_col_3;cases_sent_for_trial_during_the_year_col_4;total_cases_for_trial_col_3_col_4_col_5;cases_abated_by_court_col_6;cases_withdrawn_from_prosecution_col_7;cases_compounded_or_compromised_col_8;cases_disposed_off_by_plea_bargaining_col_9;cases_quashed_col_10,city;cases_pending_trial_from_the_previous_year_col_3;cases_sent_for_trial_during_the_year_col_4;total_cases_for_trial_col_3_col_4_col_5;cases_abated_by_court_col_6;cases_withdrawn_from_prosecution_col_7;cases_compounded_or_compromised_col_8;cases_disposed_off_by_plea_bargaining_col_9;cases_quashed_col_10;cases_disposed_off_without_trial_col_6_col_7_col_8_col_9_col_10_col_11;cases_stayed_or_sent_to_record_room_col_12;cases_convicted_out_of_cases_from_previous_year_col_13,NOT_SUITABLE,Insufficient historical years for a defensible temporal ML task.
ncrb 2022\data\NCRB_Table_10A.7.csv,2022,8,False,False,crime_head;persons_arrested_total;persons_chargesheeted_total;persons_convicted_total;persons_discharged_total;persons_acquitted_total,crime_head;persons_arrested_male;persons_arrested_female;persons_arrested_transgender;persons_arrested_total;persons_chargesheeted_male;persons_chargesheeted_female;persons_chargesheeted_transgender;persons_chargesheeted_total;persons_convicted_male;persons_convicted_female;persons_convicted_transgender,NOT_SUITABLE,Insufficient historical years for a defensible temporal ML task.
ncrb 2022\data\NCRB_Table_10A.8.csv,2022,39,True,False,persons_arrested_total;persons_charge_sheeted_total;persons_convicted_total;persons_discharged_total;persons_acquitted_total,persons_arrested_male;persons_arrested_female;persons_arrested_transgender;persons_arrested_total;persons_charge_sheeted_male;persons_charge_sheeted_female;persons_charge_sheeted_transgender;persons_charge_sheeted_total;persons_convicted_male;persons_convicted_female;persons_convicted_transgender;persons_convicted_total,NOT_SUITABLE,Insufficient historical years for a defensible temporal ML task.
ncrb 2022\data\NCRB_Table_10B.1.csv,1908;1959;1967;1984;2000,39,True,False,ipc_crimes_murder_sec_302_ipc;ipc_crimes_attempt_to_commit_murder_sec_307_ipc;ipc_crimes_hurt_grievous_hurt_sec_324_325_326_ipc;ipc_crimes_kidnapping_and_abduction_sec_363_369_ipc;ipc_crimes_rape_sec_376_ipc;ipc_crimes_theft_sec_379_ipc;ipc_crimes_extortion_sec_384_389_ipc;ipc_crimes_loot_robbery_dacoity_sec_392_398_ipc,ipc_crimes_murder_sec_302_ipc;ipc_crimes_attempt_to_commit_murder_sec_307_ipc;ipc_crimes_hurt_grievous_hurt_sec_324_325_326_ipc;ipc_crimes_kidnapping_and_abduction_sec_363_369_ipc;ipc_crimes_rape_sec_376_ipc;ipc_crimes_theft_sec_379_ipc;ipc_crimes_extortion_sec_384_389_ipc;ipc_crimes_loot_robbery_dacoity_sec_392_398_ipc;ipc_crimes_arson_sec_435_436_438_ipc;ipc_crimes_criminal_intimidation_threatening_sec_506_ipc_r_w_other_ipc;ipc_crimes_offences_against_state_sec_121_12_1a_122_123_124a_ipc;other_ipc_crimes,SECONDARY_CANDIDATE,"State-level multi-year counts exist, but target semantics and available history require further review."
ncrb 2022\data\NCRB_Table_10B.2.csv,1908;1959;1967;1984;2000,39,True,False,other_ipc_crimes;sll_crimes_the_arms_act_1959;sll_crimes_the_unlawful_activities_p_act_1967;sll_crimes_the_explosives_and_explosive_substances_act_1884_1908;sll_crimes_the_prevention_of_damage_to_public_property_act_1984;sll_crimes_the_information_technology_act_cyber_terrorism_2000;sll_crimes_other_sll_crimes;total_crimes_committed_by_lwes,other_ipc_crimes;sll_crimes_the_arms_act_1959;sll_crimes_the_unlawful_activities_p_act_1967;sll_crimes_the_explosives_and_explosive_substances_act_1884_1908;sll_crimes_the_prevention_of_damage_to_public_property_act_1984;sll_crimes_the_information_technology_act_cyber_terrorism_2000;sll_crimes_other_sll_crimes;total_crimes_committed_by_lwes,SECONDARY_CANDIDATE,"State-level multi-year counts exist, but target semantics and available history require further review."
ncrb 2022\data\NCRB_Table_10B.3.csv,1908;1959;1967;1984;2000,39,True,False,ipc_crimes_murder_sec_302_ipc;ipc_crimes_attempt_to_commit_murder_sec_307_ipc;ipc_crimes_hurt_grievous_hurt_sec_324_325_326_ipc;ipc_crimes_kidnapping_and_abduction_sec_363_369_ipc;ipc_crimes_rape_sec_376_ipc;ipc_crimes_theft_sec_379_ipc;ipc_crimes_extortion_sec_384_389_ipc;ipc_crimes_loot_robbery_dacoity_sec_392_398_ipc,ipc_crimes_murder_sec_302_ipc;ipc_crimes_attempt_to_commit_murder_sec_307_ipc;ipc_crimes_hurt_grievous_hurt_sec_324_325_326_ipc;ipc_crimes_kidnapping_and_abduction_sec_363_369_ipc;ipc_crimes_rape_sec_376_ipc;ipc_crimes_theft_sec_379_ipc;ipc_crimes_extortion_sec_384_389_ipc;ipc_crimes_loot_robbery_dacoity_sec_392_398_ipc;ipc_crimes_arson_sec_435_436_438_ipc;ipc_crimes_criminal_intimidation_threatening_sec_506_ipc_r_w_other_ipc;ipc_crimes_offences_against_state_sec_121_12_1a_122_123_124a_ipc;other_ipc_crimes,SECONDARY_CANDIDATE,"State-level multi-year counts exist, but target semantics and available history require further review."
ncrb 2022\data\NCRB_Table_10B.4.csv,2022,5,True,False,cases_registered_relating_to_attacks;number_of_incidents_attacks_total_incidents_of_attacks;casualty_in_death_of_civilians_total_civilians;casualty_in_death_of_police_state_army_personnel_total;civilians_injured_total_civilians;police_state_army_personnel_injured_total,attackers;cases_registered_relating_to_attacks;number_of_incidents_attacks_on_ps_or_camp;number_of_incidents_attacks_on_railway_track_or_infrastructure;number_of_incidents_attacks_on_telephone_exchange_or_tower;number_of_incidents_attacks_on_school_buildings_govt_pvt;number_of_incidents_attacks_on_economic_establishments_govt_pvt;number_of_incidents_attacks_attack_on_other_establishments;number_of_incidents_attacks_total_incidents_of_attacks;casualty_in_death_of_civilians_civilians;casualty_in_death_of_civilians_informers;casualty_in_death_of_civilians_total_civilians,NOT_SUITABLE,Insufficient historical years for a defensible temporal ML task.
ncrb 2022\data\NCRB_Table_10B.5_i.csv,2022,14,False,False,,arm_type;number_of_arms;ammunition,NOT_SUITABLE,Insufficient historical years for a defensible temporal ML task.
ncrb 2022\data\NCRB_Table_10B.5_ii.csv,2022,10,False,False,,item;number_of_items,NOT_SUITABLE,Insufficient historical years for a defensible temporal ML task.
ncrb 2022\data\NCRB_Table_10B.5_iii.csv,2022,12,False,False,,item;number_of_items,NOT_SUITABLE,Insufficient historical years for a defensible temporal ML task.
ncrb 2022\data\NCRB_Table_11.1.csv,2020;2021;2022,39,True,False,,2020;2021;2022;midnayear_projected_population_in_lakhs;rate_of_environment_offences_2022;chargesheeting_rate_2022,SECONDARY_CANDIDATE,"State-level multi-year counts exist, but target semantics and available history require further review."
ncrb 2022\data\NCRB_Table_11.2.csv,1972;1974;1981;1986;2003;2010,39,True,False,environment_related_acts_total,the_forest_act_the_forest_conservation_act;the_wildlife_protection_act_1972;the_environmental_protection_act_1986;the_air_1981_the_water_prevention_control_of_pollution_act_1974;the_cigarette_and_other_tobacco_products_act_2003;noise_pollution_acts_state_central;the_national_green_tribunal_act_2010;environment_related_acts_total,SECONDARY_CANDIDATE,"State-level multi-year counts exist, but target semantics and available history require further review."
ncrb 2022\data\NCRB_Table_11.3.csv,2022,8,True,False,crime_head;cases_pending_investigation_from_previous_year_col_3;cases_reported_during_the_year_col_4;cases_reopened_for_investigation_col_5;total_cases_for_investigation_col_3_col_4_col_5_col_6;cases_not_investigated_under_157_1_b_crpc_col_7;cases_transferred_to_other_state_or_agency_col_8;cases_withdrawn_by_the_govt_during_investigation_col_9,crime_head;cases_pending_investigation_from_previous_year_col_3;cases_reported_during_the_year_col_4;cases_reopened_for_investigation_col_5;total_cases_for_investigation_col_3_col_4_col_5_col_6;cases_not_investigated_under_157_1_b_crpc_col_7;cases_transferred_to_other_state_or_agency_col_8;cases_withdrawn_by_the_govt_during_investigation_col_9;final_report_cases_ended_as_fr_non_cognizable_col_10;final_report_cases_ended_as_final_report_false_col_11;final_report_cases_ended_as_mistake_of_fact_or_of_law_or_civil_dispute_col_12;final_report_cases_true_but_insufficient_evidence_or_untraced_or_no_clue_col_13,NOT_SUITABLE,Insufficient historical years for a defensible temporal ML task.
ncrb 2022\data\NCRB_Table_11.4.csv,2022,39,True,False,cases_pending_investigation_from_previous_year_col_3;cases_reported_during_the_year_col_4;cases_reopened_for_investigation_col_5;total_cases_for_investigation_col_3_col_4_col_5_col_6;cases_not_investigated_under_157_1_b_crpc_col_7;cases_transferred_to_other_state_or_agency_col_8;cases_withdrawn_by_the_govt_during_investigation_col_9;final_report_cases_ended_as_fr_non_cognizable_col_10,cases_pending_investigation_from_previous_year_col_3;cases_reported_during_the_year_col_4;cases_reopened_for_investigation_col_5;total_cases_for_investigation_col_3_col_4_col_5_col_6;cases_not_investigated_under_157_1_b_crpc_col_7;cases_transferred_to_other_state_or_agency_col_8;cases_withdrawn_by_the_govt_during_investigation_col_9;final_report_cases_ended_as_fr_non_cognizable_col_10;final_report_cases_ended_as_final_report_false_col_11;final_report_cases_ended_as_mistake_of_fact_or_of_law_or_civil_dispute_col_12;final_report_cases_true_but_insufficient_evidence_or_untraced_or_no_clue_col_13;final_report_cases_abated_during_investigation_col_14,NOT_SUITABLE,Insufficient historical years for a defensible temporal ML task.
ncrb 2022\data\NCRB_Table_11.5.csv,2022,8,False,False,crime_head;cases_pending_trial_from_the_previous_year_col_3;cases_sent_for_trial_during_the_year_col_4;total_cases_for_trial_col_3_col_4_col_5;cases_abated_by_court_col_6;cases_withdrawn_from_prosecution_col_7;cases_compounded_or_compromised_col_8;cases_disposed_off_by_plea_bargaining_col_9,crime_head;cases_pending_trial_from_the_previous_year_col_3;cases_sent_for_trial_during_the_year_col_4;total_cases_for_trial_col_3_col_4_col_5;cases_abated_by_court_col_6;cases_withdrawn_from_prosecution_col_7;cases_compounded_or_compromised_col_8;cases_disposed_off_by_plea_bargaining_col_9;cases_quashed_col_10;cases_disposed_off_without_trial_col_6_col_7_col_8_col_9_col_10_col_11;cases_stayed_or_sent_to_record_room_col_12;cases_convicted_out_of_cases_from_previous_year_col_13,NOT_SUITABLE,Insufficient historical years for a defensible temporal ML task.
ncrb 2022\data\NCRB_Table_11.6.csv,2022,39,True,False,cases_pending_trial_from_the_previous_year_col_3;cases_sent_for_trial_during_the_year_col_4;total_cases_for_trial_col_3_col_4_col_5;cases_abated_by_court_col_6;cases_withdrawn_from_prosecution_col_7;cases_compounded_or_compromised_col_8;cases_disposed_off_by_plea_bargaining_col_9;cases_quashed_col_10,cases_pending_trial_from_the_previous_year_col_3;cases_sent_for_trial_during_the_year_col_4;total_cases_for_trial_col_3_col_4_col_5;cases_abated_by_court_col_6;cases_withdrawn_from_prosecution_col_7;cases_compounded_or_compromised_col_8;cases_disposed_off_by_plea_bargaining_col_9;cases_quashed_col_10;cases_disposed_off_without_trial_col_6_col_7_col_8_col_9_col_10_col_11;cases_stayed_or_sent_to_record_room_col_12;cases_convicted_out_of_cases_from_previous_year_col_13;cases_convicted_out_of_cases_during_the_year_col_14,NOT_SUITABLE,Insufficient historical years for a defensible temporal ML task.
ncrb 2022\data\NCRB_Table_11.7.csv,2022,8,False,False,crime_head;persons_arrested_total;persons_chargesheeted_total;persons_convicted_total;persons_discharged_total;persons_acquitted_total,crime_head;persons_arrested_male;persons_arrested_female;persons_arrested_transgender;persons_arrested_total;persons_chargesheeted_male;persons_chargesheeted_female;persons_chargesheeted_transgender;persons_chargesheeted_total;persons_convicted_male;persons_convicted_female;persons_convicted_transgender,NOT_SUITABLE,Insufficient historical years for a defensible temporal ML task.
ncrb 2022\data\NCRB_Table_11.8.csv,2022,39,True,False,persons_arrested_total;persons_charge_sheeted_total;persons_convicted_total;persons_discharged_total;persons_acquitted_total,persons_arrested_male;persons_arrested_female;persons_arrested_transgender;persons_arrested_total;persons_charge_sheeted_male;persons_charge_sheeted_female;persons_charge_sheeted_transgender;persons_charge_sheeted_total;persons_convicted_male;persons_convicted_female;persons_convicted_transgender;persons_convicted_total,NOT_SUITABLE,Insufficient historical years for a defensible temporal ML task.
ncrb 2022\data\NCRB_Table_12A.1.csv,2020;2021;2022,24,True,False,rate_of_crime_registered_in_grp_2022,2020;2021;2022;mid_year_projected_population_2022;rate_of_crime_registered_in_grp_2022,SECONDARY_CANDIDATE,"State-level multi-year counts exist, but target semantics and available history require further review."
ncrb 2022\data\NCRB_Table_12A.2.csv,2022,24,True,False,offences_affecting_the_human_body_offences_affecting_the_human_body_total;offences_against_public_tranquility_offences_against_public_tranquility_total;offences_against_property_offences_against_property_total;offences_relating_to_documents_property_marks_counterfeiting_section_231_235_237_238_240_242_254_ipc;offences_relating_to_documents_property_marks_offences_relating_to_documents_property_marks_total;miscellaneous_ipc_crimes_offences_relating_to_elections_section_171e_to_171i_r_w_ipc_sll;miscellaneous_ipc_crimes_disobedience_to_order_duly_promulgated_by_public_servant_section_188_ipc;miscellaneous_ipc_crimes_offences_relating_to_adulteration_or_sale_of_food_drugs_section_272_276_ipc,offences_affecting_the_human_body_murder_section_302_ipc;offences_affecting_the_human_body_culpable_homicide_not_amounting_to_murder_section_304_ipc;offences_affecting_the_human_body_causing_death_by_negligence_section_304a_ipc;offences_affecting_the_human_body_dowry_deaths_section_304b_ipc;offences_affecting_the_human_body_abetment_of_suicide_section_305_306_ipc;offences_affecting_the_human_body_attempt_to_commit_murder_section_307_ipc;offences_affecting_the_human_body_attempt_to_commit_suicide_section_309_ipc;offences_affecting_the_human_body_miscarriage_infanticide_foeticide_and_abandonment_section_313_317_ipc;offences_affecting_the_human_body_hurt;offences_affecting_the_human_body_wrongful_restraint_confinement_section_341_348_ipc;offences_affecting_the_human_body_assault_on_women_with_intent_to_outrage_her_modesty_section_354_ipc;offences_affecting_the_human_body_kidnapping_and_abduction_section_363_369_ipc,NOT_SUITABLE,Insufficient historical years for a defensible temporal ML task.
ncrb 2022\data\NCRB_Table_12A.3.csv,1961,24,True,False,crime_against_women_related_acts_the_dowry_prohibition_act_1961;crime_against_women_related_acts_crime_against_women_related_acts;offences_against_state_related_acts_offences_against_state_total;other_regulatory_and_enforcement_acts_other_regulatory_and_enforcement_acts_total;other_sll_crimes;total_cognizable_sll_crimes,crime_against_women_related_acts_the_dowry_prohibition_act_1961;crime_against_women_related_acts_crime_against_women_related_acts;children_related_acts_the_protection_of_children_from_sexual_offences_act;children_related_acts_the_juvenile_justice_care_and_protection_of_children_act;children_related_acts_the_child_labour_prohibition_regulation_act;children_related_acts;scheduled_castes_and_scheduled_tribes_related_acts_the_sc_st_prevention_of_atrocities_act_against_scs;scheduled_castes_and_scheduled_tribes_related_acts_the_sc_st_prevention_of_atrocities_act_against_sts;scheduled_castes_and_scheduled_tribes_related_acts_scheduled_castes_and_scheduled_tribes_related_acts;offences_against_state_related_acts_the_prevention_of_damage_to_public_property_act;offences_against_state_related_acts_the_unlawful_activities_p_act;offences_against_state_related_acts_offences_against_state_total,NOT_SUITABLE,Insufficient historical years for a defensible temporal ML task.
ncrb 2022\data\NCRB_Table_12B.1.csv,2020;2021;2022,39,True,False,rate_of_cognizable_crimes_2022,2020;2021;2022;mid_year_projected_population_2022;rate_of_cognizable_crimes_2022,SECONDARY_CANDIDATE,"State-level multi-year counts exist, but target semantics and available history require further review."
ncrb 2022\data\NCRB_Table_12B.2.csv,2022,39,True,False,rp_up_act_cases_registered;rp_up_act_cases_charge_sheeted;rp_up_act_cases_convicted;indian_railways_act_cases_registered;indian_railways_act_cases_charge_sheeted;indian_railways_act_cases_convicted;total_indian_railways_act_rp_up_act_cases_registered;total_indian_railways_act_rp_up_act_persons_arrested,rp_up_act_cases_registered;rp_up_act_persons_arrested;rp_up_act_cases_charge_sheeted;rp_up_act_persons_charge_sheeted;rp_up_act_cases_convicted;rp_up_act_persons_convicted;indian_railways_act_cases_registered;indian_railways_act_persons_arrested;indian_railways_act_cases_charge_sheeted;indian_railways_act_persons_charge_sheeted;indian_railways_act_cases_convicted;indian_railways_act_persons_convicted,NOT_SUITABLE,Insufficient historical years for a defensible temporal ML task.
ncrb 2022\data\NCRB_Table_13A.1.csv,2020;2021;2022,39,True,False,,2020;2021;2022;chargesheeting_rate_2022,SECONDARY_CANDIDATE,"State-level multi-year counts exist, but target semantics and available history require further review."
ncrb 2022\data\NCRB_Table_13A.2.csv,2022,22,False,False,crime_head_col_2;cases_of_crimes_committed_against_foreign_tourists_col_3;cases_of_crimes_committed_against_other_foreigners_col_4;cases_of_crimes_committed_against_total_foreigners_col_3_col_4_col_5,sl_no_col_1;crime_head_col_2;cases_of_crimes_committed_against_foreign_tourists_col_3;cases_of_crimes_committed_against_other_foreigners_col_4;cases_of_crimes_committed_against_total_foreigners_col_3_col_4_col_5,NOT_SUITABLE,Insufficient historical years for a defensible temporal ML task.
ncrb 2022\data\NCRB_Table_13A.3.csv,2022,41,True,False,crime_head_col_2;cases_pending_investigation_from_previous_year_col_3;cases_reported_during_the_year_col_4;cases_reopened_for_investigation_col_5;total_cases_for_investigation_col_3_col_4_col_5_col_6;cases_not_investigated_under_157_1_b_crpc_col_7;cases_transferred_to_other_state_or_agency_col_8;cases_withdrawn_by_the_govt_during_investigation_col_9,sl_no_col_1;crime_head_col_2;cases_pending_investigation_from_previous_year_col_3;cases_reported_during_the_year_col_4;cases_reopened_for_investigation_col_5;total_cases_for_investigation_col_3_col_4_col_5_col_6;cases_not_investigated_under_157_1_b_crpc_col_7;cases_transferred_to_other_state_or_agency_col_8;cases_withdrawn_by_the_govt_during_investigation_col_9;final_report_cases_ended_as_fr_non_cognizable_col_10;final_report_cases_ended_as_final_report_false_col_11;final_report_cases_ended_as_mistake_of_fact_or_of_law_or_civil_dispute_col_12,NOT_SUITABLE,Insufficient historical years for a defensible temporal ML task.
ncrb 2022\data\NCRB_Table_13A.4.csv,2022,41,False,False,crime_head_col_2;cases_pending_trial_from_the_previous_year_col_3;cases_sent_for_trial_during_the_year_col_4;total_cases_for_trial_col_3_col_4_col_5;cases_abated_by_court_col_6;cases_withdrawn_from_prosecution_col_7;cases_compounded_or_compromised_col_8;cases_disposed_off_by_plea_bargaining_col_9,sl_no_col_1;crime_head_col_2;cases_pending_trial_from_the_previous_year_col_3;cases_sent_for_trial_during_the_year_col_4;total_cases_for_trial_col_3_col_4_col_5;cases_abated_by_court_col_6;cases_withdrawn_from_prosecution_col_7;cases_compounded_or_compromised_col_8;cases_disposed_off_by_plea_bargaining_col_9;cases_quashed_col_10;cases_disposed_off_without_trial_col_6_col_7_col_8_col_9_col_10_col_11;cases_stayed_or_sent_to_record_room_col_12,NOT_SUITABLE,Insufficient historical years for a defensible temporal ML task.
ncrb 2022\data\NCRB_Table_13A.5.csv,2022,41,False,False,crime_head;persons_arrested_total;persons_chargesheeted_total;persons_convicted_total;persons_discharged_total;persons_acquitted_total,crime_head;persons_arrested_male;persons_arrested_female;persons_arrested_transgender;persons_arrested_total;persons_chargesheeted_male;persons_chargesheeted_female;persons_chargesheeted_transgender;persons_chargesheeted_total;persons_convicted_male;persons_convicted_female;persons_convicted_transgender,NOT_SUITABLE,Insufficient historical years for a defensible temporal ML task.
ncrb 2022\data\NCRB_Table_13A.6.csv,2022,20,False,False,crime_head;other_saarc_countries;other_asian_countries;other_european_countries;other_north_american_countries;other_south_american_countries;other_australian_countries;other_african_countries,crime_head;afghanistan;bangladesh;nepal;pakistan;sri_lanka;other_saarc_countries;china;israel;iran;iraq;japan,NOT_SUITABLE,Insufficient historical years for a defensible temporal ML task.
ncrb 2022\data\NCRB_Table_13B.1.csv,2020;2021;2022,39,True,False,,2020;2021;2022;chargesheeting_rate_2022,SECONDARY_CANDIDATE,"State-level multi-year counts exist, but target semantics and available history require further review."
ncrb 2022\data\NCRB_Table_13B.2.csv,1939;1946;1957;1959;1967;1985;1998;2000;2012,39,True,False,indian_penal_code_cases_murder_sec_302_indian_penal_code;indian_penal_code_cases_attempt_to_commit_murder_sec_307_indian_penal_code;indian_penal_code_cases_culpable_homicide_not_amounting_to_murder_sec_304_indian_penal_code;indian_penal_code_cases_hurt_section_323_324_indian_penal_code;indian_penal_code_cases_grievous_hurt_sec_325_326_indian_penal_code;indian_penal_code_cases_kidnapping_and_abduction_sec_363_369_indian_penal_code;indian_penal_code_cases_human_trafficking_sec_370_indian_penal_code;indian_penal_code_cases_rape_sec_376_indian_penal_code,indian_penal_code_cases_murder_sec_302_indian_penal_code;indian_penal_code_cases_attempt_to_commit_murder_sec_307_indian_penal_code;indian_penal_code_cases_culpable_homicide_not_amounting_to_murder_sec_304_indian_penal_code;indian_penal_code_cases_hurt_section_323_324_indian_penal_code;indian_penal_code_cases_grievous_hurt_sec_325_326_indian_penal_code;indian_penal_code_cases_kidnapping_and_abduction_sec_363_369_indian_penal_code;indian_penal_code_cases_human_trafficking_sec_370_indian_penal_code;indian_penal_code_cases_rape_sec_376_indian_penal_code;indian_penal_code_cases_unnatural_offences_sec_377_indian_penal_code;indian_penal_code_cases_theft_section_379_indian_penal_code;indian_penal_code_cases_extortion_sec_384_389_indian_penal_code;indian_penal_code_cases_robbery_sec_392_394_397_indian_penal_code,SECONDARY_CANDIDATE,"State-level multi-year counts exist, but target semantics and available history require further review."
ncrb 2022\data\NCRB_Table_13B.3.csv,2022,28,True,False,crime_head_col_2;cases_pending_investigation_from_previous_year_col_3;cases_reported_during_the_year_col_4;cases_reopened_for_investigation_col_5;total_cases_for_investigation_col_3_col_4_col_5_col_6;cases_not_investigated_under_157_1_b_crpc_col_7;cases_transferred_to_other_state_or_agency_col_8;cases_withdrawn_by_the_govt_during_investigation_col_9,sl_no_col_1;crime_head_col_2;cases_pending_investigation_from_previous_year_col_3;cases_reported_during_the_year_col_4;cases_reopened_for_investigation_col_5;total_cases_for_investigation_col_3_col_4_col_5_col_6;cases_not_investigated_under_157_1_b_crpc_col_7;cases_transferred_to_other_state_or_agency_col_8;cases_withdrawn_by_the_govt_during_investigation_col_9;final_report_cases_ended_as_fr_non_cognizable_col_10;final_report_cases_ended_as_final_report_false_col_11;final_report_cases_ended_as_mistake_of_fact_or_of_law_or_civil_dispute_col_12,NOT_SUITABLE,Insufficient historical years for a defensible temporal ML task.
ncrb 2022\data\NCRB_Table_13B.4.csv,2022,28,False,False,crime_head_col_2;cases_pending_trial_from_the_previous_year_col_3;cases_sent_for_trial_during_the_year_col_4;total_cases_for_trial_col_3_col_4_col_5;cases_abated_by_court_col_6;cases_withdrawn_from_prosecution_col_7;cases_compounded_or_compromised_col_8;cases_disposed_off_by_plea_bargaining_col_9,sl_no_col_1;crime_head_col_2;cases_pending_trial_from_the_previous_year_col_3;cases_sent_for_trial_during_the_year_col_4;total_cases_for_trial_col_3_col_4_col_5;cases_abated_by_court_col_6;cases_withdrawn_from_prosecution_col_7;cases_compounded_or_compromised_col_8;cases_disposed_off_by_plea_bargaining_col_9;cases_quashed_col_10;cases_disposed_off_without_trial_col_6_col_7_col_8_col_9_col_10_col_11;cases_stayed_or_sent_to_record_room_col_12,NOT_SUITABLE,Insufficient historical years for a defensible temporal ML task.
ncrb 2022\data\NCRB_Table_13B.5.csv,2022,28,False,False,crime_head;persons_arrested_total;persons_chargesheeted_total;persons_convicted_total;persons_discharged_total;persons_acquitted_total,crime_head;persons_arrested_male;persons_arrested_female;persons_arrested_transgender;persons_arrested_total;persons_chargesheeted_male;persons_chargesheeted_female;persons_chargesheeted_transgender;persons_chargesheeted_total;persons_convicted_male;persons_convicted_female;persons_convicted_transgender,NOT_SUITABLE,Insufficient historical years for a defensible temporal ML task.
ncrb 2022\data\NCRB_Table_13B.6.csv,2022,28,False,False,crime_head;other_saarc_countries;other_asian_countries;other_european_countries;other_north_american_countries;other_south_american_countries;other_australian_countries;other_african_countries,crime_head;afghanistan;bangladesh;nepal;pakistan;sri_lanka;other_saarc_countries;china;israel;iran;iraq;japan,NOT_SUITABLE,Insufficient historical years for a defensible temporal ML task.
ncrb 2022\data\NCRB_Table_14.1.csv,2020;2021;2022,39,True,False,cases_reported_2020;cases_reported_2021;cases_reported_2022;rate_of_cognizable_crimes_ipc,cases_reported_2020;cases_reported_2021;cases_reported_2022;mid_year_projected_population_in_lakhs;rate_of_cognizable_crimes_ipc;chargesheeting_rate,SECONDARY_CANDIDATE,"State-level multi-year counts exist, but target semantics and available history require further review."
ncrb 2022\data\NCRB_Table_14.2.csv,2022,39,True,False,below_18_years_total;above_18_years_total;total_male;total_female;total,below_18_years_male;below_18_years_female;below_18_years_total;above_18_years_male;above_18_years_female;above_18_years_total;total_male;total_female;total,NOT_SUITABLE,Insufficient historical years for a defensible temporal ML task.
ncrb 2022\data\NCRB_Table_14.3.csv,2022,39,True,False,below_18_years_total;above_18_years_total;total_male;total_female;total,below_18_years_male;below_18_years_female;below_18_years_total;above_18_years_male;above_18_years_female;above_18_years_total;total_male;total_female;total,NOT_SUITABLE,Insufficient historical years for a defensible temporal ML task.
ncrb 2022\data\NCRB_Table_14.4.csv,2022,40,True,False,indian_total;sri_lanka_total;nepal_total;bangladesh_total;others_total;total_male;total_female;total,states_uts;indian_male;indian_female;indian_total;sri_lanka_male;sri_lanka_female;sri_lanka_total;nepal_male;nepal_female;nepal_total;bangladesh_male;bangladesh_female,NOT_SUITABLE,Insufficient historical years for a defensible temporal ML task.
ncrb 2022\data\NCRB_Table_14.5.csv,2022,39,True,False,petty_crimes;total_persons,states_uts;forced_labour;sexual_exploitation_for_prostitution;other_forms_of_sexual_exploitation;domestic_servitude;forced_marriage;petty_crimes;child_pornography;begging;drug_peddling;removal_of_organs;other_reasons,NOT_SUITABLE,Insufficient historical years for a defensible temporal ML task.
ncrb 2022\data\NCRB_Table_14.6.csv,2022,39,True,False,total_number_of_cases_reported_col_3;disposal_by_police_cases_charge_sheeted_col_4;disposal_by_court_cases_convicted_by_court_col_7;disposal_by_court_cases_acquitted_discharged_by_court_col_8;disposal_by_court_cases_in_which_trials_were_completed_col_7_col_8_col_9;disposal_by_court_cases_conviction_rate_col_7_col_9_x_100_col_10,sl_no_col_1;state_ut_col_2;total_number_of_cases_reported_col_3;disposal_by_police_cases_charge_sheeted_col_4;disposal_by_police_final_report_col_5;disposal_by_police_charge_sheeted_rate_col_4_col_4_col_5_x_100_col_6;disposal_by_court_cases_convicted_by_court_col_7;disposal_by_court_cases_acquitted_discharged_by_court_col_8;disposal_by_court_cases_in_which_trials_were_completed_col_7_col_8_col_9;disposal_by_court_cases_conviction_rate_col_7_col_9_x_100_col_10,NOT_SUITABLE,Insufficient historical years for a defensible temporal ML task.
ncrb 2022\data\NCRB_Table_14.7.csv,2022,39,True,False,,persons_arrested;persons_chargesheeted;persons_convicted;persons_acquitted_discharged_by_the_court,NOT_SUITABLE,Insufficient historical years for a defensible temporal ML task.
ncrb 2022\data\NCRB_Table_14.8.csv,2022,39,True,True,,number_of_police_districts;number_of_aht_units,NOT_SUITABLE,2022-only district snapshot; cannot support temporal prediction without future or prior years.
ncrb 2022\data\NCRB_Table_15.1.csv,2022,39,True,False,unrecovered_untraced_missing_children_from_previous_years_total;children_missing_in_2022_total;total_children_missing_boys;total_children_missing_girls;total_children_missing_transgender;total_children_missing_total;total_recovered_traced_in_2022_boys;total_recovered_traced_in_2022_girls,unrecovered_untraced_missing_children_from_previous_years_boys;unrecovered_untraced_missing_children_from_previous_years_girls;unrecovered_untraced_missing_children_from_previous_years_transgender;unrecovered_untraced_missing_children_from_previous_years_total;children_missing_in_2022_boys;children_missing_in_2022_girls;children_missing_in_2022_transgender;children_missing_in_2022_total;total_children_missing_boys;total_children_missing_girls;total_children_missing_transgender;total_children_missing_total,NOT_SUITABLE,Insufficient historical years for a defensible temporal ML task.
ncrb 2022\data\NCRB_Table_15.2.csv,2022,39,True,False,unrecovered_untraced_missing_persons_from_previous_years_total;persons_missing_in_2022_total;total_persons_missing_male;total_persons_missing_female;total_persons_missing_transgender;total_persons_missing_total;total_recovered_traced_in_2022_male;total_recovered_traced_in_2022_female,unrecovered_untraced_missing_persons_from_previous_years_male;unrecovered_untraced_missing_persons_from_previous_years_female;unrecovered_untraced_missing_persons_from_previous_years_transgender;unrecovered_untraced_missing_persons_from_previous_years_total;persons_missing_in_2022_male;persons_missing_in_2022_female;persons_missing_in_2022_transgender;persons_missing_in_2022_total;total_persons_missing_male;total_persons_missing_female;total_persons_missing_transgender;total_persons_missing_total,NOT_SUITABLE,Insufficient historical years for a defensible temporal ML task.
ncrb 2022\data\NCRB_Table_15.3.csv,2022;2023,24,False,False,total_missing_col_3_col_4_col_5;persons_traced_total_col_8;persons_untraced_total_col_12,sl_no_col_1;age_group_and_gender_col_2;unrecovered_persons_of_previous_years_col_3;persons_missing_during_2023_col_4;total_missing_col_3_col_4_col_5;persons_traced_from_previous_years_missing_col_6;persons_traced_from_missing_persons_2022_col_7;persons_traced_total_col_8;percentage_of_persons_traced_col_8_col_5_100_col_9;persons_untraced_from_previous_years_missing_col_10;persons_untraced_from_missing_persons_2022_col_11;persons_untraced_total_col_12,NOT_SUITABLE,"Multi-year columns exist, but there is no compatible state/district panel key."
ncrb 2022\data\NCRB_Table_16A.1.csv,2022,39,True,False,cases_registered;cases_charge_sheeted;cases_convicted;cases_acquitted_discharged,deaths_reported;mag_enquiries_ordered;judicial_enquiries_ordered;cases_registered;cases_charge_sheeted;cases_convicted;cases_acquitted_discharged;policemen_arrested;policemen_charge_sheeted;policemen_convicted;policemen_acquitted_discharged,NOT_SUITABLE,Insufficient historical years for a defensible temporal ML task.
ncrb 2022\data\NCRB_Table_16A.2.csv,2022,39,True,False,total_deaths_col_3_col_3_of_16a_1_col_14,sl_no_col_1;state_ut_col_2;deaths_reported_col_3;mag_enquiries_ordered_col_4;judicial_enquiries_ordered_col_5;registered_col_6;charge_sheeted_col_7;convicted_col_8;acquitted_discharged_col_9;arrested_col_10;charge_sheeted_col_11;convicted_col_12,NOT_SUITABLE,Insufficient historical years for a defensible temporal ML task.
ncrb 2022\data\NCRB_Table_16A.3.csv,2022,39,True,False,total,suicide;death_due_to_illness_death_in_hospitals_during_treatment;injuries_sustained_prior_to_police_custody;injuries_sustained_during_the_police_custody_due_to_physical_assault_by_police;while_escaping_from_custody;road_accidents_journey_connected_with_investigation;others;total,NOT_SUITABLE,Insufficient historical years for a defensible temporal ML task.
ncrb 2022\data\NCRB_Table_16A.4.csv,2022,39,True,False,cases_reported;persons_escaped_total;cases_against_police_for_negligence,cases_reported;persons_escaped_from_lockup;persons_escaped_outside_lockup;persons_escaped_total;escapees_re_arrested;escapees_absconding;cases_against_police_for_negligence;action_taken_for_negligence_police_personnel_arrested;action_taken_for_negligence_police_personnel_charge_sheeted;action_taken_for_negligence_police_personnel_convicted,NOT_SUITABLE,Insufficient historical years for a defensible temporal ML task.
ncrb 2022\data\NCRB_Table_16A.5.csv,2022,39,True,False,number_of_cases_registered;number_of_cases_quashed_stayed_by_courts;number_of_cases_charge_sheeted;number_of_cases_final_reports_submitted;number_of_police_personnel_cases_withdrawn_disposed_off,number_of_cases_registered;number_of_cases_quashed_stayed_by_courts;number_of_cases_charge_sheeted;number_of_cases_final_reports_submitted;number_of_police_personnel_arrested;number_of_police_personnel_charge_sheeted;number_of_police_personnel_cases_withdrawn_disposed_off;number_of_police_personnel_trials_were_completed;number_of_police_personnel_convicted;number_of_police_personnel_acquitted_or_discharged,NOT_SUITABLE,Insufficient historical years for a defensible temporal ML task.
ncrb 2022\data\NCRB_Table_16A.6.csv,2022,7,False,False,incidence;number_of_cases_registered;number_of_cases_final_reports_submitted;number_of_cases_charge_sheeted;number_of_cases_convicted;number_of_cases_acquitted_discharged,incidence;number_of_cases_registered;number_of_cases_final_reports_submitted;number_of_cases_charge_sheeted;number_of_cases_convicted;number_of_cases_acquitted_discharged;number_of_policemen_arrested;number_of_policemen_charge_sheeted;number_of_policemen_convicted;number_of_policemen_acquitted_discharged,NOT_SUITABLE,Insufficient historical years for a defensible temporal ML task.
ncrb 2022\data\NCRB_Table_16B.1.csv,2022,16,False,False,total,rank_of_police_personnel;by_north_east_insurgents;by_terrorists_extremists_zihadi_s;by_left_wing_extremists;in_border_firing;by_riotous_mobs;by_criminals_gangsters_dacoits;accidentally_with_self_weapon;in_accidents;total,NOT_SUITABLE,Insufficient historical years for a defensible temporal ML task.
ncrb 2022\data\NCRB_Table_16B.2.csv,2022,39,True,False,total,by_north_east_insurgents;by_terrorists_extremists_zihadi_s;by_left_wing_extremists;in_border_firing;by_riotous_mobs;by_criminals_gangsters_dacoits;accidentally_with_self_weapon;in_accidents;total,NOT_SUITABLE,Insufficient historical years for a defensible temporal ML task.
ncrb 2022\data\NCRB_Table_16B.3.csv,2022,39,True,False,total,by_north_east_insurgents;by_terrorists_extremists_zihadi_s;by_left_wing_extremists;in_border_firing;by_riotous_mobs;by_criminals_gangsters_dacoits;;in_accidents;total,NOT_SUITABLE,Insufficient historical years for a defensible temporal ML task.
ncrb 2022\data\NCRB_Table_16B.4.csv,2022,39,True,False,accidentally_in_police_operations_encounters;total_killed,by_extremists_insurgents_terrorists_in_firing;by_extremists_insurgents_terrorists_in_bomb_explosion;by_dacoits_and_robbers;during_riots_in_police_firing;during_riots_in_police_lathi_charge;during_riots_by_riotous_mobs;accidentally_in_police_operations_encounters;during_border_cross_fire;in_other_incidents;total_killed,NOT_SUITABLE,Insufficient historical years for a defensible temporal ML task.
ncrb 2022\data\NCRB_Table_16B.5.csv,2022,39,True,False,accidentally_in_police_operations_encounters;total_injured,by_extremists_insurgents_terrorists_in_firing;by_extremists_insurgents_terrorists_in_bomb_explosion;by_dacoits_and_robbers;during_riots_in_police_firing;during_riots_in_police_lathi_charge;during_riots_by_riotous_mobs;accidentally_in_police_operations_encounters;during_border_cross_fire;in_other_incidents;total_injured,NOT_SUITABLE,Insufficient historical years for a defensible temporal ML task.
ncrb 2022\data\NCRB_Table_17A.1.csv,2022,142,True,False,crime_head_col_2;cases_pending_investigation_from_previous_year_col_3;cases_reported_during_the_year_col_4;cases_reopened_for_investigation_col_5;total_cases_for_investigation_col_3_col_4_col_5_col_6;cases_not_investigated_under_157_1_b_crpc_col_7;cases_transferred_to_other_state_or_agency_col_8;cases_withdrawn_by_the_govt_during_investigation_col_9,sl_no_col_1;crime_head_col_2;cases_pending_investigation_from_previous_year_col_3;cases_reported_during_the_year_col_4;cases_reopened_for_investigation_col_5;total_cases_for_investigation_col_3_col_4_col_5_col_6;cases_not_investigated_under_157_1_b_crpc_col_7;cases_transferred_to_other_state_or_agency_col_8;cases_withdrawn_by_the_govt_during_investigation_col_9;final_report_cases_ended_as_fr_non_cognizable_col_10;final_report_cases_ended_as_final_report_false_col_11;final_report_cases_ended_as_mistake_of_fact_or_of_law_or_civil_dispute_col_12,NOT_SUITABLE,Insufficient historical years for a defensible temporal ML task.
ncrb 2022\data\NCRB_Table_17A.10.csv,2022,82,False,False,crime_head;total_fr_submitted,crime_head;within_2_months;2_to_3_months;3_to_6_months;6_to_12_months;1_to_2_years;more_than_2_years;total_fr_submitted,NOT_SUITABLE,Insufficient historical years for a defensible temporal ML task.
ncrb 2022\data\NCRB_Table_17A.2.csv,2022,39,True,False,cases_pending_investigation_from_previous_year_col_3;cases_reported_during_the_year_col_4;cases_reopened_for_investigation_col_5;total_cases_for_investigation_col_3_col_4_col_5_col_6;cases_not_investigated_under_157_1_b_crpc_col_7;cases_transferred_to_other_state_or_agency_col_8;cases_withdrawn_by_the_govt_during_investigation_col_9;final_report_cases_ended_as_fr_non_cognizable_col_10,sl_no_col_1;state_ut_col_2;cases_pending_investigation_from_previous_year_col_3;cases_reported_during_the_year_col_4;cases_reopened_for_investigation_col_5;total_cases_for_investigation_col_3_col_4_col_5_col_6;cases_not_investigated_under_157_1_b_crpc_col_7;cases_transferred_to_other_state_or_agency_col_8;cases_withdrawn_by_the_govt_during_investigation_col_9;final_report_cases_ended_as_fr_non_cognizable_col_10;final_report_cases_ended_as_final_report_false_col_11;final_report_cases_ended_as_mistake_of_fact_or_of_law_or_civil_dispute_col_12,NOT_SUITABLE,Insufficient historical years for a defensible temporal ML task.
ncrb 2022\data\NCRB_Table_17A.3.csv,2022,91,True,False,crime_head_col_2;cases_pending_investigation_from_previous_year_col_3;cases_reported_during_the_year_col_4;cases_reopened_for_investigation_col_5;total_cases_for_investigation_col_3_col_4_col_5_col_6;cases_not_investigated_under_157_1_b_crpc_col_7;cases_transferred_to_other_state_or_agency_col_8;cases_withdrawn_by_the_govt_during_investigation_col_9,sl_no_col_1;crime_head_col_2;cases_pending_investigation_from_previous_year_col_3;cases_reported_during_the_year_col_4;cases_reopened_for_investigation_col_5;total_cases_for_investigation_col_3_col_4_col_5_col_6;cases_not_investigated_under_157_1_b_crpc_col_7;cases_transferred_to_other_state_or_agency_col_8;cases_withdrawn_by_the_govt_during_investigation_col_9;final_report_cases_ended_as_fr_non_cognizable_col_10;final_report_cases_ended_as_final_report_false_col_11;final_report_cases_ended_as_mistake_of_fact_or_of_law_or_civil_dispute_col_12,NOT_SUITABLE,Insufficient historical years for a defensible temporal ML task.
ncrb 2022\data\NCRB_Table_17A.4.csv,2022,39,True,False,cases_pending_investigation_from_previous_year_col_3;cases_reported_during_the_year_col_4;cases_reopened_for_investigation_col_5;total_cases_for_investigation_col_3_col_4_col_5_col_6;cases_not_investigated_under_157_1_b_crpc_col_7;cases_transferred_to_other_state_or_agency_col_8;cases_withdrawn_by_the_govt_during_investigation_col_9;final_report_cases_ended_as_fr_non_cognizable_col_10,sl_no_col_1;state_ut_col_2;cases_pending_investigation_from_previous_year_col_3;cases_reported_during_the_year_col_4;cases_reopened_for_investigation_col_5;total_cases_for_investigation_col_3_col_4_col_5_col_6;cases_not_investigated_under_157_1_b_crpc_col_7;cases_transferred_to_other_state_or_agency_col_8;cases_withdrawn_by_the_govt_during_investigation_col_9;final_report_cases_ended_as_fr_non_cognizable_col_10;final_report_cases_ended_as_final_report_false_col_11;final_report_cases_ended_as_mistake_of_fact_or_of_law_or_civil_dispute_col_12,NOT_SUITABLE,Insufficient historical years for a defensible temporal ML task.
ncrb 2022\data\NCRB_Table_17A.5.csv,2022,62,False,False,crime_head;total_cases_pending_investigation_at_the_end_of_year,crime_head;total_cases_pending_investigation_at_the_end_of_year;case_investigation_pending_upto_6_months;case_investigation_pending_6_months_to_1_yr;case_investigation_pending_1_to_3_years;case_investigation_pending_more_than_3_years,NOT_SUITABLE,Insufficient historical years for a defensible temporal ML task.
ncrb 2022\data\NCRB_Table_17A.6.csv,2022,82,False,False,crime_head;total_cases_pending_investigation_at_the_end_of_year,crime_head;total_cases_pending_investigation_at_the_end_of_year;case_investigation_pending_upto_6_months;case_investigation_pending_6_months_to_1_year;case_investigation_pending_1_to_3_years;case_investigation_pending_more_than_3_years,NOT_SUITABLE,Insufficient historical years for a defensible temporal ML task.
ncrb 2022\data\NCRB_Table_17A.7.csv,2022,62,False,False,crime_head;total_cases_charge_sheeted,crime_head;within_2_months;2_to_3_months;3_to_6_months;6_to_12_months;1_to_2_years;more_than_2_years;total_cases_charge_sheeted,NOT_SUITABLE,Insufficient historical years for a defensible temporal ML task.
ncrb 2022\data\NCRB_Table_17A.8.csv,2022,62,False,False,crime_head;total_fr_submitted,crime_head;within_2_months;2_to_3_months;3_to_6_months;6_to_12_months;1_to_2_years;more_than_2_years;total_fr_submitted,NOT_SUITABLE,Insufficient historical years for a defensible temporal ML task.
ncrb 2022\data\NCRB_Table_17A.9.csv,2022,82,False,False,crime_head;total_cases_charge_sheeted,crime_head;within_2_months;2_to_3_months;3_to_6_months;6_to_12_months;1_to_2_yrs;more_than_2_yrs;total_cases_charge_sheeted,NOT_SUITABLE,Insufficient historical years for a defensible temporal ML task.
ncrb 2022\data\NCRB_Table_17B.1.csv,2022,142,True,False,crime_head_col_2;cases_pending_investigation_from_previous_year_col_3;cases_reported_during_the_year_col_4;cases_reopened_for_investigation_col_5;total_cases_for_investigation_col_3_col_4_col_5_col_6;cases_not_investigated_under_157_1_b_crpc_col_7;cases_transferred_to_other_state_or_agency_col_8;cases_withdrawn_by_the_govt_during_investigation_col_9,sl_no_col_1;crime_head_col_2;cases_pending_investigation_from_previous_year_col_3;cases_reported_during_the_year_col_4;cases_reopened_for_investigation_col_5;total_cases_for_investigation_col_3_col_4_col_5_col_6;cases_not_investigated_under_157_1_b_crpc_col_7;cases_transferred_to_other_state_or_agency_col_8;cases_withdrawn_by_the_govt_during_investigation_col_9;final_report_cases_ended_as_fr_non_cognizable_col_10;cases_ended_as_final_report_false_col_11;cases_ended_as_mistake_of_fact_or_of_law_or_civil_dispute_col_12,NOT_SUITABLE,Insufficient historical years for a defensible temporal ML task.
ncrb 2022\data\NCRB_Table_17B.2.csv,2022,20,True,False,cases_pending_investigation_from_previous_year_col_3;cases_reported_during_the_year_col_4;cases_reopened_for_investigation_col_5;total_cases_for_investigation_col_3_col_4_col_5_col_6;cases_not_investigated_under_157_1_b_crpc_col_7;cases_transferred_to_other_state_or_agency_col_8;cases_withdrawn_by_the_govt_during_investigation_col_9;final_report_cases_ended_as_fr_non_cognizable_col_10,sl_no_col_1;city_col_2;cases_pending_investigation_from_previous_year_col_3;cases_reported_during_the_year_col_4;cases_reopened_for_investigation_col_5;total_cases_for_investigation_col_3_col_4_col_5_col_6;cases_not_investigated_under_157_1_b_crpc_col_7;cases_transferred_to_other_state_or_agency_col_8;cases_withdrawn_by_the_govt_during_investigation_col_9;final_report_cases_ended_as_fr_non_cognizable_col_10;cases_ended_as_final_report_false_col_11;cases_ended_as_mistake_of_fact_or_of_law_or_civil_dispute_col_12,NOT_SUITABLE,Insufficient historical years for a defensible temporal ML task.
ncrb 2022\data\NCRB_Table_17B.3.csv,2022,91,True,False,crime_head_col_2;cases_pending_investigation_from_previous_year_col_3;cases_reported_during_the_year_col_4;cases_reopened_for_investigation_col_5;total_cases_for_investigation_col_3_col_4_col_5_col_6;cases_not_investigated_under_157_1_b_crpc_col_7;cases_transferred_to_other_state_or_agency_col_8;cases_withdrawn_by_the_govt_during_investigation_col_9,sl_no_col_1;crime_head_col_2;cases_pending_investigation_from_previous_year_col_3;cases_reported_during_the_year_col_4;cases_reopened_for_investigation_col_5;total_cases_for_investigation_col_3_col_4_col_5_col_6;cases_not_investigated_under_157_1_b_crpc_col_7;cases_transferred_to_other_state_or_agency_col_8;cases_withdrawn_by_the_govt_during_investigation_col_9;final_report_cases_ended_as_fr_non_cognizable_col_10;cases_ended_as_final_report_false_col_11;cases_ended_as_mistake_of_fact_or_of_law_or_civil_dispute_col_12,NOT_SUITABLE,Insufficient historical years for a defensible temporal ML task.
ncrb 2022\data\NCRB_Table_17B.4.csv,2022,20,True,False,cases_pending_investigation_from_previous_year_col_3;cases_reported_during_the_year_col_4;cases_reopened_for_investigation_col_5;total_cases_for_investigation_col_3_col_4_col_5_col_6;cases_not_investigated_under_157_1_b_crpc_col_7;cases_transferred_to_other_state_or_agency_col_8;cases_withdrawn_by_the_govt_during_investigation_col_9;final_report_cases_ended_as_fr_non_cognizable_col_10,sl_no_col_1;city_col_2;cases_pending_investigation_from_previous_year_col_3;cases_reported_during_the_year_col_4;cases_reopened_for_investigation_col_5;total_cases_for_investigation_col_3_col_4_col_5_col_6;cases_not_investigated_under_157_1_b_crpc_col_7;cases_transferred_to_other_state_or_agency_col_8;cases_withdrawn_by_the_govt_during_investigation_col_9;final_report_cases_ended_as_fr_non_cognizable_col_10;final_report_cases_ended_as_final_report_false_col_11;final_report_cases_ended_as_mistake_of_fact_or_of_law_or_civil_dispute_col_12,NOT_SUITABLE,Insufficient historical years for a defensible temporal ML task.
ncrb 2022\data\NCRB_Table_18A.1.csv,2022,39,True,False,cases_pending_trial_from_the_previous_year_col_3;cases_sent_for_trial_during_the_year_col_4;total_cases_for_trial_col_3_col_4_col_5;cases_abated_by_court_col_6;cases_withdrawn_from_prosecution_col_7;cases_compounded_or_compromised_col_8;cases_disposed_off_by_plea_bargaining_col_9;cases_quashed_col_10,sl_no_col_1;state_ut_col_2;cases_pending_trial_from_the_previous_year_col_3;cases_sent_for_trial_during_the_year_col_4;total_cases_for_trial_col_3_col_4_col_5;cases_abated_by_court_col_6;cases_withdrawn_from_prosecution_col_7;cases_compounded_or_compromised_col_8;cases_disposed_off_by_plea_bargaining_col_9;cases_quashed_col_10;cases_disposed_off_without_trial_col_6_col_7_col_8_col_9_col_10_col_11;cases_stayed_or_sent_to_record_room_col_12,NOT_SUITABLE,Insufficient historical years for a defensible temporal ML task.
ncrb 2022\data\NCRB_Table_18A.2.csv,2022,39,True,False,cases_pending_trial_from_the_previous_year_col_3;cases_sent_for_trial_during_the_year_col_4;total_cases_for_trial_col_3_col_4_col_5;cases_abated_by_court_col_6;cases_withdrawn_from_prosecution_col_7;cases_compounded_or_compromised_col_8;cases_disposed_off_by_plea_bargaining_col_9;cases_quashed_col_10,sl_no_col_1;state_ut_col_2;cases_pending_trial_from_the_previous_year_col_3;cases_sent_for_trial_during_the_year_col_4;total_cases_for_trial_col_3_col_4_col_5;cases_abated_by_court_col_6;cases_withdrawn_from_prosecution_col_7;cases_compounded_or_compromised_col_8;cases_disposed_off_by_plea_bargaining_col_9;cases_quashed_col_10;cases_disposed_off_without_trial_col_6_col_7_col_8_col_9_col_10_col_11;cases_stayed_or_sent_to_record_room_col_12,NOT_SUITABLE,Insufficient historical years for a defensible temporal ML task.
ncrb 2022\data\NCRB_Table_18A.3.csv,2022,91,False,False,crime_head_col_2;cases_pending_trial_from_the_previous_year_col_3;cases_sent_for_trial_during_the_year_col_4;total_cases_for_trial_col_3_col_4_col_5;cases_abated_by_court_col_6;cases_withdrawn_from_prosecution_col_7;cases_compounded_or_compromised_col_8;cases_disposed_off_by_plea_bargaining_col_9,sl_no_col_1;crime_head_col_2;cases_pending_trial_from_the_previous_year_col_3;cases_sent_for_trial_during_the_year_col_4;total_cases_for_trial_col_3_col_4_col_5;cases_abated_by_court_col_6;cases_withdrawn_from_prosecution_col_7;cases_compounded_or_compromised_col_8;cases_disposed_off_by_plea_bargaining_col_9;cases_quashed_col_10;cases_disposed_off_without_trial_col_6_col_7_col_8_col_9_col_10_col_11;cases_stayed_or_sent_to_record_room_col_12,NOT_SUITABLE,Insufficient historical years for a defensible temporal ML task.
ncrb 2022\data\NCRB_Table_18A.4.csv,2022,39,True,False,cases_pending_trial_from_the_previous_year_col_3;cases_sent_for_trial_during_the_year_col_4;total_cases_for_trial_col_3_col_4_col_5;cases_abated_by_court_col_6;cases_withdrawn_from_prosecution_col_7;cases_compounded_or_compromised_col_8;cases_disposed_off_by_plea_bargaining_col_9;cases_quashed_col_10,sl_no_col_1;state_ut_col_2;cases_pending_trial_from_the_previous_year_col_3;cases_sent_for_trial_during_the_year_col_4;total_cases_for_trial_col_3_col_4_col_5;cases_abated_by_court_col_6;cases_withdrawn_from_prosecution_col_7;cases_compounded_or_compromised_col_8;cases_disposed_off_by_plea_bargaining_col_9;cases_quashed_col_10;cases_disposed_off_without_trial_col_6_col_7_col_8_col_9_col_10_col_11;cases_stayed_or_sent_to_record_room_col_12,NOT_SUITABLE,Insufficient historical years for a defensible temporal ML task.
ncrb 2022\data\NCRB_Table_18A.5.csv,2022,39,True,True,district_session_judge_murder_rape_others_total;additional_sessions_judge_murder_rape_others_total;fast_track_courts_total;sub_judge_total;judicial_magistrate_i_total;special_courts_total;sc_st_court_total;pocso_court_total,district_session_judge_murder_rape_others_less_than_1_month;district_session_judge_murder_rape_others_1_to_3_months;district_session_judge_murder_rape_others_3_to_6_months;district_session_judge_murder_rape_others_6_to_12_months;district_session_judge_murder_rape_others_1_to_3_years;district_session_judge_murder_rape_others_3_to_5_years;district_session_judge_murder_rape_others_5_to_10_years;district_session_judge_murder_rape_others_more_than_10_years;district_session_judge_murder_rape_others_total;additional_sessions_judge_murder_rape_others_less_than_1_month;additional_sessions_judge_murder_rape_others_1_to_3_months;additional_sessions_judge_murder_rape_others_3_to_6_months,NOT_SUITABLE,2022-only district snapshot; cannot support temporal prediction without future or prior years.
ncrb 2022\data\NCRB_Table_18A.6.csv,2022,39,True,False,total_pending_at_beginning_of_the_year_col_19;total_received_during_the_year_col_20;total_served_during_the_year_col_21;total_pending_or_unserved_at_end_of_the_year_col_22,sl_no_col_1;state_ut_col_2;summons_pending_at_beginning_of_the_year_col_3;summons_received_during_the_year_col_4;summons_served_during_the_year_col_5;summons_pending_or_unserved_at_end_of_the_year_col_6;bailable_warrant_pending_at_beginning_of_the_year_col_7;bailable_warrant_received_during_the_year_col_8;bailable_warrant_served_during_the_year_col_9;bailable_warrant_pending_or_unserved_at_end_of_the_year_col_10;non_bailable_warrant_pending_at_beginning_of_the_year_col_11;non_bailable_warrant_received_during_the_year_col_12,NOT_SUITABLE,Insufficient historical years for a defensible temporal ML task.
ncrb 2022\data\NCRB_Table_18A.7.csv,2022,62,False,False,crime_head;cases_pending_trial;period_of_cases_pending_trial_6_to_12_months;period_of_cases_pending_trial_1_to_3_years;period_of_cases_pending_trial_3_to_5_years;period_of_cases_pending_trial_5_to_10_years;period_of_cases_pending_trial_more_than_10_years,crime_head;cases_pending_trial;3_to_6_months;period_of_cases_pending_trial_6_to_12_months;period_of_cases_pending_trial_1_to_3_years;period_of_cases_pending_trial_3_to_5_years;period_of_cases_pending_trial_5_to_10_years;period_of_cases_pending_trial_more_than_10_years,NOT_SUITABLE,Insufficient historical years for a defensible temporal ML task.
ncrb 2022\data\NCRB_Table_18A.8.csv,2022,82,False,False,crime_head;cases_pending_trial;period_of_cases_pending_trial_3_to_6_months;period_of_cases_pending_trial_6_to_12_months;period_of_cases_pending_trial_1_to_3_years;period_of_cases_pending_trial_3_to_5_years;period_of_cases_pending_trial_5_to_10_years;period_of_cases_pending_trial_more_than_10_years,crime_head;cases_pending_trial;period_of_cases_pending_trial_3_to_6_months;period_of_cases_pending_trial_6_to_12_months;period_of_cases_pending_trial_1_to_3_years;period_of_cases_pending_trial_3_to_5_years;period_of_cases_pending_trial_5_to_10_years;period_of_cases_pending_trial_more_than_10_years,NOT_SUITABLE,Insufficient historical years for a defensible temporal ML task.
ncrb 2022\data\NCRB_Table_18B.1.csv,2022,142,False,False,crime_head_col_2;cases_pending_trial_from_the_previous_year_col_3;cases_sent_for_trial_during_the_year_col_4;total_cases_for_trial_col_3_col_4_col_5;cases_abated_by_court_col_6;cases_withdrawn_from_prosecution_col_7;cases_compounded_or_compromised_col_8;cases_disposed_off_by_plea_bargaining_col_9,sl_no_col_1;crime_head_col_2;cases_pending_trial_from_the_previous_year_col_3;cases_sent_for_trial_during_the_year_col_4;total_cases_for_trial_col_3_col_4_col_5;cases_abated_by_court_col_6;cases_withdrawn_from_prosecution_col_7;cases_compounded_or_compromised_col_8;cases_disposed_off_by_plea_bargaining_col_9;cases_quashed_col_10;cases_disposed_off_without_trial_col_6_col_7_col_8_col_9_col_10_col_11;cases_stayed_or_sent_to_record_room_col_12,NOT_SUITABLE,Insufficient historical years for a defensible temporal ML task.
ncrb 2022\data\NCRB_Table_18B.2.csv,2022,20,False,False,cases_pending_trial_from_the_previous_year_col_3;cases_sent_for_trial_during_the_year_col_4;total_cases_for_trial_col_3_col_4_col_5;cases_abated_by_court_col_6;cases_withdrawn_from_prosecution_col_7;cases_compounded_or_compromised_col_8;cases_disposed_off_by_plea_bargaining_col_9;cases_quashed_col_10,sl_no_col_1;city_col_2;cases_pending_trial_from_the_previous_year_col_3;cases_sent_for_trial_during_the_year_col_4;total_cases_for_trial_col_3_col_4_col_5;cases_abated_by_court_col_6;cases_withdrawn_from_prosecution_col_7;cases_compounded_or_compromised_col_8;cases_disposed_off_by_plea_bargaining_col_9;cases_quashed_col_10;cases_disposed_off_without_trial_col_6_col_7_col_8_col_9_col_10_col_11;cases_stayed_or_sent_to_record_room_col_12,NOT_SUITABLE,Insufficient historical years for a defensible temporal ML task.
ncrb 2022\data\NCRB_Table_18B.3.csv,2022,90,False,False,crime_head_col_2;cases_pending_trial_from_the_previous_year_col_3;cases_sent_for_trial_during_the_year_col_4;total_cases_for_trial_col_3_col_4_col_5;cases_abated_by_court_col_6;cases_withdrawn_from_prosecution_col_7;cases_compounded_or_compromised_col_8;cases_disposed_off_by_plea_bargaining_col_9,sl_no_col_1;crime_head_col_2;cases_pending_trial_from_the_previous_year_col_3;cases_sent_for_trial_during_the_year_col_4;total_cases_for_trial_col_3_col_4_col_5;cases_abated_by_court_col_6;cases_withdrawn_from_prosecution_col_7;cases_compounded_or_compromised_col_8;cases_disposed_off_by_plea_bargaining_col_9;cases_quashed_col_10;cases_disposed_off_without_trial_col_6_col_7_col_8_col_9_col_10_col_11;cases_stayed_or_sent_to_record_room_col_12,NOT_SUITABLE,Insufficient historical years for a defensible temporal ML task.
ncrb 2022\data\NCRB_Table_18B.4.csv,2022,20,False,False,cases_pending_trial_from_the_previous_year_col_3;cases_sent_for_trial_during_the_year_col_4;total_cases_for_trial_col_3_col_4_col_5;cases_abated_by_court_col_6;cases_withdrawn_from_prosecution_col_7;cases_compounded_or_compromised_col_8;cases_disposed_off_by_plea_bargaining_col_9;cases_quashed_col_10,sl_no_col_1;city_col_2;cases_pending_trial_from_the_previous_year_col_3;cases_sent_for_trial_during_the_year_col_4;total_cases_for_trial_col_3_col_4_col_5;cases_abated_by_court_col_6;cases_withdrawn_from_prosecution_col_7;cases_compounded_or_compromised_col_8;cases_disposed_off_by_plea_bargaining_col_9;cases_quashed_col_10;cases_disposed_off_without_trial_col_6_col_7_col_8_col_9_col_10_col_11;cases_stayed_or_sent_to_record_room_col_12,NOT_SUITABLE,Insufficient historical years for a defensible temporal ML task.
ncrb 2022\data\NCRB_Table_19A.1.csv,2022,142,False,False,crime_head_col_2;juveniles_apprehended_total_col_6;18_years_and_above_below_30_years_total_col_10;30_years_and_above_below_45_years_total_col_14;45_years_and_above_below_60_years_total_col_18;60_years_and_above_total_col_22;total_of_overall_age_group_male_col_23;total_of_overall_age_group_female_col_24,sl_no_col_1;crime_head_col_2;juveniles_apprehended_boys_col_3;juveniles_apprehended_girls_col_4;juveniles_apprehended_transgender_col_5;juveniles_apprehended_total_col_6;18_years_and_above_below_30_years_male_col_7;18_years_and_above_below_30_years_female_col_8;18_years_and_above_below_30_years_transgender_col_9;18_years_and_above_below_30_years_total_col_10;30_years_and_above_below_45_years_male_col_11;30_years_and_above_below_45_years_female_col_12,NOT_SUITABLE,Insufficient historical years for a defensible temporal ML task.
ncrb 2022\data\NCRB_Table_19A.10.csv,2022,8,False,False,crime_head;persons_arrested_total;persons_released_within_24_hours_total;persons_detained_beyond_24_hours_total,crime_head;number_of_gd_entries_made;number_of_firs_registered;persons_arrested_male;persons_arrested_female;persons_arrested_transgender;persons_arrested_total;persons_released_within_24_hours_male;persons_released_within_24_hours_female;persons_released_within_24_hours_transgender;persons_released_within_24_hours_total;persons_detained_beyond_24_hours_male,NOT_SUITABLE,Insufficient historical years for a defensible temporal ML task.
ncrb 2022\data\NCRB_Table_19A.11.csv,2022,9,False,False,crime_head;persons_released_by_board_total,crime_head;number_of_gd_entries_made;persons_detained;persons_released_by_board_in_1_month;persons_released_by_board_in_1_to_3_months;persons_released_by_board_in_3_to_6_months;persons_released_by_board_total;persons_in_custody_or_in_detention_at_the_end_of_the_year,NOT_SUITABLE,Insufficient historical years for a defensible temporal ML task.
ncrb 2022\data\NCRB_Table_19A.2.csv,2022,39,True,False,juveniles_apprehended_total_col_6;18_years_and_above_below_30_years_total_col_10;30_years_and_above_below_45_years_total_col_14;45_years_and_above_below_60_years_total_col_18;60_years_and_above_total_col_22;total_male_col_23;total_female_col_24;total_transgender_col_25,sl_no_col_1;state_ut_col_2;juveniles_apprehended_boys_col_3;juveniles_apprehended_girls_col_4;juveniles_apprehended_transgender_col_5;juveniles_apprehended_total_col_6;18_years_and_above_below_30_years_male_col_7;18_years_and_above_below_30_years_female_col_8;18_years_and_above_below_30_years_transgender_col_9;18_years_and_above_below_30_years_total_col_10;30_years_and_above_below_45_years_male_col_11;30_years_and_above_below_45_years_female_col_12,NOT_SUITABLE,Insufficient historical years for a defensible temporal ML task.
ncrb 2022\data\NCRB_Table_19A.3.csv,2022,91,False,False,crime_head_col_2;juveniles_apprehended_total_col_6;18_years_and_above_below_30_years_total_col_10;30_years_and_above_below_45_years_total_col_14;45_years_and_above_below_60_years_total_col_18;60_years_and_above_total_col_22;total_of_overall_age_group_male_col_23;total_of_overall_age_group_female_col_24,sl_no_col_1;crime_head_col_2;juveniles_apprehended_boys_col_3;juveniles_apprehended_girls_col_4;juveniles_apprehended_transgender_col_5;juveniles_apprehended_total_col_6;18_years_and_above_below_30_years_male_col_7;18_years_and_above_below_30_years_female_col_8;18_years_and_above_below_30_years_transgender_col_9;18_years_and_above_below_30_years_total_col_10;30_years_and_above_below_45_years_male_col_11;30_years_and_above_below_45_years_female_col_12,NOT_SUITABLE,Insufficient historical years for a defensible temporal ML task.
ncrb 2022\data\NCRB_Table_19A.4.csv,2022,39,True,False,juveniles_apprehended_total_col_6;18_years_and_above_below_30_years_total_col_10;30_years_and_above_below_45_years_total_col_14;45_years_and_above_below_60_years_total_col_18;60_years_and_above_total_col_22;total_male_col_23;total_female_col_24;total_trans_col_25,sl_no_col_1;state_ut_col_2;juveniles_apprehended_boys_col_3;juveniles_apprehended_girls_col_4;juveniles_apprehended_trans_col_5;juveniles_apprehended_total_col_6;18_years_and_above_below_30_years_male_col_7;18_years_and_above_below_30_years_female_col_8;18_years_and_above_below_30_years_trans_col_9;18_years_and_above_below_30_years_total_col_10;30_years_and_above_below_45_years_male_col_11;30_years_and_above_below_45_years_female_col_12,NOT_SUITABLE,Insufficient historical years for a defensible temporal ML task.
ncrb 2022\data\NCRB_Table_19A.5.csv,2022,142,False,False,crime_head_col_2;persons_arrested_total_col_6;persons_chargesheeted_total_col_10;persons_convicted_total_col_14;persons_discharged_total_col_18;persons_acquitted_total_col_22,sl_no_col_1;crime_head_col_2;persons_arrested_male_col_3;persons_arrested_female_col_4;persons_arrested_transgender_col_5;persons_arrested_total_col_6;persons_chargesheeted_male_col_7;persons_chargesheeted_female_col_8;persons_chargesheeted_transgender_col_9;persons_chargesheeted_total_col_10;persons_convicted_male_col_11;persons_convicted_female_col_12,NOT_SUITABLE,Insufficient historical years for a defensible temporal ML task.
ncrb 2022\data\NCRB_Table_19A.6.csv,2022,39,True,False,persons_arrested_total_col_6;persons_charge_sheeted_total_col_10;persons_convicted_total_col_14;persons_discharged_total_col_18;persons_acquitted_total_col_22,sl_no_col_1;state_ut_col_2;persons_arrested_male_col_3;persons_arrested_female_col_4;persons_arrested_transgender_col_5;persons_arrested_total_col_6;persons_charge_sheeted_male_col_7;persons_charge_sheeted_female_col_8;persons_charge_sheeted_transgender_col_9;persons_charge_sheeted_total_col_10;persons_convicted_male_col_11;persons_convicted_female_col_12,NOT_SUITABLE,Insufficient historical years for a defensible temporal ML task.
ncrb 2022\data\NCRB_Table_19A.7.csv,2022,91,False,False,crime_head;persons_arrested_total;persons_chargesheeted_total;persons_convicted_total;persons_discharged_total;persons_acquitted_total,crime_head;persons_arrested_male;persons_arrested_female;persons_arrested_transgender;persons_arrested_total;persons_chargesheeted_male;persons_chargesheeted_female;persons_chargesheeted_transgender;persons_chargesheeted_total;persons_convicted_male;persons_convicted_female;persons_convicted_transgender,NOT_SUITABLE,Insufficient historical years for a defensible temporal ML task.
ncrb 2022\data\NCRB_Table_19A.8.csv,2022,39,True,False,persons_arrested_total;persons_charge_sheeted_total;persons_convicted_total;persons_discharged_total;persons_acquitted_total,persons_arrested_male;persons_arrested_female;persons_arrested_transgender;persons_arrested_total;persons_charge_sheeted_male;persons_charge_sheeted_female;persons_charge_sheeted_transgender;persons_charge_sheeted_total;persons_convicted_male;persons_convicted_female;persons_convicted_transgender;persons_convicted_total,NOT_SUITABLE,Insufficient historical years for a defensible temporal ML task.
ncrb 2022\data\NCRB_Table_19A.9.csv,2022,39,True,False,persons_arrested_total;persons_charge_sheeted_total;persons_convicted_total;persons_discharged_total;persons_acquitted_total,persons_arrested_male;persons_arrested_female;persons_arrested_transgender;persons_arrested_total;persons_charge_sheeted_male;persons_charge_sheeted_female;persons_charge_sheeted_transgender;persons_charge_sheeted_total;persons_convicted_male;persons_convicted_female;persons_convicted_transgender;persons_convicted_total,NOT_SUITABLE,Insufficient historical years for a defensible temporal ML task.
ncrb 2022\data\NCRB_Table_19B.1.csv,2022,142,False,False,crime_head;juveniles_apprehended_total;18_years_and_above_below_30_years_total;30_years_and_above_below_45_years_total;45_years_and_above_below_60_years_total;60_years_and_above_total;total_of_overall_age_group_male;total_of_overall_age_group_female,crime_head;juveniles_apprehended_boys;juveniles_apprehended_girls;juveniles_apprehended_transgender;juveniles_apprehended_total;18_years_and_above_below_30_years_male;18_years_and_above_below_30_years_female;18_years_and_above_below_30_years_transgender;18_years_and_above_below_30_years_total;30_years_and_above_below_45_years_male;30_years_and_above_below_45_years_female;30_years_and_above_below_45_years_transgender,NOT_SUITABLE,Insufficient historical years for a defensible temporal ML task.
ncrb 2022\data\NCRB_Table_19B.2.csv,2022,20,False,False,juveniles_apprehended_total;18_years_and_above_below_30_years_total;30_years_and_above_below_45_years_total;45_years_and_above_below_60_years_total;60_years_and_above_total;total_male;total_female;total_transgender,city;juveniles_apprehended_boys;juveniles_apprehended_girls;juveniles_apprehended_transgender;juveniles_apprehended_total;18_years_and_above_below_30_years_male;18_years_and_above_below_30_years_female;18_years_and_above_below_30_years_transgender;18_years_and_above_below_30_years_total;30_years_and_above_below_45_years_male;30_years_and_above_below_45_years_female;30_years_and_above_below_45_years_transgender,NOT_SUITABLE,Insufficient historical years for a defensible temporal ML task.
ncrb 2022\data\NCRB_Table_19B.3.csv,2022,91,False,False,crime_head;juveniles_apprehended_total;18_years_and_above_below_30_years_total;30_years_and_above_below_45_years_total;45_years_and_above_below_60_years_total;60_years_and_above_total;total_of_overall_age_group_male;total_of_overall_age_group_female,crime_head;juveniles_apprehended_boys;juveniles_apprehended_girls;juveniles_apprehended_transgender;juveniles_apprehended_total;18_years_and_above_below_30_years_male;18_years_and_above_below_30_years_female;18_years_and_above_below_30_years_transgender;18_years_and_above_below_30_years_total;30_years_and_above_below_45_years_male;30_years_and_above_below_45_years_female;30_years_and_above_below_45_years_transgender,NOT_SUITABLE,Insufficient historical years for a defensible temporal ML task.
ncrb 2022\data\NCRB_Table_19B.4.csv,2022,20,False,False,juveniles_apprehended_total;18_years_and_above_below_30_years_total;30_years_and_above_below_45_years_total;45_years_and_above_below_60_years_total;60_years_and_above_total;total_male;total_female;total_transgender,city;juveniles_apprehended_boys;juveniles_apprehended_girls;juveniles_apprehended_transgender;juveniles_apprehended_total;18_years_and_above_below_30_years_male;18_years_and_above_below_30_years_female;18_years_and_above_below_30_years_transgender;18_years_and_above_below_30_years_total;30_years_and_above_below_45_years_male;30_years_and_above_below_45_years_female;30_years_and_above_below_45_years_transgender,NOT_SUITABLE,Insufficient historical years for a defensible temporal ML task.
ncrb 2022\data\NCRB_Table_19B.5.csv,2022,142,False,False,crime_head;persons_arrested_total;persons_charge_sheeted_total;persons_convicted_total;persons_discharged_total;persons_acquitted_total,crime_head;persons_arrested_male;persons_arrested_female;persons_arrested_transgender;persons_arrested_total;persons_charge_sheeted_male;persons_charge_sheeted_female;persons_charge_sheeted_transgender;persons_charge_sheeted_total;persons_convicted_male;persons_convicted_female;persons_convicted_transgender,NOT_SUITABLE,Insufficient historical years for a defensible temporal ML task.
ncrb 2022\data\NCRB_Table_19B.6.csv,2022,20,False,False,persons_arrested_total;persons_charge_sheeted_total;persons_convicted_total;persons_discharged_total;persons_acquitted_total,city;persons_arrested_male;persons_arrested_female;persons_arrested_transgender;persons_arrested_total;persons_charge_sheeted_male;persons_charge_sheeted_female;persons_charge_sheeted_transgender;persons_charge_sheeted_total;persons_convicted_male;persons_convicted_female;persons_convicted_transgender,NOT_SUITABLE,Insufficient historical years for a defensible temporal ML task.
ncrb 2022\data\NCRB_Table_19B.7.csv,2022,91,False,False,crime_head;persons_arrested_total;persons_chargesheeted_total;persons_convicted_total;persons_discharged_total;persons_acquitted_total,crime_head;persons_arrested_male;persons_arrested_female;persons_arrested_transgender;persons_arrested_total;persons_chargesheeted_male;persons_chargesheeted_female;persons_chargesheeted_transgender;persons_chargesheeted_total;persons_convicted_male;persons_convicted_female;persons_convicted_transgender,NOT_SUITABLE,Insufficient historical years for a defensible temporal ML task.
ncrb 2022\data\NCRB_Table_19B.8.csv,2022,20,False,False,persons_arrested_total;persons_charge_sheeted_total;persons_convicted_total;persons_discharged_total;persons_acquitted_total,city;persons_arrested_male;persons_arrested_female;persons_arrested_transgender;persons_arrested_total;persons_charge_sheeted_male;persons_charge_sheeted_female;persons_charge_sheeted_transgender;persons_charge_sheeted_total;persons_convicted_male;persons_convicted_female;persons_convicted_transgender,NOT_SUITABLE,Insufficient historical years for a defensible temporal ML task.
ncrb 2022\data\NCRB_Table_19B.9.csv,2022,20,False,False,persons_arrested_total;persons_charge_sheeted_total;persons_convicted_total;persons_discharged_total;persons_acquitted_total,city;persons_arrested_male;persons_arrested_female;persons_arrested_transgender;persons_arrested_total;persons_charge_sheeted_male;persons_charge_sheeted_female;persons_charge_sheeted_transgender;persons_charge_sheeted_total;persons_convicted_male;persons_convicted_female;persons_convicted_transgender,NOT_SUITABLE,Insufficient historical years for a defensible temporal ML task.
ncrb 2022\data\NCRB_Table_19C.1.csv,2022,39,True,False,,sl_no_col_1;state_ut_col_2;persons_arrested_col_3;juveniles_apprehended_for_first_time_col_4;juveniles_apprehended_but_not_convicted_in_past_col_5;juveniles_apprehended_were_convicted_in_past_col_6;adult_persons_arrested_for_first_time_col_7;adult_persons_arrested_but_not_convicted_in_past_col_8;adult_persons_arrested_and_convicted_in_past_col_9;percentage_of_recidivism_col_5_6_8_9_col_3_101_col_10,NOT_SUITABLE,Insufficient historical years for a defensible temporal ML task.
ncrb 2022\data\NCRB_Table_19C.2.csv,2022,39,True,False,,sl_no_col_1;state_ut_col_2;persons_arrested_col_3;juveniles_apprehended_for_first_time_col_4;juveniles_apprehended_but_not_convicted_in_past_col_5;juveniles_apprehended_were_convicted_in_past_col_6;adults_persons_arrested_for_first_time_col_7;adults_persons_arrested_but_not_convicted_in_past_col_8;adults_persons_arrested_and_convicted_in_past_col_9;percentage_of_recidivism_col_5_6_8_9_col_3_100_col_10,NOT_SUITABLE,Insufficient historical years for a defensible temporal ML task.
ncrb 2022\data\NCRB_Table_1A.1.csv,2020;2021;2022,39,True,False,rate_of_cognizable_crimes_ipc_2022,2020;2021;2022;mid_year_projected_population_in_lakhs_2022;rate_of_cognizable_crimes_ipc_2022;chargesheeting_rate_2022,SECONDARY_CANDIDATE,"State-level multi-year counts exist, but target semantics and available history require further review."
ncrb 2022\data\NCRB_Table_1A.2.csv,2020;2021;2022,39,True,False,rate_of_cognizable_crimes_sll_2022,2020;2021;2022;mid_year_projected_population_in_lakhs_2022;rate_of_cognizable_crimes_sll_2022;chargesheeting_rate_2022,SECONDARY_CANDIDATE,"State-level multi-year counts exist, but target semantics and available history require further review."
ncrb 2022\data\NCRB_Table_1A.3.csv,2020;2021;2022,39,True,False,rate_of_cognizable_crimes_ipc_sll_2022,2020;2021;2022;mid_year_projected_population_in_lakhs_2022;rate_of_cognizable_crimes_ipc_sll_2022;chargesheeting_rate_2022,SECONDARY_CANDIDATE,"State-level multi-year counts exist, but target semantics and available history require further review."
ncrb 2022\data\NCRB_Table_1A.4.csv,2022,39,True,False,causing_death_by_negligence_causing_death_by_negligence_sec_304_a_ipc_total_i_col_9;causing_death_by_negligence_causing_death_by_negligence_sec_304_a_ipc_total_v_col_10;causing_death_by_negligence_causing_death_by_negligence_sec_304_a_ipc_total_r_col_11;offences_affecting_the_human_body_causing_death_by_negligence_deaths_due_to_negligence_relating_to_road_accidents_deaths_due_to_negligence_relating_to_road_accidents_total_i_col_12;offences_affecting_the_human_body_causing_death_by_negligence_deaths_due_to_negligence_relating_to_road_accidents_deaths_due_to_negligence_relating_to_road_accidents_total_v_col_13;offences_affecting_the_human_body_causing_death_by_negligence_deaths_due_to_negligence_relating_to_road_accidents_deaths_due_to_negligence_relating_to_road_accidents_total_r_col_14;offences_affecting_the_human_body_hurt_simple_hurt_simple_hurt_total_i_col_54;offences_affecting_the_human_body_hurt_simple_hurt_simple_hurt_total_v_col_55,offences_affecting_the_human_body_murder_sec_302_ipc_i_col_3;offences_affecting_the_human_body_murder_sec_302_ipc_v_col_4;offences_affecting_the_human_body_murder_sec_302_ipc_r_col_5;offences_affecting_the_human_body_culpable_homicide_not_amounting_to_murder_sec_304_ipc_i_col_6;offences_affecting_the_human_body_culpable_homicide_not_amounting_to_murder_sec_304_ipc_v_col_7;offences_affecting_the_human_body_culpable_homicide_not_amounting_to_murder_sec_304_ipc_r_col_8;causing_death_by_negligence_causing_death_by_negligence_sec_304_a_ipc_total_i_col_9;causing_death_by_negligence_causing_death_by_negligence_sec_304_a_ipc_total_v_col_10;causing_death_by_negligence_causing_death_by_negligence_sec_304_a_ipc_total_r_col_11;offences_affecting_the_human_body_causing_death_by_negligence_deaths_due_to_negligence_relating_to_road_accidents_deaths_due_to_negligence_relating_to_road_accidents_total_i_col_12;offences_affecting_the_human_body_causing_death_by_negligence_deaths_due_to_negligence_relating_to_road_accidents_deaths_due_to_negligence_relating_to_road_accidents_total_v_col_13;offences_affecting_the_human_body_causing_death_by_negligence_deaths_due_to_negligence_relating_to_road_accidents_deaths_due_to_negligence_relating_to_road_accidents_total_r_col_14,NOT_SUITABLE,Insufficient historical years for a defensible temporal ML task.
ncrb 2022\data\NCRB_Table_1A.5.csv,1908;1923;1927;1939;1944;1946;1950;1951;1952;1954;1955;1956;1957;1959;1961;1966;1967;1971;1972;1974;1976;1980;1981;1982;1983;1984;1985;1986;1987;1988;1989;1994;1998;1999;2000;2003;2005;2006;2010;2012;2015;2016;2019,39,True,False,crime_against_women_related_acts_the_dowry_prohibition_act_1961_i_col_3;crime_against_women_related_acts_the_dowry_prohibition_act_1961_v_col_4;crime_against_women_related_acts_the_dowry_prohibition_act_1961_r_col_5;crime_against_women_related_acts_the_immoral_traffic_prevention_act_1956_i_col_6;crime_against_women_related_acts_the_immoral_traffic_prevention_act_1956_v_col_7;crime_against_women_related_acts_the_immoral_traffic_prevention_act_1956_r_col_8;crime_against_women_related_acts_the_protection_of_women_from_domestic_violence_act_2005_i_col_9;crime_against_women_related_acts_the_protection_of_women_from_domestic_violence_act_2005_v_col_10,crime_against_women_related_acts_the_dowry_prohibition_act_1961_i_col_3;crime_against_women_related_acts_the_dowry_prohibition_act_1961_v_col_4;crime_against_women_related_acts_the_dowry_prohibition_act_1961_r_col_5;crime_against_women_related_acts_the_immoral_traffic_prevention_act_1956_i_col_6;crime_against_women_related_acts_the_immoral_traffic_prevention_act_1956_v_col_7;crime_against_women_related_acts_the_immoral_traffic_prevention_act_1956_r_col_8;crime_against_women_related_acts_the_protection_of_women_from_domestic_violence_act_2005_i_col_9;crime_against_women_related_acts_the_protection_of_women_from_domestic_violence_act_2005_v_col_10;crime_against_women_related_acts_the_protection_of_women_from_domestic_violence_act_2005_r_col_11;crime_against_women_related_acts_the_indecent_representation_of_women_prohibition_act_2012_i_col_12;crime_against_women_related_acts_the_indecent_representation_of_women_prohibition_act_2012_v_col_13;crime_against_women_related_acts_the_indecent_representation_of_women_prohibition_act_2012_r_col_14,SECONDARY_CANDIDATE,"State-level multi-year counts exist, but target semantics and available history require further review."
ncrb 2022\data\NCRB_Table_1B.1.csv,2011;2020;2021;2022,20,False,False,rate_of_cognizable_crimes_ipc_2022,city;2020;2021;2022;actual_population_in_lakhs_2011;rate_of_cognizable_crimes_ipc_2022;chargesheeting_rate_2022,NOT_SUITABLE,"Multi-year columns exist, but there is no compatible state/district panel key."
ncrb 2022\data\NCRB_Table_1B.2.csv,2011;2020;2021;2022,20,False,False,rate_of_cognizable_crimes_sll_2022,city;2020;2021;2022;actual_population_in_lakhs_2011;rate_of_cognizable_crimes_sll_2022;chargesheeting_rate_2022,NOT_SUITABLE,"Multi-year columns exist, but there is no compatible state/district panel key."
ncrb 2022\data\NCRB_Table_1B.3.csv,2011;2020;2021;2022,20,False,False,rate_of_cognizable_crimes_ipc_sll_2022,city;2020;2021;2022;actual_population_in_lakhs_2011;rate_of_cognizable_crimes_ipc_sll_2022;chargesheeting_rate_2022,NOT_SUITABLE,"Multi-year columns exist, but there is no compatible state/district panel key."
ncrb 2022\data\NCRB_Table_1B.4.csv,2022,20,True,False,offences_affecting_the_human_body_causing_death_by_negligence_causing_death_by_negligence_sec_304_a_ipc_total_i_col_9;offences_affecting_the_human_body_causing_death_by_negligence_causing_death_by_negligence_sec_304_a_ipc_total_v_col_10;offences_affecting_the_human_body_causing_death_by_negligence_causing_death_by_negligence_sec_304_a_ipc_total_r_col_11;offences_affecting_the_human_body_causing_death_by_negligence_deaths_due_to_negligence_relating_to_road_accidentsdeaths_due_to_negligence_relating_to_road_accidents_total_i_col_12;offences_affecting_the_human_body_hurt_simple_hurt_simple_hurt_total_i_col_54;offences_affecting_the_human_body_hurt_simple_hurt_simple_hurt_total_v_col_55;offences_affecting_the_human_body_hurt_simple_hurt_simple_hurt_total_r_col_56;offences_affecting_the_human_body_hurt_grievous_hurt_grievous_hurt_total_i_col_72,city;offences_affecting_the_human_body_murder_sec_302_ipc_i_col_3;offences_affecting_the_human_body_murder_sec_302_ipc_v_col_4;offences_affecting_the_human_body_murder_sec_302_ipc_r_col_5;offences_affecting_the_human_body_culpable_homicide_not_amounting_to_murder_sec_304_ipc_i_col_6;offences_affecting_the_human_body_culpable_homicide_not_amounting_to_murder_sec_304_ipc_v_col_7;offences_affecting_the_human_body_culpable_homicide_not_amounting_to_murder_sec_304_ipc_r_col_8;offences_affecting_the_human_body_causing_death_by_negligence_causing_death_by_negligence_sec_304_a_ipc_total_i_col_9;offences_affecting_the_human_body_causing_death_by_negligence_causing_death_by_negligence_sec_304_a_ipc_total_v_col_10;offences_affecting_the_human_body_causing_death_by_negligence_causing_death_by_negligence_sec_304_a_ipc_total_r_col_11;offences_affecting_the_human_body_causing_death_by_negligence_deaths_due_to_negligence_relating_to_road_accidentsdeaths_due_to_negligence_relating_to_road_accidents_total_i_col_12;offences_affecting_the_human_body_causing_death_by_negligence_v_col_13,NOT_SUITABLE,Insufficient historical years for a defensible temporal ML task.
ncrb 2022\data\NCRB_Table_1B.5.csv,1908;1923;1927;1939;1944;1946;1950;1951;1952;1954;1955;1956;1957;1959;1961;1966;1967;1971;1972;1974;1976;1980;1981;1982;1983;1984;1985;1986;1987;1988;1989;1994;1998;1999;2000;2003;2005;2006;2010;2012;2015;2016;2019,20,True,False,crime_against_women_related_acts_the_dowry_prohibition_act_1961_i_col_3;crime_against_women_related_acts_the_dowry_prohibition_act_1961_v_col_4;crime_against_women_related_acts_the_dowry_prohibition_act_1961_r_col_5;crime_against_women_related_acts_the_immoral_traffic_prevention_act_1956_i_col_6;crime_against_women_related_acts_the_immoral_traffic_prevention_act_1956_v_col_7;crime_against_women_related_acts_the_immoral_traffic_prevention_act_1956_r_col_8;crime_against_women_related_acts_the_protection_of_women_from_domestic_violence_act_2005_i_col_9;crime_against_women_related_acts_the_protection_of_women_from_domestic_violence_act_2005_v_col_10,city;crime_against_women_related_acts_the_dowry_prohibition_act_1961_i_col_3;crime_against_women_related_acts_the_dowry_prohibition_act_1961_v_col_4;crime_against_women_related_acts_the_dowry_prohibition_act_1961_r_col_5;crime_against_women_related_acts_the_immoral_traffic_prevention_act_1956_i_col_6;crime_against_women_related_acts_the_immoral_traffic_prevention_act_1956_v_col_7;crime_against_women_related_acts_the_immoral_traffic_prevention_act_1956_r_col_8;crime_against_women_related_acts_the_protection_of_women_from_domestic_violence_act_2005_i_col_9;crime_against_women_related_acts_the_protection_of_women_from_domestic_violence_act_2005_v_col_10;crime_against_women_related_acts_the_protection_of_women_from_domestic_violence_act_2005_r_col_11;crime_against_women_related_acts_the_indecent_representation_of_women_prohibition_act_2012_i_col_12;crime_against_women_related_acts_the_indecent_representation_of_women_prohibition_act_2012_v_col_13,SECONDARY_CANDIDATE,"State-level multi-year counts exist, but target semantics and available history require further review."
ncrb 2022\data\NCRB_Table_1C.1.csv,2020;2021;2022,39,True,False,rate_of_violent_crimes_2022,category;2020;2021;2022;mid_year_projected_population_in_lakhs_2022;rate_of_violent_crimes_2022;chargesheeting_rate_2022,SECONDARY_CANDIDATE,"State-level multi-year counts exist, but target semantics and available history require further review."
ncrb 2022\data\NCRB_Table_1C.2.csv,2022,39,True,False,total_violent_crimes_cols_3_to_17,category;murder_sec_302_ipc;culpable_homicide_not_amounting_to_murder_sec_304_ipc;infanticide_sec_315_ipc;foeticide_sec_316_ipc;dowry_deaths_sec_304b_ipc;attempt_to_commit_murder_sec_307_ipc;attempt_to_commit_culpable_homicide_sec_308_ipc;grievous_hurt_sec_325_326_326a_326b_ipc;kidnapping_and_abduction_sec_363_369_ipc;rape_sec_376_ipc;attempt_to_commit_rape_sec_376_r_w_511_ipc,NOT_SUITABLE,Insufficient historical years for a defensible temporal ML task.
ncrb 2022\data\NCRB_Table_1C.3.csv,2011;2020;2021;2022,20,False,False,rate_of_violent_crimes_2022,city;2020;2021;2022;actual_population_in_lakhs_2011;rate_of_violent_crimes_2022;chargesheeting_rate_2022,NOT_SUITABLE,"Multi-year columns exist, but there is no compatible state/district panel key."
ncrb 2022\data\NCRB_Table_1C.4.csv,2022,20,False,False,total_violent_crimes_cols_3_to_17_col_18,city;murder_sec_302_ipc_col_3;culpable_homicide_not_amounting_to_murder_sec_304_ipc_col_4;infanticide_sec_315_ipc_col_5;foeticide_sec_316_ipc_col_6;dowry_deaths_sec_304b_ipc_col_7;attempt_to_commit_murder_sec_307_ipc_col_8;attempt_to_commit_culpable_homicide_sec_308_ipc_col_9;grievous_hurt_sec_325_326_326a_and_326b_ipc_col_10;kidnapping_and_abduction_sec_363_369_ipc_col_11;rape_sec_376_ipc_col_12;attempt_to_commit_rape_sec_376_r_w_511_ipc_col_13,NOT_SUITABLE,Insufficient historical years for a defensible temporal ML task.
ncrb 2022\data\NCRB_Table_20A.1.csv,2020;2021;2022,39,True,False,,value_of_property_stolen_2020;value_of_property_recovered_2020;percentage_recovery_of_stolen_property_2020;value_of_property_stolen_2021;value_of_property_recovered_2021;percentage_recovery_of_stolen_property_2021;value_of_property_stolen_2022;value_of_property_recovered_2022;percentage_recovery_of_stolen_property_2022,SECONDARY_CANDIDATE,"State-level multi-year counts exist, but target semantics and available history require further review."
ncrb 2022\data\NCRB_Table_20A.2.csv,2022,20,False,False,theft_cases;burglary_cases;robbery_cases;dacoity_cases;other_offences_in_which_property_lost_cases;total_cases;total_value,place_of_occurrence;theft_cases;theft_value;burglary_cases;burglary_value;robbery_cases;robbery_value;dacoity_cases;dacoity_value;other_offences_in_which_property_lost_cases;other_offences_in_which_property_lost_value;total_cases,NOT_SUITABLE,Insufficient historical years for a defensible temporal ML task.
ncrb 2022\data\NCRB_Table_20A.3.csv,2022,18,False,False,number_of_cases_in_which_property_stolen_col_3;number_of_cases_in_which_property_percentage_share_to_total_stolen_col_4;number_of_cases_in_which_property_recovered_col_5;value_of_property_percentage_share_to_total_stolen_col_8,sl_no_col_1;nature_of_property_col_2;number_of_cases_in_which_property_stolen_col_3;number_of_cases_in_which_property_percentage_share_to_total_stolen_col_4;number_of_cases_in_which_property_recovered_col_5;percentage_detection_col_5_col_3_100_col_6;value_of_property_stolen_col_7;value_of_property_percentage_share_to_total_stolen_col_8;value_of_property_recovered_col_9;percentage_recovery_col_9_col_7_100_col_10,NOT_SUITABLE,Insufficient historical years for a defensible temporal ML task.
ncrb 2022\data\NCRB_Table_20B.1.csv,2022,39,True,False,total_arms;total_ammunition,from_northeast_insurgents_extremists_terrorists_licensed_arms;from_northeast_insurgents_extremists_terrorists_ammunition;from_northeast_insurgents_extremists_terrorists_unlicensed_arms;from_northeast_insurgents_extremists_terrorists_ammunition_1;from_others_licensed_arms;from_others_ammunition;from_others_unlicensed_arms;from_others_ammunition_1;total_arms;total_ammunition,NOT_SUITABLE,Insufficient historical years for a defensible temporal ML task.
ncrb 2022\data\NCRB_Table_20B.2_i.csv,2000,39,True,False,total_currency_seized_notes;total_currency_seized_value,rs_2000_notes;rs_2000_value;rs_1000_notes_discontinued;rs_1000_value;rs_500_notes_may_include_discontinued_notes;rs_500_value;rs_200_notes;rs_200_value;rs_100_notes;rs_100_value;rs_50_notes;rs_500_value_1,NOT_SUITABLE,Insufficient historical years for a defensible temporal ML task.
ncrb 2022\data\NCRB_Table_20B.2_ii.csv,2000,42,True,False,total_fake_indian_currency_seized_notes;total_fake_indian_currency_seized_value,rs_2000_notes;rs_2000_value;rs_1000_notes_discontinued;rs_1000_value;rs_500_notes_may_include_discontinued_notes;rs_500_value;rs_200_notes;rs_200_value;rs_100_notes;rs_100_value;rs_50_notes;rs_50_value,NOT_SUITABLE,Insufficient historical years for a defensible temporal ML task.
ncrb 2022\data\NCRB_Table_20B.3.csv,2022,30,False,False,,drug_head;in_kilogram;in_numbers;in_liters,NOT_SUITABLE,Insufficient historical years for a defensible temporal ML task.
ncrb 2022\data\NCRB_Table_20B.4.csv,2022,16,False,False,total,type_of_explosive;seized_from_extremists_insurgents_terrorists;seized_from_others_from_others_criminals_smugglers_etc;total,NOT_SUITABLE,Insufficient historical years for a defensible temporal ML task.
ncrb 2022\data\NCRB_Table_2A.1.csv,2020;2021;2022,39,True,False,,2020;2021;2022;mid_year_projected_population_in_lakhs_2022;rate_of_murder_2022;chargesheeting_rate_2022,SECONDARY_CANDIDATE,"State-level multi-year counts exist, but target semantics and available history require further review."
ncrb 2022\data\NCRB_Table_2A.2.csv,2022,39,True,False,disputes_disputes_total_col_20;total_motives_of_murder_col_29,gain_col_3;personal_vendetta_or_enmity_col_4;dowry_col_5;witchcraft_col_6;child_human_sacrifice_col_7;communal_religious_col_8;casteism_col_9;class_conflict_col_10;for_political_reason_col_11;honour_killing_col_12;love_affairs_col_13;illicit_relationship_col_14,NOT_SUITABLE,Insufficient historical years for a defensible temporal ML task.
ncrb 2022\data\NCRB_Table_2A.3.csv,2022,39,True,False,child_victims_below_6_years_total_col_6;child_victims_9_years_to_12_years_total_col_10;child_victims_15_years_to_16_years_total_col_14;child_victims_19_years_to_18_years_total_col_18;child_victims_total_child_victims_m_col_19;child_victims_total_child_victims_f_col_20;child_victims_total_child_victims_trans_col_21;child_victims_total_child_victims_total_col_22,child_victims_below_6_years_m_col_3;child_victims_below_6_years_f_col_4;child_victims_below_6_years_trans_col_5;child_victims_below_6_years_total_col_6;child_victims_6_years_to_12_years_m_col_7;child_victims_7_years_to_12_years_f_col_8;child_victims_8_years_to_12_years_trans_col_9;child_victims_9_years_to_12_years_total_col_10;child_victims_12_years_to_16_years_m_col_11;child_victims_13_years_to_16_years_f_col_12;child_victims_14_years_to_16_years_trans_col_13;child_victims_15_years_to_16_years_total_col_14,NOT_SUITABLE,Insufficient historical years for a defensible temporal ML task.
ncrb 2022\data\NCRB_Table_2B.1.csv,2011;2020;2021;2022,20,False,False,,city;2020;2021;2022;actual_population_in_lakhs_2011;rate_of_murder_2022;chargesheeting_rate_2022,NOT_SUITABLE,"Multi-year columns exist, but there is no compatible state/district panel key."
ncrb 2022\data\NCRB_Table_2B.2.csv,2022,20,False,False,disputes_disputes_total_col_20;total_motives_of_murder_col_29,city;gain_col_3;personal_vendetta_or_enmity_col_4;dowry_col_5;witchcraft_col_6;child_human_sacrifice_col_7;communal_religious_col_8;casteism_col_9;class_conflict_col_10;for_political_reason_col_11;honour_killing_col_12;love_affairs_col_13,NOT_SUITABLE,Insufficient historical years for a defensible temporal ML task.
ncrb 2022\data\NCRB_Table_2B.3.csv,2022,21,False,False,child_victims_below_6_years_total_col_6;child_victims_6_years_to_12_years_total_col_10;child_victims_12_years_to_16_years_total_col_14;child_victims_total_col_18;child_victims_total_child_victims_m_col_19;child_victims_total_child_victims_f_col_20;child_victims_total_child_victims_trans_col_21;child_victims_total_child_victims_total_col_22,city;child_victims_below_6_years_m_col_3;child_victims_below_6_years_f_col_4;child_victims_below_6_years_trans_col_5;child_victims_below_6_years_total_col_6;child_victims_6_years_to_12_years_m_col_7;child_victims_6_years_to_12_years_f_col_8;child_victims_6_years_to_12_years_trans_col_9;child_victims_6_years_to_12_years_total_col_10;child_victims_12_years_to_16_years_m_col_11;child_victims_12_years_to_16_years_f_col_12;child_victims_12_years_to_16_years_trans_col_13,NOT_SUITABLE,Insufficient historical years for a defensible temporal ML task.
ncrb 2022\data\NCRB_Table_2C.1.csv,2020;2021;2022,39,True,False,,2020;2021;2022;mid_year_projected_population_in_lakhs_2022;rate_of_kidnapping_and_abduction_2022;chargesheeting_rate_2022,SECONDARY_CANDIDATE,"State-level multi-year counts exist, but target semantics and available history require further review."
ncrb 2022\data\NCRB_Table_2C.2.csv,2022,40,True,False,child_victims_total_child_victims_m_col_19;child_victims_total_child_victims_f_col_20;child_victims_total_child_victims_tr_col_21;child_victims_total_child_victims_t_col_22;adult_victims_total_adult_victims_m_col_35;adult_victims_total_adult_victims_f_col_36;adult_victims_total_adult_victims_tr_col_37;adult_victims_total_adult_victims_t_col_38,child_victims_below_6_years_m_col_3;child_victims_below_6_years_f_col_4;child_victims_below_6_years_tr_col_5;child_victims_below_6_years_t_col_6;child_victims_6_years_to_12_years_m_col_7;child_victims_6_years_to_12_years_f_col_8;child_victims_6_years_to_12_years_tr_col_9;child_victims_6_years_to_12_years_t_col_10;child_victims_12_years_to_16_years_m_col_11;child_victims_12_years_to_16_years_f_col_12;child_victims_12_years_to_16_years_tr_col_13;child_victims_12_years_to_16_years_t_col_14,NOT_SUITABLE,Insufficient historical years for a defensible temporal ML task.
ncrb 2022\data\NCRB_Table_2C.3.csv,2022,28,False,False,victims_recovered_alive_total_victims_m;victims_recovered_alive_total_victims_f;victims_recovered_alive_total_victims_tr;victims_recovered_alive_total_victims_t,purpose;victims_recovered_alive_child_victims_m;victims_recovered_alive_child_victims_f;victims_recovered_alive_child_victims_tr;victims_recovered_alive_child_victims_t;victims_recovered_alive_adult_victims_m;victims_recovered_alive_adult_victims_f;victims_recovered_alive_adult_victims_tr;victims_recovered_alive_adult_victims_t;victims_recovered_alive_total_victims_m;victims_recovered_alive_total_victims_f;victims_recovered_alive_total_victims_tr,NOT_SUITABLE,Insufficient historical years for a defensible temporal ML task.
ncrb 2022\data\NCRB_Table_2C.4.csv,2022,39,True,False,unrecovered_victims_of_previous_years_kidnapping_and_abduction_as_on_31_12_2022_total_col_6;persons_kidnapped_and_abducted_2022_total_col_10;total_persons_kidnapped_and_abducted_male_col_11;total_persons_kidnapped_and_abducted_female_col_12;total_persons_kidnapped_and_abducted_trans_col_13;total_persons_kidnapped_and_abducted_total_col_14;persons_recovered_alive_total_col_18;persons_recovered_dead_total_col_22,unrecovered_victims_of_previous_years_kidnapping_and_abduction_as_on_31_12_2022_male_col_3;unrecovered_victims_of_previous_years_kidnapping_and_abduction_as_on_31_12_2022_female_col_4;unrecovered_victims_of_previous_years_kidnapping_and_abduction_as_on_31_12_2022_trans_col_5;unrecovered_victims_of_previous_years_kidnapping_and_abduction_as_on_31_12_2022_total_col_6;persons_kidnapped_and_abducted_2022_male_col_7;persons_kidnapped_and_abducted_2022_female_col_8;persons_kidnapped_and_abducted_2022_trans_col_9;persons_kidnapped_and_abducted_2022_total_col_10;total_persons_kidnapped_and_abducted_male_col_11;total_persons_kidnapped_and_abducted_female_col_12;total_persons_kidnapped_and_abducted_trans_col_13;total_persons_kidnapped_and_abducted_total_col_14,NOT_SUITABLE,Insufficient historical years for a defensible temporal ML task.
ncrb 2022\data\NCRB_Table_2C.5.csv,2022,8,False,False,gender_wise_age_group_wise_child_victims_total_child_victims_m_col_19;gender_wise_age_group_wise_child_victims_total_child_victims_f_col_20;gender_wise_age_group_wise_child_victims_total_child_victims_tr_col_21;gender_wise_age_group_wise_child_victims_total_child_victims_t_col_22;total_adult_victims_m_col_35;total_adult_victims_f_col_36;total_adult_victims_tr_col_37;total_adult_victims_t_col_38,category;recovery;gender_wise_age_group_wise_child_victims_below_6_years_m_col_3;gender_wise_age_group_wise_child_victims_below_6_years_f_col_4;gender_wise_age_group_wise_child_victims_below_6_years_tr_col_5;gender_wise_age_group_wise_child_victims_below_6_years_t_col_6;gender_wise_age_group_wise_child_victims_6_years_to_12_years_m_col_7;gender_wise_age_group_wise_child_victims_6_years_to_12_years_f_col_8;gender_wise_age_group_wise_child_victims_6_years_to_12_years_tr_col_9;gender_wise_age_group_wise_child_victims_6_years_to_12_years_t_col_10;gender_wise_age_group_wise_child_victims_12_years_to_16_years_m_col_11;gender_wise_age_group_wise_child_victims_12_years_to_16_years_f_col_12,NOT_SUITABLE,Insufficient historical years for a defensible temporal ML task.
ncrb 2022\data\NCRB_Table_2D.1.csv,2011;2020;2021;2022,20,False,False,,city;2020;2021;2022;actual_population_in_lakhs_2011;rate_of_kidnapping_and_abduction_2022;chargesheeting_rate_2022,NOT_SUITABLE,"Multi-year columns exist, but there is no compatible state/district panel key."
ncrb 2022\data\NCRB_Table_2D.2.csv,2022,21,False,False,child_victims_total_child_victims_m_col_19;child_victims_total_child_victims_f_col_20;child_victims_total_child_victims_tr_col_21;child_victims_total_child_victims_t_col_22;adult_victims_total_adult_victims_m_col_35;adult_victims_total_adult_victims_f_col_36;adult_victims_total_adult_victims_tr_col_37;adult_victims_total_adult_victims_t_col_38,city;child_victims_below_6_years_m_col_3;child_victims_below_6_years_f_col_4;child_victims_below_6_years_tr_col_5;child_victims_below_6_years_t_col_6;child_victims_6_years_to_12_years_m_col_7;child_victims_6_years_to_12_years_f_col_8;child_victims_6_years_to_12_years_tr_col_9;child_victims_6_years_to_12_years_t_col_10;child_victims_12_years_to_16_years_m_col_11;child_victims_12_years_to_16_years_f_col_12;child_victims_12_years_to_16_years_tr_col_13,NOT_SUITABLE,Insufficient historical years for a defensible temporal ML task.
ncrb 2022\data\NCRB_Table_2D.3.csv,2022,28,False,False,victims_recovered_alive_total_victims_m;victims_recovered_alive_total_victims_f;victims_recovered_alive_total_victims_tr;victims_recovered_alive_total_victims_t,purpose;victims_recovered_alive_child_victims_m;victims_recovered_alive_child_victims_f;victims_recovered_alive_child_victims_tr;victims_recovered_alive_child_victims_t;victims_recovered_alive_adult_victims_m;victims_recovered_alive_adult_victims_f;victims_recovered_alive_adult_victims_tr;victims_recovered_alive_adult_victims_t;victims_recovered_alive_total_victims_m;victims_recovered_alive_total_victims_f;victims_recovered_alive_total_victims_tr,NOT_SUITABLE,Insufficient historical years for a defensible temporal ML task.
ncrb 2022\data\NCRB_Table_2D.4.csv,2022,20,False,False,unrecovered_victims_of_previous_years_kidnapping_and_abduction_as_on_31_12_2022_total_col_6;persons_kidnapped_and_abducted_2022_total_col_10;total_persons_kidnapped_and_abducted_male_col_11;total_persons_kidnapped_and_abducted_female_col_12;total_persons_kidnapped_and_abducted_trans_col_13;total_persons_kidnapped_and_abducted_total_col_14;persons_recovered_alive_total_col_18;persons_recovered_dead_total_col_22,city;unrecovered_victims_of_previous_years_kidnapping_and_abduction_as_on_31_12_2022_male_col_3;unrecovered_victims_of_previous_years_kidnapping_and_abduction_as_on_31_12_2022_female_col_4;unrecovered_victims_of_previous_years_kidnapping_and_abduction_as_on_31_12_2022_trans_col_5;unrecovered_victims_of_previous_years_kidnapping_and_abduction_as_on_31_12_2022_total_col_6;persons_kidnapped_and_abducted_2022_male_col_7;persons_kidnapped_and_abducted_2022_female_col_8;persons_kidnapped_and_abducted_2022_trans_col_9;persons_kidnapped_and_abducted_2022_total_col_10;total_persons_kidnapped_and_abducted_male_col_11;total_persons_kidnapped_and_abducted_female_col_12;total_persons_kidnapped_and_abducted_trans_col_13,NOT_SUITABLE,Insufficient historical years for a defensible temporal ML task.
ncrb 2022\data\NCRB_Table_2D.5.csv,2022,7,False,False,gender_wise_age_group_wise_child_victims_total_child_victims_m_col_19;gender_wise_age_group_wise_child_victims_total_child_victims_f_col_20;gender_wise_age_group_wise_child_victims_total_child_victims_tr_col_21;gender_wise_age_group_wise_child_victims_total_child_victims_t_col_22;total_adult_victims_m_col_35;total_adult_victims_f_col_36;total_adult_victims_tr_col_37;total_adult_victims_t_col_38,recovery;gender_wise_age_group_wise_child_victims_below_6_years_m_col_3;gender_wise_age_group_wise_child_victims_below_6_years_f_col_4;gender_wise_age_group_wise_child_victims_below_6_years_tr_col_5;gender_wise_age_group_wise_child_victims_below_6_years_t_col_6;gender_wise_age_group_wise_child_victims_6_years_to_12_years_m_col_7;gender_wise_age_group_wise_child_victims_6_years_to_12_years_f_col_8;gender_wise_age_group_wise_child_victims_6_years_to_12_years_tr_col_9;gender_wise_age_group_wise_child_victims_6_years_to_12_years_t_col_10;gender_wise_age_group_wise_child_victims_12_years_to_16_years_m_col_11;gender_wise_age_group_wise_child_victims_12_years_to_16_years_f_col_12;gender_wise_age_group_wise_child_victims_12_years_to_16_years_tr_col_13,NOT_SUITABLE,Insufficient historical years for a defensible temporal ML task.
ncrb 2022\data\NCRB_Table_3A.1.csv,2020;2021;2022,39,True,False,rate_of_total_crime_against_women_2022,2020;2021;2022;mid_year_projected_population_in_lakhs_2022;rate_of_total_crime_against_women_2022;chargesheeting_rate_2022,SECONDARY_CANDIDATE,"State-level multi-year counts exist, but target semantics and available history require further review."
ncrb 2022\data\NCRB_Table_3A.10.csv,2022,39,True,False,persons_arrested_total;persons_charge_sheeted_total;persons_convicted_total;persons_discharged_total;persons_acquitted_total,persons_arrested_male;persons_arrested_female;persons_arrested_transgender;persons_arrested_total;persons_charge_sheeted_male;persons_charge_sheeted_female;persons_charge_sheeted_transgender;persons_charge_sheeted_total;persons_convicted_male;persons_convicted_female;persons_convicted_transgender;persons_convicted_total,NOT_SUITABLE,Insufficient historical years for a defensible temporal ML task.
ncrb 2022\data\NCRB_Table_3A.11.csv,2022,39,True,False,rape_in_custody_section_376_2_rape_in_custody_total;rape_in_custody_section_376_2_rape_other_than_custodial_total;rape_total_sec_376_ipc,punishment_for_rape_sec_376_and_376_i;rape_in_custody_section_376_2_rape_in_custody_total;rape_in_custody_section_376_2_by_police_personnel_sec_376_2_a;rape_in_custody_section_376_2_by_public_servant_sec_376_2_b;rape_in_custody_section_376_2_by_member_of_armed_forces_sec_376_2_c;rape_in_custody_section_376_2_by_management_staff_of_jail_remand_home_place_of_custody_sec_376_2_d;rape_in_custody_section_376_2_by_management_staff_of_hospital_sec_376_2_e;rape_in_custody_section_376_2_rape_other_than_custodial_total;rape_in_custody_section_376_2_by_relative_guardian_teacher_person_in_position_of_trust_sec_376_2_f;rape_in_custody_section_376_2_on_pregnant_women_sec_376_2_h;rape_in_custody_section_376_2_on_women_below_16_years_of_age_sec_376_2_i;rape_in_custody_section_376_2_on_women_incapable_of_giving_consent_sec_376_2_j,NOT_SUITABLE,Insufficient historical years for a defensible temporal ML task.
ncrb 2022\data\NCRB_Table_3A.2.csv,1956;1961;1986,39,True,False,kidnapping_and_abduction_of_women_kidnapping_and_abduction_of_women_total_i_col_24;kidnapping_and_abduction_of_women_kidnapping_and_abduction_of_women_total_v_col_25;kidnapping_and_abduction_of_women_kidnapping_and_abduction_of_women_total_r_col_26;kidnapping_and_abduction_of_women_kidnapping_and_abduction_of_women_to_compel_her_for_marriage_sec_366_ipc_kanda_of_women_to_compel_her_for_marriage_total_i_col_36;kidnapping_and_abduction_of_women_kidnapping_and_abduction_of_women_to_compel_her_for_marriage_sec_366_ipc_kanda_of_women_to_compel_her_for_marriage_total_v_col_37;kidnapping_and_abduction_of_women_kidnapping_and_abduction_of_women_to_compel_her_for_marriage_sec_366_ipc_kanda_of_women_to_compel_her_for_marriage_total_r_col_38;kidnapping_and_abduction_of_women_importation_of_girls_from_foreign_country_sec_366b_ipc_i_col_48;kidnapping_and_abduction_of_women_importation_of_girls_from_foreign_country_sec_366b_ipc_v_col_49,murder_with_rape_gang_rape_i_col_3;murder_with_rape_gang_rape_v_col_4;murder_with_rape_gang_rape_r_col_5;dowry_deaths_sec_304b_ipc_i_col_6;dowry_deaths_sec_304b_ipc_v_col_7;dowry_deaths_sec_304b_ipc_r_col_8;abetment_to_suicide_of_women_sec_305_306_ipc_i_col_9;abetment_to_suicide_of_women_sec_305_306_ipc_v_col_10;abetment_to_suicide_of_women_sec_305_306_ipc_r_col_11;miscarriage_sec_313_and_314_ipc_i_col_12;miscarriage_sec_313_and_314_ipc_v_col_13;miscarriage_sec_313_and_314_ipc_r_col_14,SECONDARY_CANDIDATE,"State-level multi-year counts exist, but target semantics and available history require further review."
ncrb 2022\data\NCRB_Table_3A.3.csv,2022,40,True,False,cases_reported_col_3;child_victims_of_rape_below_18_yrs_total_girl_child_victims_col_8;women_victims_of_rape_above_18_years_total_women_adult_victims_col_13;total_victims_col_8_col_13_col_14,cases_reported_col_3;child_victims_of_rape_below_18_yrs_below_6_years_col_4;child_victims_of_rape_below_18_yrs_6_years_and_above_below_12_years_col_5;child_victims_of_rape_below_18_yrs_12_years_and_above_below_16_years_col_6;child_victims_of_rape_below_18_yrs_16_years_and_above_below_18_years_col_7;child_victims_of_rape_below_18_yrs_total_girl_child_victims_col_8;women_victims_of_rape_above_18_years_18_years_and_above_below_30_years_col_9;women_victims_of_rape_above_18_years_30_years_and_above_below_45_years_col_10;women_victims_of_rape_above_18_years_45_years_and_above_below_60_years_col_11;women_victims_of_rape_above_18_years_60_years_and_above_col_12;women_victims_of_rape_above_18_years_total_women_adult_victims_col_13;total_victims_col_8_col_13_col_14,NOT_SUITABLE,Insufficient historical years for a defensible temporal ML task.
ncrb 2022\data\NCRB_Table_3A.4.csv,2022,39,True,False,cases_which_offenders_were_known_to_victim_cases_offender_known_to_victim_total_col_3;cases_which_offenders_were_known_to_victim_family_members_col_4;cases_which_offenders_were_known_to_victim_friends_online_friends_or_live_in_partners_on_pretext_of_marriage_separated_husband_col_5;cases_which_offenders_were_known_to_victim_family_friends_neighbors_employer_or_other_known_persons_col_6;cases_offenders_unknown_or_not_identified_col_7;total_rape_cases_known_unknown_offenders_col_8;percentage_share_of_known_cases_to_total_rape_cases_col_9,cases_which_offenders_were_known_to_victim_cases_offender_known_to_victim_total_col_3;cases_which_offenders_were_known_to_victim_family_members_col_4;cases_which_offenders_were_known_to_victim_friends_online_friends_or_live_in_partners_on_pretext_of_marriage_separated_husband_col_5;cases_which_offenders_were_known_to_victim_family_friends_neighbors_employer_or_other_known_persons_col_6;cases_offenders_unknown_or_not_identified_col_7;total_rape_cases_known_unknown_offenders_col_8;percentage_share_of_known_cases_to_total_rape_cases_col_9,NOT_SUITABLE,Insufficient historical years for a defensible temporal ML task.
ncrb 2022\data\NCRB_Table_3A.5.csv,2022,54,True,False,crime_head;cases_pending_investigation_from_previous_year_col_3;cases_reported_during_the_year_col_4;cases_reopened_for_investigation_col_5;total_cases_for_investigation_col_3_col_4_col_5_col_6;cases_not_investigated_under_157_1_b_crpc_col_7;cases_transferred_to_other_state_or_agency_col_8;cases_withdrawn_by_the_govt_during_investigation_col_9,crime_head;cases_pending_investigation_from_previous_year_col_3;cases_reported_during_the_year_col_4;cases_reopened_for_investigation_col_5;total_cases_for_investigation_col_3_col_4_col_5_col_6;cases_not_investigated_under_157_1_b_crpc_col_7;cases_transferred_to_other_state_or_agency_col_8;cases_withdrawn_by_the_govt_during_investigation_col_9;final_report_cases_ended_as_fr_non_cognizable_col_10;final_report_cases_ended_as_final_report_false_col_11;final_report_cases_ended_as_mistake_of_fact_or_of_law_or_civil_dispute_col_12;final_report_cases_true_but_insufficient_evidence_or_untraced_or_no_clue_col_13,NOT_SUITABLE,Insufficient historical years for a defensible temporal ML task.
ncrb 2022\data\NCRB_Table_3A.6.csv,2022,39,True,False,cases_pending_investigation_from_previous_year_col_3;cases_reported_during_the_year_col_4;cases_reopened_for_investigation_col_5;total_cases_for_investigation_col_3_col_4_col_5_col_6;cases_not_investigated_under_157_1_b_crpc_col_7;cases_transferred_to_other_state_or_agency_col_8;cases_withdrawn_by_the_govt_during_investigation_col_9;final_report_cases_ended_as_fr_non_cognizable_col_10,cases_pending_investigation_from_previous_year_col_3;cases_reported_during_the_year_col_4;cases_reopened_for_investigation_col_5;total_cases_for_investigation_col_3_col_4_col_5_col_6;cases_not_investigated_under_157_1_b_crpc_col_7;cases_transferred_to_other_state_or_agency_col_8;cases_withdrawn_by_the_govt_during_investigation_col_9;final_report_cases_ended_as_fr_non_cognizable_col_10;final_report_cases_ended_as_final_report_false_col_11;final_report_cases_ended_as_mistake_of_fact_or_of_law_or_civil_dispute_col_12;final_report_cases_true_but_insufficient_evidence_or_untraced_or_no_clue_col_13;final_report_cases_abated_during_investigation_col_14,NOT_SUITABLE,Insufficient historical years for a defensible temporal ML task.
ncrb 2022\data\NCRB_Table_3A.7.csv,2022,54,False,False,crime_head;cases_pending_trial_from_the_previous_year_col_3;cases_sent_for_trial_during_the_year_col_4;total_cases_for_trial_col_3_col_4_col_5;cases_abated_by_court_col_6;cases_withdrawn_from_prosecution_col_7;cases_compounded_or_compromised_col_8;cases_disposed_off_by_plea_bargaining_col_9,crime_head;cases_pending_trial_from_the_previous_year_col_3;cases_sent_for_trial_during_the_year_col_4;total_cases_for_trial_col_3_col_4_col_5;cases_abated_by_court_col_6;cases_withdrawn_from_prosecution_col_7;cases_compounded_or_compromised_col_8;cases_disposed_off_by_plea_bargaining_col_9;cases_quashed_col_10;cases_disposed_off_without_trial_col_6_col_7_col_8_col_9_col_10_col_11;cases_stayed_or_sent_to_record_room_col_12;cases_convicted_out_of_cases_from_previous_year_col_13,NOT_SUITABLE,Insufficient historical years for a defensible temporal ML task.
ncrb 2022\data\NCRB_Table_3A.8.csv,2022,39,True,False,cases_pending_trial_from_the_previous_year_col_3;cases_sent_for_trial_during_the_year_col_4;total_cases_for_trial_col_3_col_4_col_5;cases_abated_by_court_col_6;cases_withdrawn_from_prosecution_col_7;cases_compounded_or_compromised_col_8;cases_disposed_off_by_plea_bargaining_col_9;cases_quashed_col_10,cases_pending_trial_from_the_previous_year_col_3;cases_sent_for_trial_during_the_year_col_4;total_cases_for_trial_col_3_col_4_col_5;cases_abated_by_court_col_6;cases_withdrawn_from_prosecution_col_7;cases_compounded_or_compromised_col_8;cases_disposed_off_by_plea_bargaining_col_9;cases_quashed_col_10;cases_disposed_off_without_trial_col_6_col_7_col_8_col_9_col_10_col_11;cases_stayed_or_sent_to_record_room_col_12;cases_convicted_out_of_cases_from_previous_year_col_13;cases_convicted_out_of_cases_during_the_year_col_14,NOT_SUITABLE,Insufficient historical years for a defensible temporal ML task.
ncrb 2022\data\NCRB_Table_3A.9.csv,2022,54,False,False,crime_head;persons_arrested_total;persons_chargesheeted_total;persons_convicted_total;persons_discharged_total;persons_acquitted_total,crime_head;persons_arrested_male;persons_arrested_female;persons_arrested_transgender;persons_arrested_total;persons_chargesheeted_male;persons_chargesheeted_female;persons_chargesheeted_transgender;persons_chargesheeted_total;persons_convicted_male;persons_convicted_female;persons_convicted_transgender,NOT_SUITABLE,Insufficient historical years for a defensible temporal ML task.
ncrb 2022\data\NCRB_Table_3B.1.csv,2011;2020;2021;2022,20,False,False,rate_of_total_crime_against_women_2022,city;2020;2021;2022;actual_population_in_lakhs_2011;rate_of_total_crime_against_women_2022;chargesheeting_rate_2022,NOT_SUITABLE,"Multi-year columns exist, but there is no compatible state/district panel key."
ncrb 2022\data\NCRB_Table_3B.2.csv,1956;1961;1986,20,False,False,kidnapping_and_abduction_of_women_kidnapping_and_abduction_of_women_total_i_col_24;kidnapping_and_abduction_of_women_kidnapping_and_abduction_of_women_total_v_col_25;kidnapping_and_abduction_of_women_kidnapping_and_abduction_of_women_total_r_col_26;kidnapping_and_abduction_of_women_kidnapping_and_abduction_of_women_to_compel_her_for_marriage_sec_366_ipc_kanda_of_women_to_compel_her_for_marriage_total_i_col_36;kidnapping_and_abduction_of_women_kidnapping_and_abduction_of_women_to_compel_her_for_marriage_sec_366_ipc_kanda_of_women_to_compel_her_for_marriage_total_v_col_37;kidnapping_and_abduction_of_women_kidnapping_and_abduction_of_women_to_compel_her_for_marriage_sec_366_ipc_kanda_of_women_to_compel_her_for_marriage_total_r_col_38;kidnapping_and_abduction_of_women_importation_of_girls_from_foreign_country_sec_366b_ipc_i_col_48;kidnapping_and_abduction_of_women_importation_of_girls_from_foreign_country_sec_366b_ipc_v_col_49,city;murder_with_rape_gang_rape_i_col_3;murder_with_rape_gang_rape_v_col_4;murder_with_rape_gang_rape_r_col_5;dowry_deaths_sec_304b_ipc_i_col_6;dowry_deaths_sec_304b_ipc_v_col_7;dowry_deaths_sec_304b_ipc_r_col_8;abetment_to_suicide_of_women_sec_305_306_ipc_i_col_9;abetment_to_suicide_of_women_sec_305_306_ipc_v_col_10;abetment_to_suicide_of_women_sec_305_306_ipc_r_col_11;miscarriage_sec_313_and_314_ipc_i_col_12;miscarriage_sec_313_and_314_ipc_v_col_13,NOT_SUITABLE,"Multi-year columns exist, but there is no compatible state/district panel key."
ncrb 2022\data\NCRB_Table_3B.3.csv,2022,54,True,False,crime_head;cases_pending_investigation_from_previous_year_col_3;cases_reported_during_the_year_col_4;cases_reopened_for_investigation_col_5;total_cases_for_investigation_col_3_col_4_col_5_col_6;cases_not_investigated_under_157_1_b_crpc_col_7;cases_transferred_to_other_state_or_agency_col_8;cases_withdrawn_by_the_govt_during_investigation_col_9,crime_head;cases_pending_investigation_from_previous_year_col_3;cases_reported_during_the_year_col_4;cases_reopened_for_investigation_col_5;total_cases_for_investigation_col_3_col_4_col_5_col_6;cases_not_investigated_under_157_1_b_crpc_col_7;cases_transferred_to_other_state_or_agency_col_8;cases_withdrawn_by_the_govt_during_investigation_col_9;final_report_cases_ended_as_fr_non_cognizable_col_10;final_report_cases_ended_as_final_report_false_col_11;final_report_cases_ended_as_mistake_of_fact_or_of_law_or_civil_dispute_col_12;final_report_cases_true_but_insufficient_evidence_or_untraced_or_no_clue_col_13,NOT_SUITABLE,Insufficient historical years for a defensible temporal ML task.
ncrb 2022\data\NCRB_Table_3B.4.csv,2022,20,True,False,cases_pending_investigation_from_previous_year_col_3;cases_reported_during_the_year_col_4;cases_reopened_for_investigation_col_5;total_cases_for_investigation_col_3_col_4_col_5_col_6;cases_not_investigated_under_157_1_b_crpc_col_7;cases_transferred_to_other_state_or_agency_col_8;cases_withdrawn_by_the_govt_during_investigation_col_9;final_report_cases_ended_as_fr_non_cognizable_col_10,city;cases_pending_investigation_from_previous_year_col_3;cases_reported_during_the_year_col_4;cases_reopened_for_investigation_col_5;total_cases_for_investigation_col_3_col_4_col_5_col_6;cases_not_investigated_under_157_1_b_crpc_col_7;cases_transferred_to_other_state_or_agency_col_8;cases_withdrawn_by_the_govt_during_investigation_col_9;final_report_cases_ended_as_fr_non_cognizable_col_10;final_report_cases_ended_as_final_report_false_col_11;final_report_cases_ended_as_mistake_of_fact_or_of_law_or_civil_dispute_col_12;final_report_cases_true_but_insufficient_evidence_or_untraced_or_no_clue_col_13,NOT_SUITABLE,Insufficient historical years for a defensible temporal ML task.
ncrb 2022\data\NCRB_Table_3B.5.csv,2022,54,False,False,crime_head;cases_pending_trial_from_the_previous_year_col_3;cases_sent_for_trial_during_the_year_col_4;total_cases_for_trial_col_3_col_4_col_5;cases_abated_by_court_col_6;cases_withdrawn_from_prosecution_col_7;cases_compounded_or_compromised_col_8;cases_disposed_off_by_plea_bargaining_col_9,crime_head;cases_pending_trial_from_the_previous_year_col_3;cases_sent_for_trial_during_the_year_col_4;total_cases_for_trial_col_3_col_4_col_5;cases_abated_by_court_col_6;cases_withdrawn_from_prosecution_col_7;cases_compounded_or_compromised_col_8;cases_disposed_off_by_plea_bargaining_col_9;cases_quashed_col_10;cases_disposed_off_without_trial_col_6_col_7_col_8_col_9_col_10_col_11;cases_stayed_or_sent_to_record_room_col_12;cases_convicted_out_of_cases_from_previous_year_col_13,NOT_SUITABLE,Insufficient historical years for a defensible temporal ML task.
ncrb 2022\data\NCRB_Table_3B.6.csv,2022,20,False,False,cases_pending_trial_from_the_previous_year_col_3;cases_sent_for_trial_during_the_year_col_4;total_cases_for_trial_col_3_col_4_col_5;cases_abated_by_court_col_6;cases_withdrawn_from_prosecution_col_7;cases_compounded_or_compromised_col_8;cases_disposed_off_by_plea_bargaining_col_9;cases_quashed_col_10,city;cases_pending_trial_from_the_previous_year_col_3;cases_sent_for_trial_during_the_year_col_4;total_cases_for_trial_col_3_col_4_col_5;cases_abated_by_court_col_6;cases_withdrawn_from_prosecution_col_7;cases_compounded_or_compromised_col_8;cases_disposed_off_by_plea_bargaining_col_9;cases_quashed_col_10;cases_disposed_off_without_trial_col_6_col_7_col_8_col_9_col_10_col_11;cases_stayed_or_sent_to_record_room_col_12;cases_convicted_out_of_cases_from_previous_year_col_13,NOT_SUITABLE,Insufficient historical years for a defensible temporal ML task.
ncrb 2022\data\NCRB_Table_3B.7.csv,2022,54,False,False,crime_head;persons_arrested_total_col_6;total_col_10;persons_convicted_total_col_14;persons_discharged_total_col_18;persons_acquitted_total_col_22,crime_head;persons_arrested_male_col_3;persons_arrested_female_col_4;persons_arrested_transgender_col_5;persons_arrested_total_col_6;persons_chargesheeted_male_col_7;persons_chargesheeted_female_col_8;persons_chargesheeted_transgender_col_9;total_col_10;persons_convicted_male_col_11;persons_convicted_female_col_12;persons_convicted_transgender_col_13,NOT_SUITABLE,Insufficient historical years for a defensible temporal ML task.
ncrb 2022\data\NCRB_Table_3B.8.csv,2022,20,False,False,persons_arrested_total_col_6;persons_charge_sheeted_total_col_10;persons_convicted_total_col_14;persons_discharged_total_col_18;persons_acquitted_total_col_22,city;persons_arrested_male_col_3;persons_arrested_female_col_4;persons_arrested_transgender_col_5;persons_arrested_total_col_6;persons_charge_sheeted_male_col_7;persons_charge_sheeted_female_col_8;persons_charge_sheeted_transgender_col_9;persons_charge_sheeted_total_col_10;persons_convicted_male_col_11;persons_convicted_female_col_12;persons_convicted_transgender_col_13,NOT_SUITABLE,Insufficient historical years for a defensible temporal ML task.
ncrb 2022\data\NCRB_Table_4A.1.csv,2011;2020;2021;2022,39,True,False,rate_of_total_crime_against_children_2022,2020;2021;2022;actual_children_population_in_lakhs_2011;rate_of_total_crime_against_children_2022;chargesheeting_rate_2022,SECONDARY_CANDIDATE,"State-level multi-year counts exist, but target semantics and available history require further review."
ncrb 2022\data\NCRB_Table_4A.10.csv,2022,39,True,False,cases_which_offenders_were_known_to_victim_cases_offender_known_to_victim_total_col_4_col_5_col_6_col_3;cases_which_offenders_were_known_to_victim_family_members_col_4;cases_which_offenders_were_known_to_victim_family_friends_neighbors_employer_or_other_known_persons_col_5;cases_which_offenders_were_known_to_victim_friends_online_friends_or_live_in_partners_on_pretext_of_marriage_col_6;cases_offenders_unknown_or_not_identified_col_7;total_cases_known_unknown_offenders_col_3_col_7_col_8;percentage_share_of_known_persons_cases_to_total_cases_col_9,cases_which_offenders_were_known_to_victim_cases_offender_known_to_victim_total_col_4_col_5_col_6_col_3;cases_which_offenders_were_known_to_victim_family_members_col_4;cases_which_offenders_were_known_to_victim_family_friends_neighbors_employer_or_other_known_persons_col_5;cases_which_offenders_were_known_to_victim_friends_online_friends_or_live_in_partners_on_pretext_of_marriage_col_6;cases_offenders_unknown_or_not_identified_col_7;total_cases_known_unknown_offenders_col_3_col_7_col_8;percentage_share_of_known_persons_cases_to_total_cases_col_9,NOT_SUITABLE,Insufficient historical years for a defensible temporal ML task.
ncrb 2022\data\NCRB_Table_4A.2.csv,1956,39,True,False,kidnapping_and_abduction_of_children_kidnapping_and_abduction_sec_363_ipc_kidnapping_and_abduction_sec_363_ipc_total_i_col_36;kidnapping_and_abduction_of_children_kidnapping_and_abduction_sec_363_ipc_kidnapping_and_abduction_sec_363_ipc_total_v_col_37;kidnapping_and_abduction_of_children_kidnapping_and_abduction_sec_363_ipc_kidnapping_and_abduction_sec_363_ipc_total_r_col_38;kidnapping_and_abduction_of_children_importation_of_girls_from_foreign_country_sec_366_b_ipc_i_col_60;kidnapping_and_abduction_of_children_importation_of_girls_from_foreign_country_sec_366_b_ipc_v_col_61;kidnapping_and_abduction_of_children_importation_of_girls_from_foreign_country_sec_366_b_ipc_r_col_62;selling_of_minors_for_prostitution_sec_372_ipc_selling_of_minors_for_prostitution_total_i_col_69;selling_of_minors_for_prostitution_sec_372_ipc_selling_of_minors_for_prostitution_total_v_col_70,murder_sec_302_ipc_murder_sec_302_ipc_i_col_3;murder_sec_302_ipc_murder_sec_302_ipc_v_col_4;murder_sec_302_ipc_murder_sec_302_ipc_r_col_5;murder_sec_302_ipc_a_murder_with_rape_pocso_i_col_6;murder_sec_302_ipc_a_murder_with_rape_pocso_v_col_7;murder_sec_302_ipc_a_murder_with_rape_pocso_r_col_8;murder_sec_302_ipc_b_other_murder_i_col_9;murder_sec_302_ipc_b_other_murder_v_col_10;murder_sec_302_ipc_b_other_murder_r_col_11;abetment_of_suicide_of_child_sec_305_ipc_i_col_12;abetment_of_suicide_of_child_sec_305_ipc_v_col_13;abetment_of_suicide_of_child_sec_305_ipc_r_col_14,NOT_SUITABLE,Insufficient historical years for a defensible temporal ML task.
ncrb 2022\data\NCRB_Table_4A.3.csv,2022,69,True,False,crime_head;cases_pending_investigation_from_previous_year_col_3;cases_reported_during_the_year_col_4;cases_reopened_for_investigation_col_5;total_cases_for_investigation_col_3_col_4_col_5_col_6;cases_not_investigated_under_157_1_b_crpc_col_7;cases_transferred_to_other_state_or_agency_col_8;cases_withdrawn_by_the_govt_during_investigation_col_9,crime_head;cases_pending_investigation_from_previous_year_col_3;cases_reported_during_the_year_col_4;cases_reopened_for_investigation_col_5;total_cases_for_investigation_col_3_col_4_col_5_col_6;cases_not_investigated_under_157_1_b_crpc_col_7;cases_transferred_to_other_state_or_agency_col_8;cases_withdrawn_by_the_govt_during_investigation_col_9;final_report_cases_ended_as_fr_non_cognizable_col_10;final_report_cases_ended_as_final_report_false_col_11;final_report_cases_ended_as_mistake_of_fact_or_of_law_or_civil_dispute_col_12;final_report_cases_true_but_insufficient_evidence_or_untraced_or_no_clue_col_13,NOT_SUITABLE,Insufficient historical years for a defensible temporal ML task.
ncrb 2022\data\NCRB_Table_4A.4.csv,2022,39,True,False,cases_pending_investigation_from_previous_year_col_3;cases_reported_during_the_year_col_4;cases_reopened_for_investigation_col_5;total_cases_for_investigation_col_3_col_4_col_5_col_6;cases_not_investigated_under_157_1_b_crpc_col_7;cases_transferred_to_other_state_or_agency_col_8;cases_withdrawn_by_the_govt_during_investigation_col_9;final_report_cases_ended_as_fr_non_cognizable_col_10,cases_pending_investigation_from_previous_year_col_3;cases_reported_during_the_year_col_4;cases_reopened_for_investigation_col_5;total_cases_for_investigation_col_3_col_4_col_5_col_6;cases_not_investigated_under_157_1_b_crpc_col_7;cases_transferred_to_other_state_or_agency_col_8;cases_withdrawn_by_the_govt_during_investigation_col_9;final_report_cases_ended_as_fr_non_cognizable_col_10;final_report_cases_ended_as_final_report_false_col_11;final_report_cases_ended_as_mistake_of_fact_or_of_law_or_civil_dispute_col_12;final_report_cases_true_but_insufficient_evidence_or_untraced_or_no_clue_col_13;final_report_cases_abated_during_investigation_col_14,NOT_SUITABLE,Insufficient historical years for a defensible temporal ML task.
ncrb 2022\data\NCRB_Table_4A.5.csv,2022,69,False,False,crime_head;cases_pending_trial_from_the_previous_year_col_3;cases_sent_for_trial_during_the_year_col_4;total_cases_for_trial_col_3_col_4_col_5;cases_abated_by_court_col_6;cases_withdrawn_from_prosecution_col_7;cases_compounded_or_compromised_col_8;cases_disposed_off_by_plea_bargaining_col_9,crime_head;cases_pending_trial_from_the_previous_year_col_3;cases_sent_for_trial_during_the_year_col_4;total_cases_for_trial_col_3_col_4_col_5;cases_abated_by_court_col_6;cases_withdrawn_from_prosecution_col_7;cases_compounded_or_compromised_col_8;cases_disposed_off_by_plea_bargaining_col_9;cases_quashed_col_10;cases_disposed_off_without_trial_col_6_col_7_col_8_col_9_col_10_col_11;cases_stayed_or_sent_to_record_room_col_12;cases_convicted_out_of_cases_from_previous_year_col_13,NOT_SUITABLE,Insufficient historical years for a defensible temporal ML task.
ncrb 2022\data\NCRB_Table_4A.6.csv,2022,39,True,False,cases_pending_trial_from_the_previous_year_col_3;cases_sent_for_trial_during_the_year_col_4;total_cases_for_trial_col_3_col_4_col_5;cases_abated_by_court_col_6;cases_withdrawn_from_prosecution_col_7;cases_compounded_or_compromised_col_8;cases_disposed_off_by_plea_bargaining_col_9;cases_quashed_col_10,cases_pending_trial_from_the_previous_year_col_3;cases_sent_for_trial_during_the_year_col_4;total_cases_for_trial_col_3_col_4_col_5;cases_abated_by_court_col_6;cases_withdrawn_from_prosecution_col_7;cases_compounded_or_compromised_col_8;cases_disposed_off_by_plea_bargaining_col_9;cases_quashed_col_10;cases_disposed_off_without_trial_col_6_col_7_col_8_col_9_col_10_col_11;cases_stayed_or_sent_to_record_room_col_12;cases_convicted_out_of_cases_from_previous_year_col_13;cases_convicted_out_of_cases_during_the_year_col_14,NOT_SUITABLE,Insufficient historical years for a defensible temporal ML task.
ncrb 2022\data\NCRB_Table_4A.7.csv,2022,69,False,False,crime_head;persons_arrested_total_col_6;persons_chargesheeted_total_col_10;persons_convicted_total_col_14;persons_discharged_total_col_18;persons_acquitted_total_col_22,crime_head;persons_arrested_male_col_3;persons_arrested_female_col_4;persons_arrested_transgender_col_5;persons_arrested_total_col_6;persons_chargesheeted_male_col_7;persons_chargesheeted_female_col_8;persons_chargesheeted_transgender_col_9;persons_chargesheeted_total_col_10;persons_convicted_male_col_11;persons_convicted_female_col_12;persons_convicted_transgender_col_13,NOT_SUITABLE,Insufficient historical years for a defensible temporal ML task.
ncrb 2022\data\NCRB_Table_4A.8.csv,2022,39,True,False,persons_arrested_total;persons_charge_sheeted_total;persons_convicted_total;persons_discharged_total;persons_acquitted_total,persons_arrested_male;persons_arrested_female;persons_arrested_transgender;persons_arrested_total;persons_charge_sheeted_male;persons_charge_sheeted_female;persons_charge_sheeted_transgender;persons_charge_sheeted_total;persons_convicted_male;persons_convicted_female;persons_convicted_transgender;persons_convicted_total,NOT_SUITABLE,Insufficient historical years for a defensible temporal ML task.
ncrb 2022\data\NCRB_Table_4A.9.csv,2022,39,True,False,victims_below_6_years_total;victims_6_to_12_years_total;victims_12_to_16_years_total;victims_16_to_18_years_total;total_child_victims_boys;total_child_victims_girls;total_child_victims_trans;total_child_victims_total,victims_below_6_years_boys;victims_below_6_years_girls;victims_below_6_years_trans;victims_below_6_years_total;victims_6_to_12_years_boys;victims_6_to_12_years_girls;victims_6_to_12_years_trans;victims_6_to_12_years_total;victims_12_to_16_years_boys;victims_12_to_16_years_girls;victims_12_to_16_years_trans;victims_12_to_16_years_total,NOT_SUITABLE,Insufficient historical years for a defensible temporal ML task.
ncrb 2022\data\NCRB_Table_4B.1.csv,2020;2021;2022,20,False,False,,city;2020;2021;2022;chargesheeting_rate_2022,NOT_SUITABLE,"Multi-year columns exist, but there is no compatible state/district panel key."
ncrb 2022\data\NCRB_Table_4B.2.csv,1956,20,False,False,kidnapping_and_abduction_sec_363_ipc_kidnapping_and_abduction_sec_363_ipc_total_i_col_25;kidnapping_and_abduction_sec_363_ipc_kidnapping_and_abduction_sec_363_ipc_total_v_col_26;kidnapping_and_abduction_of_children_importation_of_girls_from_foreign_country_sec_366_b_ipc_i_col_41;kidnapping_and_abduction_of_children_importation_of_girls_from_foreign_country_sec_366_b_ipc_v_col_42;selling_of_minors_for_prostitution_sec_372_ipc_selling_of_minors_for_prostitution_total_i_col_47;selling_of_minors_for_prostitution_sec_372_ipc_selling_of_minors_for_prostitution_total_v_col_48;buying_of_minors_for_prostitution_sec_373_ipc_buying_of_minors_for_prostitution_total_i_col_53;buying_of_minors_for_prostitution_total_v_col_54,city;murder_sec_302_ipc_murder_sec_302_ipc_i_col_3;murder_sec_302_ipc_murder_sec_302_ipc_v_col_4;murder_sec_302_ipc_a_murder_with_rape_pocso_i_col_5;murder_sec_302_ipc_a_murder_with_rape_pocso_v_col_6;murder_sec_302_ipc_b_other_murder_i_col_7;murder_sec_302_ipc_b_other_murder_v_col_8;abetment_of_suicide_of_child_sec_305_ipc_i_col_9;abetment_of_suicide_of_child_sec_305_ipc_v_col_10;attempt_to_commit_murder_sec_307_ipc_i_col_11;attempt_to_commit_murder_sec_307_ipc_v_col_12;infanticide_sec_315_ipc_i_col_13,NOT_SUITABLE,Insufficient historical years for a defensible temporal ML task.
ncrb 2022\data\NCRB_Table_4B.3.csv,2022,69,True,False,crime_head;cases_pending_investigation_from_previous_year_col_3;cases_reported_during_the_year_col_4;cases_reopened_for_investigation_col_5;total_cases_for_investigation_col_3_col_4_col_5_col_6;cases_not_investigated_under_157_1_b_crpc_col_7;cases_transferred_to_other_state_or_agency_col_8;cases_withdrawn_by_the_govt_during_investigation_col_9,crime_head;cases_pending_investigation_from_previous_year_col_3;cases_reported_during_the_year_col_4;cases_reopened_for_investigation_col_5;total_cases_for_investigation_col_3_col_4_col_5_col_6;cases_not_investigated_under_157_1_b_crpc_col_7;cases_transferred_to_other_state_or_agency_col_8;cases_withdrawn_by_the_govt_during_investigation_col_9;final_report_cases_ended_as_fr_non_cognizable_col_10;final_report_cases_ended_as_final_report_false_col_11;final_report_cases_ended_as_mistake_of_fact_or_of_law_or_civil_dispute_col_12;final_report_cases_true_but_insufficient_evidence_or_untraced_or_no_clue_col_13,NOT_SUITABLE,Insufficient historical years for a defensible temporal ML task.
ncrb 2022\data\NCRB_Table_4B.4.csv,2022,20,True,False,cases_pending_investigation_from_previous_year_col_3;cases_reported_during_the_year_col_4;cases_reopened_for_investigation_col_5;total_cases_for_investigation_col_3_col_4_col_5_col_6;cases_not_investigated_under_157_1_b_crpc_col_7;cases_transferred_to_other_state_or_agency_col_8;cases_withdrawn_by_the_govt_during_investigation_col_9;final_report_cases_ended_as_fr_non_cognizable_col_10,city;cases_pending_investigation_from_previous_year_col_3;cases_reported_during_the_year_col_4;cases_reopened_for_investigation_col_5;total_cases_for_investigation_col_3_col_4_col_5_col_6;cases_not_investigated_under_157_1_b_crpc_col_7;cases_transferred_to_other_state_or_agency_col_8;cases_withdrawn_by_the_govt_during_investigation_col_9;final_report_cases_ended_as_fr_non_cognizable_col_10;final_report_cases_ended_as_final_report_false_col_11;final_report_cases_ended_as_mistake_of_fact_or_of_law_or_civil_dispute_col_12;final_report_cases_true_but_insufficient_evidence_or_untraced_or_no_clue_col_13,NOT_SUITABLE,Insufficient historical years for a defensible temporal ML task.
ncrb 2022\data\NCRB_Table_4B.5.csv,2022,69,False,False,crime_head;cases_pending_trial_from_the_previous_year_col_3;cases_sent_for_trial_during_the_year_col_4;total_cases_for_trial_col_3_col_4_col_5;cases_abated_by_court_col_6;cases_withdrawn_from_prosecution_col_7;cases_compounded_or_compromised_col_8;cases_disposed_off_by_plea_bargaining_col_9,crime_head;cases_pending_trial_from_the_previous_year_col_3;cases_sent_for_trial_during_the_year_col_4;total_cases_for_trial_col_3_col_4_col_5;cases_abated_by_court_col_6;cases_withdrawn_from_prosecution_col_7;cases_compounded_or_compromised_col_8;cases_disposed_off_by_plea_bargaining_col_9;cases_quashed_col_10;cases_disposed_off_without_trial_col_6_col_7_col_8_col_9_col_10_col_11;cases_stayed_or_sent_to_record_room_col_12;cases_convicted_out_of_cases_from_previous_year_col_13,NOT_SUITABLE,Insufficient historical years for a defensible temporal ML task.
ncrb 2022\data\NCRB_Table_4B.6.csv,2022,20,False,False,cases_pending_trial_from_the_previous_year_col_3;cases_sent_for_trial_during_the_year_col_4;total_cases_for_trial_col_3_col_4_col_5;cases_abated_by_court_col_6;cases_withdrawn_from_prosecution_col_7;cases_compounded_or_compromised_col_8;cases_disposed_off_by_plea_bargaining_col_9;cases_quashed_col_10,city;cases_pending_trial_from_the_previous_year_col_3;cases_sent_for_trial_during_the_year_col_4;total_cases_for_trial_col_3_col_4_col_5;cases_abated_by_court_col_6;cases_withdrawn_from_prosecution_col_7;cases_compounded_or_compromised_col_8;cases_disposed_off_by_plea_bargaining_col_9;cases_quashed_col_10;cases_disposed_off_without_trial_col_6_col_7_col_8_col_9_col_10_col_11;cases_stayed_or_sent_to_record_room_col_12;cases_convicted_out_of_cases_from_previous_year_col_13,NOT_SUITABLE,Insufficient historical years for a defensible temporal ML task.
ncrb 2022\data\NCRB_Table_4B.7.csv,2022,69,False,False,crime_head;persons_arrested_total;persons_chargesheeted_total;persons_convicted_total;persons_discharged_total;persons_acquitted_total,crime_head;persons_arrested_male;persons_arrested_female;persons_arrested_transgender;persons_arrested_total;persons_chargesheeted_male;persons_chargesheeted_female;persons_chargesheeted_transgender;persons_chargesheeted_total;persons_convicted_male;persons_convicted_female;persons_convicted_transgender,NOT_SUITABLE,Insufficient historical years for a defensible temporal ML task.
ncrb 2022\data\NCRB_Table_4B.8.csv,2022,20,False,False,persons_arrested_total;persons_charge_sheeted_total;persons_convicted_total;persons_discharged_total;persons_acquitted_total,city;persons_arrested_male;persons_arrested_female;persons_arrested_transgender;persons_arrested_total;persons_charge_sheeted_male;persons_charge_sheeted_female;persons_charge_sheeted_transgender;persons_charge_sheeted_total;persons_convicted_male;persons_convicted_female;persons_convicted_transgender,NOT_SUITABLE,Insufficient historical years for a defensible temporal ML task.
ncrb 2022\data\NCRB_Table_5A.1.csv,2011;2020;2021;2022,39,True,False,rate_of_total_crime_by_juveniles_2022,sl;2020;2021;2022;actual_children_population_in_lakhs_2011;rate_of_total_crime_by_juveniles_2022,SECONDARY_CANDIDATE,"State-level multi-year counts exist, but target semantics and available history require further review."
ncrb 2022\data\NCRB_Table_5A.2.csv,2022,39,True,False,offences_affecting_the_human_body_offences_affecting_the_human_body_total;offences_against_state_offences_against_the_state_total;offences_against_public_tranquility_offences_against_public_tranquility_total;offences_against_property_offences_against_property_total;offences_relating_to_documents_and_property_marks_counterfeiting_sec_231_235_237_238_240_and_242_254_ipc;offences_relating_to_documents_and_property_marks_offences_relating_to_documents_and_property_marks_total;miscellaneous_ipc_crimes_offences_relating_to_elections_sec_171e_to_171i_r_w_ipc_sll;miscellaneous_ipc_crimes_disobedience_to_order_duly_promulgated_by_public_servant_sec_188_ipc,offences_affecting_the_human_body_murder_sec_302_ipc;offences_affecting_the_human_body_culpable_homicide_not_amounting_to_murder_sec_304_ipc;offences_affecting_the_human_body_causing_death_by_negligence_sec_304a_ipc;offences_affecting_the_human_body_dowry_deaths_sec_304b_ipc;offences_affecting_the_human_body_abetment_of_suicide_sec_305_306_ipc;offences_affecting_the_human_body_attempt_to_commit_murder_sec_307_ipc;offences_affecting_the_human_body_attempt_to_commit_culpable_homicide_sec_308_ipc;offences_affecting_the_human_body_attempt_to_commit_suicide_sec_309_ipc;offences_affecting_the_human_body_miscarriage_infanticide_foeticide_and_abandonment_sec_313_317_ipc;offences_affecting_the_human_body_hurt;offences_affecting_the_human_body_wrongful_restraint_confinement_sec_341_348_ipc;offences_affecting_the_human_body_assault_on_women_with_intent_to_outrage_her_modesty_sec_354_ipc,NOT_SUITABLE,Insufficient historical years for a defensible temporal ML task.
ncrb 2022\data\NCRB_Table_5A.3.csv,1961,39,True,False,crime_against_women_related_acts_the_dowry_prohibition_act_1961;crime_against_women_related_acts_the_immoral_traffic_prevention_act;scheduled_castes_and_scheduled_tribes_related_acts_the_sc_st_prevention_of_atrocities_act_for_crimes_against_scs;scheduled_castes_and_scheduled_tribes_related_acts_the_sc_st_prevention_of_atrocities_act_for_crimes_against_sts;other_regulatory_and_enforcement_acts_mcoca_control_of_organised_crimes;other_sll_crimes;total_cognizable_sll_crimes,crime_against_women_related_acts_the_dowry_prohibition_act_1961;crime_against_women_related_acts_the_immoral_traffic_prevention_act;children_related_acts_the_protection_of_children_from_sexual_offences_act;children_related_acts_the_juvenile_justice_care_and_protection_of_children_act;children_related_acts_the_prohibition_of_child_marriage_act;children_related_acts_the_child_labour_prohibition_and_regulation_act;children_related_acts_the_medical_termination_of_pregnancy_act;scheduled_castes_and_scheduled_tribes_related_acts_the_sc_st_prevention_of_atrocities_act_for_crimes_against_scs;scheduled_castes_and_scheduled_tribes_related_acts_the_sc_st_prevention_of_atrocities_act_for_crimes_against_sts;offences_against_state_related_acts_the_prevention_of_damage_to_public_property_act;offences_against_state_related_acts_the_unlawful_activities_p_act;arms_explosive_related_acts_the_arms_act,NOT_SUITABLE,Insufficient historical years for a defensible temporal ML task.
ncrb 2022\data\NCRB_Table_5A.4A.csv,2022,62,False,False,crime_head;cases_reported_against_juveniles;below_12_years_total;12_years_and_above_and_below_16_years_total;16_years_and_above_and_below_18_years_total;total_boys;total_girls;total_trans,crime_head;cases_reported_against_juveniles;below_12_years_boys;below_12_years_girls;below_12_years_trans;below_12_years_total;12_years_and_above_and_below_16_years_boys;12_years_and_above_and_below_16_years_girls;12_years_and_above_and_below_16_years_trans;12_years_and_above_and_below_16_years_total;16_years_and_above_and_below_18_years_boys;16_years_and_above_and_below_18_years_girls,NOT_SUITABLE,Insufficient historical years for a defensible temporal ML task.
ncrb 2022\data\NCRB_Table_5A.4B.csv,2022,40,False,False,crime_head;cases_reported_against_juveniles;below_12_years_total;12_years_and_above_and_below_16_years_total;16_years_and_above_and_below_18_years_total;total_boys;total_girls;total_trans,crime_head;cases_reported_against_juveniles;below_12_years_boys;below_12_years_girls;below_12_years_trans;below_12_years_total;12_years_and_above_and_below_16_years_boys;12_years_and_above_and_below_16_years_girls;12_years_and_above_and_below_16_years_trans;12_years_and_above_and_below_16_years_total;16_years_and_above_and_below_18_years_boys;16_years_and_above_and_below_18_years_girls,NOT_SUITABLE,Insufficient historical years for a defensible temporal ML task.
ncrb 2022\data\NCRB_Table_5A.5.csv,2022,39,True,False,number_of_juveniles_whose_cases_pending_disposal_at_the_beginning_of_the_year_col_3;total_number_of_juveniles_apprehended_col_3_4_col_5;juveniles_discharged_during_investigation_cases_un_occurred_quashed_discharged_by_courts_col_6,number_of_juveniles_whose_cases_pending_disposal_at_the_beginning_of_the_year_col_3;juveniles_apprehended_during_the_year_col_4;total_number_of_juveniles_apprehended_col_3_4_col_5;juveniles_discharged_during_investigation_cases_un_occurred_quashed_discharged_by_courts_col_6;juveniles_sent_home_after_advice_or_admonition_col_7;juveniles_sent_to_special_home_or_fit_institute_col_8;juveniles_dealt_with_fine_col_9;juveniles_awarded_imprisonment_col_10;juveniles_acquitted_or_discharged_col_11;percentage_of_juveniles_held_guilty_col_12;pending_disposal_col_5_col_6_to_col_11_col_13,NOT_SUITABLE,Insufficient historical years for a defensible temporal ML task.
ncrb 2022\data\NCRB_Table_5A.6.csv,2022,39,True,False,education_total;family_background_total,education_illiterate;education_upto_primary;education_above_primary_to_matric;education_above_matric_to_high_secondary;education_above_higher_secondary;education_total;family_background_living_with_parents;family_background_living_with_guardians;family_background_home_less;family_background_total,NOT_SUITABLE,Insufficient historical years for a defensible temporal ML task.
ncrb 2022\data\NCRB_Table_5B.1.csv,2020;2021;2022,20,False,False,,city;2020;2021;2022,NOT_SUITABLE,"Multi-year columns exist, but there is no compatible state/district panel key."
ncrb 2022\data\NCRB_Table_5B.2.csv,2022,20,True,False,offences_affecting_the_human_body_offences_affecting_the_human_body_total;offences_against_state_offences_against_the_state_total;offences_against_public_tranquility_offences_against_public_tranquility_total;offences_against_property_offences_against_property_total;offences_relating_to_documents_and_property_marks_counterfeiting_sec_231_235_237_238_240_and_242_254_ipc;offences_relating_to_documents_and_property_marks_offences_relating_to_documents_and_property_marks_total;miscellaneous_ipc_crimes_offences_relating_to_elections_sec_171e_to_171i_r_w_ipc_sll;miscellaneous_ipc_crimes_disobedience_to_order_duly_promulgated_by_public_servant_sec_188_ipc,city;offences_affecting_the_human_body_murder_sec_302_ipc;offences_affecting_the_human_body_culpable_homicide_not_amounting_to_murder_sec_304_ipc;offences_affecting_the_human_body_causing_death_by_negligence_sec_304a_ipc;offences_affecting_the_human_body_dowry_deaths_sec_304b_ipc;offences_affecting_the_human_body_abetment_of_suicide_sec_305_306_ipc;offences_affecting_the_human_body_attempt_to_commit_murder_sec_307_ipc;offences_affecting_the_human_body_attempt_to_commit_culpable_homicide_sec_308_ipc;offences_affecting_the_human_body_attempt_to_commit_suicide_sec_309_ipc;offences_affecting_the_human_body_miscarriage_infanticide_foeticide_and_abandonment_sec_313_317_ipc;offences_affecting_the_human_body_hurt;offences_affecting_the_human_body_wrongful_restraint_confinement_sec_341_348_ipc,NOT_SUITABLE,Insufficient historical years for a defensible temporal ML task.
ncrb 2022\data\NCRB_Table_5B.3.csv,2022,20,True,False,scheduled_castes_and_scheduled_tribes_related_acts_the_sc_st_prevention_of_atrocities_act_for_crimes_against_scs;other_sll_crimes;total_cognizable_sll_crimes,city;children_related_acts_the_protection_of_children_from_sexual_offences_act;children_related_acts_the_juvenile_justice_care_and_protection_of_children_act;scheduled_castes_and_scheduled_tribes_related_acts_the_sc_st_prevention_of_atrocities_act_for_crimes_against_scs;offences_against_state_related_acts_the_prevention_of_damage_to_public_property_act;offences_against_state_related_acts_the_unlawful_activities_p_act;arms_explosive_related_acts_the_arms_act;information_technology_intellectual_property_acts_the_information_technology_act;liquor_and_narcotic_drugs_related_acts_prohibition_act_state;liquor_and_narcotic_drugs_related_acts_the_excise_act;liquor_and_narcotic_drugs_related_acts_the_narcotic_drugs_and_psychotropic_substances_act;environment_and_pollution_related_acts_the_cigarette_and_other_tobacco_products_act,NOT_SUITABLE,Insufficient historical years for a defensible temporal ML task.
ncrb 2022\data\NCRB_Table_5B.4A.csv,2022,62,False,False,crime_head;cases_reported_against_juveniles;below_12_years_total;12_years_and_above_and_below_16_years_total;16_years_and_above_and_below_18_years_total;total_boys;total_girls;total_trans,crime_head;cases_reported_against_juveniles;below_12_years_boys;below_12_years_girls;below_12_years_trans;below_12_years_total;12_years_and_above_and_below_16_years_boys;12_years_and_above_and_below_16_years_girls;12_years_and_above_and_below_16_years_trans;12_years_and_above_and_below_16_years_total;16_years_and_above_and_below_18_years_boys;16_years_and_above_and_below_18_years_girls,NOT_SUITABLE,Insufficient historical years for a defensible temporal ML task.
ncrb 2022\data\NCRB_Table_5B.4B.csv,2022,82,False,False,crime_head;cases_reported_against_juveniles;below_12_years_total;12_years_and_above_and_below_16_years_total;16_years_and_above_and_below_18_years_total;total_boys;total_girls;total_trans,crime_head;cases_reported_against_juveniles;below_12_years_boys;below_12_years_girls;below_12_years_trans;below_12_years_total;12_years_and_above_and_below_16_years_boys;12_years_and_above_and_below_16_years_girls;12_years_and_above_and_below_16_years_trans;12_years_and_above_and_below_16_years_total;16_years_and_above_and_below_18_years_boys;16_years_and_above_and_below_18_years_girls,NOT_SUITABLE,Insufficient historical years for a defensible temporal ML task.
ncrb 2022\data\NCRB_Table_5B.5.csv,2022,20,False,False,number_of_juveniles_whose_cases_pending_disposal_at_the_beginning_of_the_year_col_3;total_number_of_juveniles_apprehended_col_3_4_col_5;juveniles_discharged_during_investigation_cases_un_occurred_quashed_discharged_by_courts_col_6,city;number_of_juveniles_whose_cases_pending_disposal_at_the_beginning_of_the_year_col_3;juveniles_apprehended_during_the_year_col_4;total_number_of_juveniles_apprehended_col_3_4_col_5;juveniles_discharged_during_investigation_cases_un_occurred_quashed_discharged_by_courts_col_6;juveniles_sent_home_after_advice_or_admonition_col_7;juveniles_sent_to_special_home_or_fit_institute_col_8;juveniles_dealt_with_fine_col_9;juveniles_awarded_imprisonment_col_10;juveniles_acquitted_or_discharged_col_11;percentage_of_juveniles_held_guilty_col_12;pending_disposal_col_5_col_6_to_col_11_col_13,NOT_SUITABLE,Insufficient historical years for a defensible temporal ML task.
ncrb 2022\data\NCRB_Table_5B.6.csv,2022,20,False,False,education_total;family_background_total,city;education_illiterate;education_upto_primary;education_above_primary_to_matric;education_above_matric_to_high_secondary;education_above_higher_secondary;education_total;family_background_living_with_parents;family_background_living_with_guardians;family_background_homeless;family_background_total,NOT_SUITABLE,Insufficient historical years for a defensible temporal ML task.
ncrb 2022\data\NCRB_Table_6A.1.csv,2011;2020;2021;2022,39,True,False,rate_of_total_crime_against_senior_citizen_2022,2020;2021;2022;actual_senior_citizen_population_in_lakhs_2011;rate_of_total_crime_against_senior_citizen_2022;chargesheeting_rate_2022,SECONDARY_CANDIDATE,"State-level multi-year counts exist, but target semantics and available history require further review."
ncrb 2022\data\NCRB_Table_6A.2.csv,2022,39,True,False,dacoity_dacoity_total_i_col_39;dacoity_dacoity_total_v_col_40;dacoity_dacoity_total_r_col_41;forgery_cheating_and_fraud_forgery_cheating_and_fraud_total_i_col_51;forgery_cheating_and_fraud_forgery_cheating_and_fraud_total_v_col_52;forgery_cheating_and_fraud_forgery_cheating_and_fraud_total_r_col_53;other_ipc_crimes_i_col_66;other_ipc_crimes_v_col_67,murder_sec_302_ipc_i_col_3;murder_sec_302_ipc_v_col_4;murder_sec_302_ipc_r_col_5;culpable_homicide_not_amounting_to_murder_sec_304_ipc_i_col_6;culpable_homicide_not_amounting_to_murder_sec_304_ipc_v_col_7;culpable_homicide_not_amounting_to_murder_sec_304_ipc_r_col_8;attempt_to_commit_murder_sec_307_ipc_i_col_9;attempt_to_commit_murder_sec_307_ipc_v_col_10;attempt_to_commit_murder_sec_307_ipc_r_col_11;attempt_to_commit_culpable_homicide_sec_308_ipc_i_col_12;attempt_to_commit_culpable_homicide_sec_308_ipc_v_col_13;attempt_to_commit_culpable_homicide_sec_308_ipc_r_col_14,NOT_SUITABLE,Insufficient historical years for a defensible temporal ML task.
ncrb 2022\data\NCRB_Table_6A.3.csv,2022,23,True,False,crime_head;cases_pending_investigation_from_previous_year_col_3;cases_reported_during_the_year_col_4;cases_reopened_for_investigation_col_5;total_cases_for_investigation_col_3_col_4_col_5_col_6;cases_not_investigated_under_157_1_b_crpc_col_7;cases_transferred_to_other_state_or_agency_col_8;cases_withdrawn_by_the_govt_during_investigation_col_9,crime_head;cases_pending_investigation_from_previous_year_col_3;cases_reported_during_the_year_col_4;cases_reopened_for_investigation_col_5;total_cases_for_investigation_col_3_col_4_col_5_col_6;cases_not_investigated_under_157_1_b_crpc_col_7;cases_transferred_to_other_state_or_agency_col_8;cases_withdrawn_by_the_govt_during_investigation_col_9;final_report_cases_ended_as_fr_non_cognizable_col_10;final_report_cases_ended_as_final_report_false_col_11;final_report_cases_ended_as_mistake_of_fact_or_of_law_or_civil_dispute_col_12;final_report_cases_true_but_insufficient_evidence_or_untraced_or_no_clue_col_13,NOT_SUITABLE,Insufficient historical years for a defensible temporal ML task.
ncrb 2022\data\NCRB_Table_6A.4.csv,2022,39,True,False,cases_pending_investigation_from_previous_year_col_3;cases_reported_during_the_year_col_4;cases_reopened_for_investigation_col_5;total_cases_for_investigation_col_3_col_4_col_5_col_6;cases_not_investigated_under_157_1_b_crpc_col_7;cases_transferred_to_other_state_or_agency_col_8;cases_withdrawn_by_the_govt_during_investigation_col_9;final_report_cases_ended_as_fr_non_cognizable_col_10,cases_pending_investigation_from_previous_year_col_3;cases_reported_during_the_year_col_4;cases_reopened_for_investigation_col_5;total_cases_for_investigation_col_3_col_4_col_5_col_6;cases_not_investigated_under_157_1_b_crpc_col_7;cases_transferred_to_other_state_or_agency_col_8;cases_withdrawn_by_the_govt_during_investigation_col_9;final_report_cases_ended_as_fr_non_cognizable_col_10;final_report_cases_ended_as_final_report_false_col_11;final_report_cases_ended_as_mistake_of_fact_or_of_law_or_civil_dispute_col_12;final_report_cases_true_but_insufficient_evidence_or_untraced_or_no_clue_col_13;final_report_cases_abated_during_investigation_col_14,NOT_SUITABLE,Insufficient historical years for a defensible temporal ML task.
ncrb 2022\data\NCRB_Table_6A.5.csv,2022,23,False,False,crime_head;cases_pending_trial_from_the_previous_year_col_3;cases_sent_for_trial_during_the_year_col_4;total_cases_for_trial_col_3_col_4_col_5;cases_abated_by_court_col_6;cases_withdrawn_from_prosecution_col_7;cases_compounded_or_compromised_col_8;cases_disposed_off_by_plea_bargaining_col_9,crime_head;cases_pending_trial_from_the_previous_year_col_3;cases_sent_for_trial_during_the_year_col_4;total_cases_for_trial_col_3_col_4_col_5;cases_abated_by_court_col_6;cases_withdrawn_from_prosecution_col_7;cases_compounded_or_compromised_col_8;cases_disposed_off_by_plea_bargaining_col_9;cases_quashed_col_10;cases_disposed_off_without_trial_col_6_col_7_col_8_col_9_col_10_col_11;cases_stayed_or_sent_to_record_room_col_12;cases_convicted_out_of_cases_from_previous_year_col_13,NOT_SUITABLE,Insufficient historical years for a defensible temporal ML task.
ncrb 2022\data\NCRB_Table_6A.6.csv,2022,39,True,False,cases_pending_trial_from_the_previous_year_col_3;cases_sent_for_trial_during_the_year_col_4;total_cases_for_trial_col_3_col_4_col_5;cases_abated_by_court_col_6;cases_withdrawn_from_prosecution_col_7;cases_compounded_or_compromised_col_8;cases_disposed_off_by_plea_bargaining_col_9;cases_quashed_col_10,cases_pending_trial_from_the_previous_year_col_3;cases_sent_for_trial_during_the_year_col_4;total_cases_for_trial_col_3_col_4_col_5;cases_abated_by_court_col_6;cases_withdrawn_from_prosecution_col_7;cases_compounded_or_compromised_col_8;cases_disposed_off_by_plea_bargaining_col_9;cases_quashed_col_10;cases_disposed_off_without_trial_col_6_col_7_col_8_col_9_col_10_col_11;cases_stayed_or_sent_to_record_room_col_12;cases_convicted_out_of_cases_from_previous_year_col_13;cases_convicted_out_of_cases_during_the_year_col_14,NOT_SUITABLE,Insufficient historical years for a defensible temporal ML task.
ncrb 2022\data\NCRB_Table_6A.8.csv,2022,39,True,False,persons_arrested_total;persons_charge_sheeted_total;persons_convicted_total;persons_discharged_total;persons_acquitted_total,persons_arrested_male;persons_arrested_female;persons_arrested_transgender;persons_arrested_total;persons_charge_sheeted_male;persons_charge_sheeted_female;persons_charge_sheeted_transgender;persons_charge_sheeted_total;persons_convicted_male;persons_convicted_female;persons_convicted_transgender;persons_convicted_total,NOT_SUITABLE,Insufficient historical years for a defensible temporal ML task.
ncrb 2022\data\NCRB_Table_6B.1.csv,2020;2021;2022,20,False,False,,city;2020;2021;2022;chargesheeting_rate_2022,NOT_SUITABLE,"Multi-year columns exist, but there is no compatible state/district panel key."
ncrb 2022\data\NCRB_Table_6B.2.csv,2022,20,False,False,dacoity_dacoity_total_i;dacoity_dacoity_total_v;forgery_cheating_and_fraud_forgery_cheating_and_fraud_total_i;forgery_cheating_and_fraud_forgery_cheating_and_fraud_total_v;other_ipc_crimes_i;other_ipc_crimes_v;total_crimes_against_senior_citizen_i;total_crimes_against_senior_citizen_v,city;murder_sec_302_ipc_i;murder_sec_302_ipc_v;culpable_homicide_not_amounting_to_murder_sec_304_ipc_i;culpable_homicide_not_amounting_to_murder_sec_304_ipc_v;attempt_to_commit_murder_sec_307_ipc_i;attempt_to_commit_murder_sec_307_ipc_v;attempt_to_commit_culpable_homicide_sec_308_ipc_i;attempt_to_commit_culpable_homicide_sec_308_ipc_v;simple_hurt_sec_323_and_324_ipc_i;simple_hurt_sec_323_and_324_ipc_v;grievous_hurt_sec_325_326_326a_and_326b_ipc_i,NOT_SUITABLE,Insufficient historical years for a defensible temporal ML task.
ncrb 2022\data\NCRB_Table_6B.3.csv,2022,23,True,False,crime_head;cases_pending_investigation_from_previous_year_col_3;cases_reported_during_the_year_col_4;cases_reopened_for_investigation_col_5;total_cases_for_investigation_col_3_col_4_col_5_col_6;cases_not_investigated_under_157_1_b_crpc_col_7;cases_transferred_to_other_state_or_agency_col_8;cases_withdrawn_by_the_govt_during_investigation_col_9,crime_head;cases_pending_investigation_from_previous_year_col_3;cases_reported_during_the_year_col_4;cases_reopened_for_investigation_col_5;total_cases_for_investigation_col_3_col_4_col_5_col_6;cases_not_investigated_under_157_1_b_crpc_col_7;cases_transferred_to_other_state_or_agency_col_8;cases_withdrawn_by_the_govt_during_investigation_col_9;final_report_cases_ended_as_fr_non_cognizable_col_10;final_report_cases_ended_as_final_report_false_col_11;final_report_cases_ended_as_mistake_of_fact_or_of_law_or_civil_dispute_col_12;final_report_cases_true_but_insufficient_evidence_or_untraced_or_no_clue_col_13,NOT_SUITABLE,Insufficient historical years for a defensible temporal ML task.
ncrb 2022\data\NCRB_Table_6B.4.csv,2022,20,True,False,cases_pending_investigation_from_previous_year_col_3;cases_reported_during_the_year_col_4;cases_reopened_for_investigation_col_5;total_cases_for_investigation_col_3_col_4_col_5_col_6;cases_not_investigated_under_157_1_b_crpc_col_7;cases_transferred_to_other_state_or_agency_col_8;cases_withdrawn_by_the_govt_during_investigation_col_9;final_report_cases_ended_as_fr_non_cognizable_col_10,city;cases_pending_investigation_from_previous_year_col_3;cases_reported_during_the_year_col_4;cases_reopened_for_investigation_col_5;total_cases_for_investigation_col_3_col_4_col_5_col_6;cases_not_investigated_under_157_1_b_crpc_col_7;cases_transferred_to_other_state_or_agency_col_8;cases_withdrawn_by_the_govt_during_investigation_col_9;final_report_cases_ended_as_fr_non_cognizable_col_10;final_report_cases_ended_as_final_report_false_col_11;final_report_cases_ended_as_mistake_of_fact_or_of_law_or_civil_dispute_col_12;final_report_cases_true_but_insufficient_evidence_or_untraced_or_no_clue_col_13,NOT_SUITABLE,Insufficient historical years for a defensible temporal ML task.
ncrb 2022\data\NCRB_Table_6B.5.csv,2022,23,False,False,crime_head;cases_pending_trial_from_the_previous_year_col_3;cases_sent_for_trial_during_the_year_col_4;total_cases_for_trial_col_3_col_4_col_5;cases_abated_by_court_col_6;cases_withdrawn_from_prosecution_col_7;cases_compounded_or_compromised_col_8;cases_disposed_off_by_plea_bargaining_col_9,crime_head;cases_pending_trial_from_the_previous_year_col_3;cases_sent_for_trial_during_the_year_col_4;total_cases_for_trial_col_3_col_4_col_5;cases_abated_by_court_col_6;cases_withdrawn_from_prosecution_col_7;cases_compounded_or_compromised_col_8;cases_disposed_off_by_plea_bargaining_col_9;cases_quashed_col_10;cases_disposed_off_without_trial_col_6_col_7_col_8_col_9_col_10_col_11;cases_stayed_or_sent_to_record_room_col_12;cases_convicted_out_of_cases_from_previous_year_col_13,NOT_SUITABLE,Insufficient historical years for a defensible temporal ML task.
ncrb 2022\data\NCRB_Table_6B.6.csv,2022,20,False,False,cases_pending_trial_from_the_previous_year_col_3;cases_sent_for_trial_during_the_year_col_4;total_cases_for_trial_col_3_col_4_col_5;cases_abated_by_court_col_6;cases_withdrawn_from_prosecution_col_7;cases_compounded_or_compromised_col_8;cases_disposed_off_by_plea_bargaining_col_9;cases_quashed_col_10,city;cases_pending_trial_from_the_previous_year_col_3;cases_sent_for_trial_during_the_year_col_4;total_cases_for_trial_col_3_col_4_col_5;cases_abated_by_court_col_6;cases_withdrawn_from_prosecution_col_7;cases_compounded_or_compromised_col_8;cases_disposed_off_by_plea_bargaining_col_9;cases_quashed_col_10;cases_disposed_off_without_trial_col_6_col_7_col_8_col_9_col_10_col_11;cases_stayed_or_sent_to_record_room_col_12;cases_convicted_out_of_cases_from_previous_year_col_13,NOT_SUITABLE,Insufficient historical years for a defensible temporal ML task.
ncrb 2022\data\NCRB_Table_6B.7.csv,2022,23,False,False,crime_head;persons_arrested_total;persons_chargesheeted_total;persons_convicted_total;persons_discharged_total;persons_acquitted_total,crime_head;persons_arrested_male;persons_arrested_female;persons_arrested_transgender;persons_arrested_total;persons_chargesheeted_male;persons_chargesheeted_female;persons_chargesheeted_transgender;persons_chargesheeted_total;persons_convicted_male;persons_convicted_female;persons_convicted_transgender,NOT_SUITABLE,Insufficient historical years for a defensible temporal ML task.
ncrb 2022\data\NCRB_Table_6B.8.csv,2022,20,False,False,persons_arrested_total;persons_charge_sheeted_total;persons_convicted_total;persons_discharged_total;persons_acquitted_total,city;persons_arrested_male;persons_arrested_female;persons_arrested_transgender;persons_arrested_total;persons_charge_sheeted_male;persons_charge_sheeted_female;persons_charge_sheeted_transgender;persons_charge_sheeted_total;persons_convicted_male;persons_convicted_female;persons_convicted_transgender,NOT_SUITABLE,Insufficient historical years for a defensible temporal ML task.
ncrb 2022\data\NCRB_Table_7A.1.csv,2011;2020;2021;2022,39,True,False,rate_of_total_crime_against_scs_2022,sl;2020;2021;2022;actual_population_of_scs_in_lakhs_2011;rate_of_total_crime_against_scs_2022;chargesheeting_rate_2022,SECONDARY_CANDIDATE,"State-level multi-year counts exist, but target semantics and available history require further review."
ncrb 2022\data\NCRB_Table_7A.2.csv,1955,39,True,False,sc_st_prevention_of_atrocities_act_r_w_ipc_total_i_col_3;sc_st_prevention_of_atrocities_act_r_w_ipc_total_v_col_4;sc_st_prevention_of_atrocities_act_r_w_ipc_total_r_col_5;sc_st_prevention_of_atrocities_act_r_w_ipc_grievous_hurt_grievous_hurt_sec_325_and_326_ipc_total_i_col_15;sc_st_prevention_of_atrocities_act_r_w_ipc_grievous_hurt_grievous_hurt_sec_325_and_326_ipc_total_v_col_16;sc_st_prevention_of_atrocities_act_r_w_ipc_grievous_hurt_grievous_hurt_sec_325_and_326_ipc_total_r_col_17;sc_st_prevention_of_atrocities_act_r_w_ipc_kidnapping_and_abduction_kidnapping_and_abduction_sec_363_363a_364_364a_365_366_366a_367_368_and_369_ipc_total_i_col_57;sc_st_prevention_of_atrocities_act_r_w_ipc_kidnapping_and_abduction_kidnapping_and_abduction_sec_363_363a_364_364a_365_366_366a_367_368_and_369_ipc_total_v_col_58,sc_st_prevention_of_atrocities_act_r_w_ipc_total_i_col_3;sc_st_prevention_of_atrocities_act_r_w_ipc_total_v_col_4;sc_st_prevention_of_atrocities_act_r_w_ipc_total_r_col_5;sc_st_prevention_of_atrocities_act_murder_sec_302_ipc_i_col_6;sc_st_prevention_of_atrocities_act_murder_sec_302_ipc_v_col_7;sc_st_prevention_of_atrocities_act_murder_sec_302_ipc_r_col_8;sc_st_prevention_of_atrocities_act_attempt_to_commit_murder_sec_307_ipc_i_col_9;sc_st_prevention_of_atrocities_act_attempt_to_commit_murder_sec_307_ipc_v_col_10;sc_st_prevention_of_atrocities_act_attempt_to_commit_murder_sec_307_ipc_r_col_11;sc_st_prevention_of_atrocities_act_r_w_ipc_simple_hurt_secs_323_r_w_324_327_328_330_332_353_ipc_i_col_12;sc_st_prevention_of_atrocities_act_r_w_ipc_simple_hurt_secs_323_r_w_324_327_328_330_332_353_ipc_v_col_13;sc_st_prevention_of_atrocities_act_r_w_ipc_simple_hurt_secs_323_r_w_324_327_328_330_332_353_ipc_r_col_14,NOT_SUITABLE,Insufficient historical years for a defensible temporal ML task.
ncrb 2022\data\NCRB_Table_7A.3.csv,2022,49,True,False,crime_head;cases_pending_investigation_from_previous_year_col_3;cases_reported_during_the_year_col_4;cases_reopened_for_investigation_col_5;total_cases_for_investigation_col_3_col_4_col_5_col_6;cases_not_investigated_under_157_1_b_crpc_col_7;cases_transferred_to_other_state_or_agency_col_8;cases_withdrawn_by_the_govt_during_investigation_col_9,crime_head;cases_pending_investigation_from_previous_year_col_3;cases_reported_during_the_year_col_4;cases_reopened_for_investigation_col_5;total_cases_for_investigation_col_3_col_4_col_5_col_6;cases_not_investigated_under_157_1_b_crpc_col_7;cases_transferred_to_other_state_or_agency_col_8;cases_withdrawn_by_the_govt_during_investigation_col_9;final_report_cases_ended_as_fr_non_cognizable_col_10;final_report_cases_ended_as_final_report_false_col_11;final_report_cases_ended_as_mistake_of_fact_or_of_law_or_civil_dispute_col_12;final_report_cases_true_but_insufficient_evidence_or_untraced_or_no_clue_col_13,NOT_SUITABLE,Insufficient historical years for a defensible temporal ML task.
ncrb 2022\data\NCRB_Table_7A.4.csv,2022,39,True,False,cases_pending_investigation_from_previous_year_col_3;cases_reported_during_the_year_col_4;cases_reopened_for_investigation_col_5;total_cases_for_investigation_col_3_col_4_col_5_col_6;cases_not_investigated_under_157_1_b_crpc_col_7;cases_transferred_to_other_state_or_agency_col_8;cases_withdrawn_by_the_govt_during_investigation_col_9;final_report_cases_ended_as_fr_non_cognizable_col_10,cases_pending_investigation_from_previous_year_col_3;cases_reported_during_the_year_col_4;cases_reopened_for_investigation_col_5;total_cases_for_investigation_col_3_col_4_col_5_col_6;cases_not_investigated_under_157_1_b_crpc_col_7;cases_transferred_to_other_state_or_agency_col_8;cases_withdrawn_by_the_govt_during_investigation_col_9;final_report_cases_ended_as_fr_non_cognizable_col_10;final_report_cases_ended_as_final_report_false_col_11;final_report_cases_ended_as_mistake_of_fact_or_of_law_or_civil_dispute_col_12;final_report_cases_true_but_insufficient_evidence_or_untraced_or_no_clue_col_13;final_report_cases_abated_during_investigation_col_14,NOT_SUITABLE,Insufficient historical years for a defensible temporal ML task.
ncrb 2022\data\NCRB_Table_7A.5.csv,2022,49,False,False,crime_head;cases_pending_trial_from_the_previous_year_col_3;cases_sent_for_trial_during_the_year_col_4;total_cases_for_trial_col_3_col_4_col_5;cases_abated_by_court_col_6;cases_withdrawn_from_prosecution_col_7;cases_compounded_or_compromised_col_8;cases_disposed_off_by_plea_bargaining_col_9,crime_head;cases_pending_trial_from_the_previous_year_col_3;cases_sent_for_trial_during_the_year_col_4;total_cases_for_trial_col_3_col_4_col_5;cases_abated_by_court_col_6;cases_withdrawn_from_prosecution_col_7;cases_compounded_or_compromised_col_8;cases_disposed_off_by_plea_bargaining_col_9;cases_quashed_col_10;cases_disposed_off_without_trial_col_6_col_7_col_8_col_9_col_10_col_11;cases_stayed_or_sent_to_record_room_col_12;cases_convicted_out_of_cases_from_previous_year_col_13,NOT_SUITABLE,Insufficient historical years for a defensible temporal ML task.
ncrb 2022\data\NCRB_Table_7A.6.csv,2022,39,True,False,cases_pending_trial_from_the_previous_year_col_3;cases_sent_for_trial_during_the_year_col_4;total_cases_for_trial_col_3_col_4_col_5;cases_abated_by_court_col_6;cases_withdrawn_from_prosecution_col_7;cases_compounded_or_compromised_col_8;cases_disposed_off_by_plea_bargaining_col_9;cases_quashed_col_10,cases_pending_trial_from_the_previous_year_col_3;cases_sent_for_trial_during_the_year_col_4;total_cases_for_trial_col_3_col_4_col_5;cases_abated_by_court_col_6;cases_withdrawn_from_prosecution_col_7;cases_compounded_or_compromised_col_8;cases_disposed_off_by_plea_bargaining_col_9;cases_quashed_col_10;cases_disposed_off_without_trial_col_6_col_7_col_8_col_9_col_10_col_11;cases_stayed_or_sent_to_record_room_col_12;cases_convicted_out_of_cases_from_previous_year_col_13;cases_convicted_out_of_cases_during_the_year_col_14,NOT_SUITABLE,Insufficient historical years for a defensible temporal ML task.
ncrb 2022\data\NCRB_Table_7A.7.csv,2022,49,False,False,crime_head;persons_arrested_total;persons_chargesheeted_total;persons_convicted_total;persons_discharged_total;persons_acquitted_total,crime_head;persons_arrested_male;persons_arrested_female;persons_arrested_transgender;persons_arrested_total;persons_chargesheeted_male;persons_chargesheeted_female;persons_chargesheeted_transgender;persons_chargesheeted_total;persons_convicted_male;persons_convicted_female;persons_convicted_transgender,NOT_SUITABLE,Insufficient historical years for a defensible temporal ML task.
ncrb 2022\data\NCRB_Table_7A.8.csv,2022,39,True,False,persons_arrested_total;persons_charge_sheeted_total;persons_convicted_total;persons_discharged_total;persons_acquitted_total,persons_arrested_male;persons_arrested_female;persons_arrested_transgender;persons_arrested_total;persons_charge_sheeted_male;persons_charge_sheeted_female;persons_charge_sheeted_transgender;persons_charge_sheeted_total;persons_convicted_male;persons_convicted_female;persons_convicted_transgender;persons_convicted_total,NOT_SUITABLE,Insufficient historical years for a defensible temporal ML task.
ncrb 2022\data\NCRB_Table_7B.1.csv,2020;2021;2022,20,False,False,,city;2020;2021;2022;chargesheeting_rate_2022,NOT_SUITABLE,"Multi-year columns exist, but there is no compatible state/district panel key."
ncrb 2022\data\NCRB_Table_7B.2.csv,1955,20,False,False,sc_st_prevention_of_atrocities_act_r_w_ipc_total_i_col_3;sc_st_prevention_of_atrocities_act_r_w_ipc_total_v_col_4;sc_st_prevention_of_atrocities_act_r_w_ipc_grievous_hurt_grievous_hurt_sec_325_and_326_ipc_total_i_col_11;sc_st_prevention_of_atrocities_act_r_w_ipc_grievous_hurt_grievous_hurt_sec_325_and_326_ipc_total_v_col_12;sc_st_prevention_of_atrocities_act_r_w_ipc_kidnapping_and_abduction_kidnapping_and_abduction_sec_363_363a_364_364a_365_366_366a_367_368_and_369_ipc_total_i_col_39;sc_st_prevention_of_atrocities_act_r_w_ipc_kidnapping_and_abduction_kidnapping_and_abduction_sec_363_363a_364_364a_365_366_366a_367_368_and_369_ipc_total_v_col_40;sc_st_prevention_of_atrocities_act_r_w_ipc_rape_sec_376_ipc_total_i_col_59;sc_st_prevention_of_atrocities_act_r_w_ipc_rape_sec_376_ipc_total_v_col_60,city;sc_st_prevention_of_atrocities_act_r_w_ipc_total_i_col_3;sc_st_prevention_of_atrocities_act_r_w_ipc_total_v_col_4;sc_st_prevention_of_atrocities_act_murder_sec_302_ipc_i_col_5;sc_st_prevention_of_atrocities_act_murder_sec_302_ipc_v_col_6;sc_st_prevention_of_atrocities_act_attempt_to_commit_murder_sec_307_ipc_i_col_7;sc_st_prevention_of_atrocities_act_attempt_to_commit_murder_sec_307_ipc_v_col_8;sc_st_prevention_of_atrocities_act_r_w_ipc_simple_hurt_secs_323_r_w_324_327_328_330_332_353_ipc_i_col_9;sc_st_prevention_of_atrocities_act_r_w_ipc_simple_hurt_secs_323_r_w_324_327_328_330_332_353_ipc_v_col_10;sc_st_prevention_of_atrocities_act_r_w_ipc_grievous_hurt_grievous_hurt_sec_325_and_326_ipc_total_i_col_11;sc_st_prevention_of_atrocities_act_r_w_ipc_grievous_hurt_grievous_hurt_sec_325_and_326_ipc_total_v_col_12;sc_st_prevention_of_atrocities_act_r_w_ipc_grievous_hurt_a_grievous_hurt_i_col_13,NOT_SUITABLE,Insufficient historical years for a defensible temporal ML task.
ncrb 2022\data\NCRB_Table_7B.3.csv,2022,49,True,False,crime_head;cases_pending_investigation_from_previous_year_col_3;cases_reported_during_the_year_col_4;cases_reopened_for_investigation_col_5;total_cases_for_investigation_col_3_col_4_col_5_col_6;cases_not_investigated_under_157_1_b_crpc_col_7;cases_transferred_to_other_state_or_agency_col_8;cases_withdrawn_by_the_govt_during_investigation_col_9,crime_head;cases_pending_investigation_from_previous_year_col_3;cases_reported_during_the_year_col_4;cases_reopened_for_investigation_col_5;total_cases_for_investigation_col_3_col_4_col_5_col_6;cases_not_investigated_under_157_1_b_crpc_col_7;cases_transferred_to_other_state_or_agency_col_8;cases_withdrawn_by_the_govt_during_investigation_col_9;final_report_cases_ended_as_fr_non_cognizable_col_10;final_report_cases_ended_as_final_report_false_col_11;final_report_cases_ended_as_mistake_of_fact_or_of_law_or_civil_dispute_col_12;final_report_cases_true_but_insufficient_evidence_or_untraced_or_no_clue_col_13,NOT_SUITABLE,Insufficient historical years for a defensible temporal ML task.
ncrb 2022\data\NCRB_Table_7B.4.csv,2022,20,True,False,cases_pending_investigation_from_previous_year_col_3;cases_reported_during_the_year_col_4;cases_reopened_for_investigation_col_5;total_cases_for_investigation_col_3_col_4_col_5_col_6;cases_not_investigated_under_157_1_b_crpc_col_7;cases_transferred_to_other_state_or_agency_col_8;cases_withdrawn_by_the_govt_during_investigation_col_9;final_report_cases_ended_as_fr_non_cognizable_col_10,city;cases_pending_investigation_from_previous_year_col_3;cases_reported_during_the_year_col_4;cases_reopened_for_investigation_col_5;total_cases_for_investigation_col_3_col_4_col_5_col_6;cases_not_investigated_under_157_1_b_crpc_col_7;cases_transferred_to_other_state_or_agency_col_8;cases_withdrawn_by_the_govt_during_investigation_col_9;final_report_cases_ended_as_fr_non_cognizable_col_10;final_report_cases_ended_as_final_report_false_col_11;final_report_cases_ended_as_mistake_of_fact_or_of_law_or_civil_dispute_col_12;final_report_cases_true_but_insufficient_evidence_or_untraced_or_no_clue_col_13,NOT_SUITABLE,Insufficient historical years for a defensible temporal ML task.
ncrb 2022\data\NCRB_Table_7B.5.csv,2022,49,False,False,crime_head;cases_pending_trial_from_the_previous_year_col_3;cases_sent_for_trial_during_the_year_col_4;total_cases_for_trial_col_3_col_4_col_5;cases_abated_by_court_col_6;cases_withdrawn_from_prosecution_col_7;cases_compounded_or_compromised_col_8;cases_disposed_off_by_plea_bargaining_col_9,crime_head;cases_pending_trial_from_the_previous_year_col_3;cases_sent_for_trial_during_the_year_col_4;total_cases_for_trial_col_3_col_4_col_5;cases_abated_by_court_col_6;cases_withdrawn_from_prosecution_col_7;cases_compounded_or_compromised_col_8;cases_disposed_off_by_plea_bargaining_col_9;cases_quashed_col_10;cases_disposed_off_without_trial_col_6_col_7_col_8_col_9_col_10_col_11;cases_stayed_or_sent_to_record_room_col_12;cases_convicted_out_of_cases_from_previous_year_col_13,NOT_SUITABLE,Insufficient historical years for a defensible temporal ML task.
ncrb 2022\data\NCRB_Table_7B.6.csv,2022,20,False,False,cases_pending_trial_from_the_previous_year_col_3;cases_sent_for_trial_during_the_year_col_4;total_cases_for_trial_col_3_col_4_col_5;cases_abated_by_court_col_6;cases_withdrawn_from_prosecution_col_7;cases_compounded_or_compromised_col_8;cases_disposed_off_by_plea_bargaining_col_9;cases_quashed_col_10,city;cases_pending_trial_from_the_previous_year_col_3;cases_sent_for_trial_during_the_year_col_4;total_cases_for_trial_col_3_col_4_col_5;cases_abated_by_court_col_6;cases_withdrawn_from_prosecution_col_7;cases_compounded_or_compromised_col_8;cases_disposed_off_by_plea_bargaining_col_9;cases_quashed_col_10;cases_disposed_off_without_trial_col_6_col_7_col_8_col_9_col_10_col_11;cases_stayed_or_sent_to_record_room_col_12;cases_convicted_out_of_cases_from_previous_year_col_13,NOT_SUITABLE,Insufficient historical years for a defensible temporal ML task.
ncrb 2022\data\NCRB_Table_7B.7.csv,2022,49,False,False,crime_head;persons_arrested_total;persons_chargesheeted_total;persons_convicted_total;persons_discharged_total;persons_acquitted_total,crime_head;persons_arrested_male;persons_arrested_female;persons_arrested_transgender;persons_arrested_total;persons_chargesheeted_male;persons_chargesheeted_female;persons_chargesheeted_transgender;persons_chargesheeted_total;persons_convicted_male;persons_convicted_female;persons_convicted_transgender,NOT_SUITABLE,Insufficient historical years for a defensible temporal ML task.
ncrb 2022\data\NCRB_Table_7B.8.csv,2022,20,False,False,persons_arrested_total;persons_charge_sheeted_total;persons_convicted_total;persons_discharged_total;persons_acquitted_total,city;persons_arrested_male;persons_arrested_female;persons_arrested_transgender;persons_arrested_total;persons_charge_sheeted_male;persons_charge_sheeted_female;persons_charge_sheeted_transgender;persons_charge_sheeted_total;persons_convicted_male;persons_convicted_female;persons_convicted_transgender,NOT_SUITABLE,Insufficient historical years for a defensible temporal ML task.
ncrb 2022\data\NCRB_Table_7C.1.csv,2011;2020;2021;2022,39,True,False,rate_of_total_crime_against_sts_2022,sl;2020;2021;2022;actual_population_of_sts_in_lakhs_2011;rate_of_total_crime_against_sts_2022;chargesheeting_rate_2022,SECONDARY_CANDIDATE,"State-level multi-year counts exist, but target semantics and available history require further review."
ncrb 2022\data\NCRB_Table_7C.2.csv,1955,39,True,False,sc_st_prevention_of_atrocities_act_r_w_ipc_total_i_col_3;sc_st_prevention_of_atrocities_act_r_w_ipc_total_v_col_4;sc_st_prevention_of_atrocities_act_r_w_ipc_total_r_col_5;sc_st_prevention_of_atrocities_act_r_w_ipc_grievous_hurt_grievous_hurt_sec_325_and_326_ipc_total_i_col_15;sc_st_prevention_of_atrocities_act_r_w_ipc_grievous_hurt_grievous_hurt_sec_325_and_326_ipc_total_v_col_16;sc_st_prevention_of_atrocities_act_r_w_ipc_grievous_hurt_grievous_hurt_sec_325_and_326_ipc_total_r_col_17;sc_st_prevention_of_atrocities_act_r_w_ipc_kidnapping_and_abduction_kidnapping_and_abduction_sec_363_363a_364_364a_365_366_366a_367_368_and_369_ipc_total_i_col_57;sc_st_prevention_of_atrocities_act_r_w_ipc_kidnapping_and_abduction_kidnapping_and_abduction_sec_363_363a_364_364a_365_366_366a_367_368_and_369_ipc_total_v_col_58,sc_st_prevention_of_atrocities_act_r_w_ipc_total_i_col_3;sc_st_prevention_of_atrocities_act_r_w_ipc_total_v_col_4;sc_st_prevention_of_atrocities_act_r_w_ipc_total_r_col_5;sc_st_prevention_of_atrocities_act_murder_sec_302_ipc_i_col_6;sc_st_prevention_of_atrocities_act_murder_sec_302_ipc_v_col_7;sc_st_prevention_of_atrocities_act_murder_sec_302_ipc_r_col_8;sc_st_prevention_of_atrocities_act_attempt_to_commit_murder_sec_307_ipc_i_col_9;sc_st_prevention_of_atrocities_act_attempt_to_commit_murder_sec_307_ipc_v_col_10;sc_st_prevention_of_atrocities_act_attempt_to_commit_murder_sec_307_ipc_r_col_11;sc_st_prevention_of_atrocities_act_r_w_ipc_simple_hurt_secs_323_r_w_324_327_328_330_332_353_ipc_i_col_12;sc_st_prevention_of_atrocities_act_r_w_ipc_simple_hurt_secs_323_r_w_324_327_328_330_332_353_ipc_v_col_13;sc_st_prevention_of_atrocities_act_r_w_ipc_simple_hurt_secs_323_r_w_324_327_328_330_332_353_ipc_r_col_14,NOT_SUITABLE,Insufficient historical years for a defensible temporal ML task.
ncrb 2022\data\NCRB_Table_7C.3.csv,2022,49,True,False,crime_head;cases_pending_investigation_from_previous_year_col_3;cases_reported_during_the_year_col_4;cases_reopened_for_investigation_col_5;total_cases_for_investigation_col_3_col_4_col_5_col_6;cases_not_investigated_under_157_1_b_crpc_col_7;cases_transferred_to_other_state_or_agency_col_8;cases_withdrawn_by_the_govt_during_investigation_col_9,crime_head;cases_pending_investigation_from_previous_year_col_3;cases_reported_during_the_year_col_4;cases_reopened_for_investigation_col_5;total_cases_for_investigation_col_3_col_4_col_5_col_6;cases_not_investigated_under_157_1_b_crpc_col_7;cases_transferred_to_other_state_or_agency_col_8;cases_withdrawn_by_the_govt_during_investigation_col_9;final_report_cases_ended_as_fr_non_cognizable_col_10;final_report_cases_ended_as_final_report_false_col_11;final_report_cases_ended_as_mistake_of_fact_or_of_law_or_civil_dispute_col_12;final_report_cases_true_but_insufficient_evidence_or_untraced_or_no_clue_col_13,NOT_SUITABLE,Insufficient historical years for a defensible temporal ML task.
ncrb 2022\data\NCRB_Table_7C.4.csv,2022,39,True,False,cases_pending_investigation_from_previous_year_col_3;cases_reported_during_the_year_col_4;cases_reopened_for_investigation_col_5;total_cases_for_investigation_col_3_col_4_col_5_col_6;cases_not_investigated_under_157_1_b_crpc_col_7;cases_transferred_to_other_state_or_agency_col_8;cases_withdrawn_by_the_govt_during_investigation_col_9;final_report_cases_ended_as_fr_non_cognizable_col_10,cases_pending_investigation_from_previous_year_col_3;cases_reported_during_the_year_col_4;cases_reopened_for_investigation_col_5;total_cases_for_investigation_col_3_col_4_col_5_col_6;cases_not_investigated_under_157_1_b_crpc_col_7;cases_transferred_to_other_state_or_agency_col_8;cases_withdrawn_by_the_govt_during_investigation_col_9;final_report_cases_ended_as_fr_non_cognizable_col_10;final_report_cases_ended_as_final_report_false_col_11;final_report_cases_ended_as_mistake_of_fact_or_of_law_or_civil_dispute_col_12;final_report_cases_true_but_insufficient_evidence_or_untraced_or_no_clue_col_13;final_report_cases_abated_during_investigation_col_14,NOT_SUITABLE,Insufficient historical years for a defensible temporal ML task.
ncrb 2022\data\NCRB_Table_7C.5.csv,2022,49,False,False,crime_head;cases_pending_trial_from_the_previous_year_col_3;cases_sent_for_trial_during_the_year_col_4;total_cases_for_trial_col_3_col_4_col_5;cases_abated_by_court_col_6;cases_withdrawn_from_prosecution_col_7;cases_compounded_or_compromised_col_8;cases_disposed_off_by_plea_bargaining_col_9,crime_head;cases_pending_trial_from_the_previous_year_col_3;cases_sent_for_trial_during_the_year_col_4;total_cases_for_trial_col_3_col_4_col_5;cases_abated_by_court_col_6;cases_withdrawn_from_prosecution_col_7;cases_compounded_or_compromised_col_8;cases_disposed_off_by_plea_bargaining_col_9;cases_quashed_col_10;cases_disposed_off_without_trial_col_6_col_7_col_8_col_9_col_10_col_11;cases_stayed_or_sent_to_record_room_col_12;cases_convicted_out_of_cases_from_previous_year_col_13,NOT_SUITABLE,Insufficient historical years for a defensible temporal ML task.
ncrb 2022\data\NCRB_Table_7C.6.csv,2022,39,True,False,cases_pending_trial_from_the_previous_year_col_3;cases_sent_for_trial_during_the_year_col_4;total_cases_for_trial_col_3_col_4_col_5;cases_abated_by_court_col_6;cases_withdrawn_from_prosecution_col_7;cases_compounded_or_compromised_col_8;cases_disposed_off_by_plea_bargaining_col_9;cases_quashed_col_10,cases_pending_trial_from_the_previous_year_col_3;cases_sent_for_trial_during_the_year_col_4;total_cases_for_trial_col_3_col_4_col_5;cases_abated_by_court_col_6;cases_withdrawn_from_prosecution_col_7;cases_compounded_or_compromised_col_8;cases_disposed_off_by_plea_bargaining_col_9;cases_quashed_col_10;cases_disposed_off_without_trial_col_6_col_7_col_8_col_9_col_10_col_11;cases_stayed_or_sent_to_record_room_col_12;cases_convicted_out_of_cases_from_previous_year_col_13;cases_convicted_out_of_cases_during_the_year_col_14,NOT_SUITABLE,Insufficient historical years for a defensible temporal ML task.
ncrb 2022\data\NCRB_Table_7C.7.csv,2022,49,False,False,crime_head;persons_arrested_total;persons_chargesheeted_total;persons_convicted_total;persons_discharged_total;persons_acquitted_total,crime_head;persons_arrested_male;persons_arrested_female;persons_arrested_transgender;persons_arrested_total;persons_chargesheeted_male;persons_chargesheeted_female;persons_chargesheeted_transgender;persons_chargesheeted_total;persons_convicted_male;persons_convicted_female;persons_convicted_transgender,NOT_SUITABLE,Insufficient historical years for a defensible temporal ML task.
ncrb 2022\data\NCRB_Table_7C.8.csv,2022,39,True,False,persons_arrested_total;persons_charge_sheeted_total;persons_convicted_total;persons_discharged_total;persons_acquitted_total,persons_arrested_male;persons_arrested_female;persons_arrested_transgender;persons_arrested_total;persons_charge_sheeted_male;persons_charge_sheeted_female;persons_charge_sheeted_transgender;persons_charge_sheeted_total;persons_convicted_male;persons_convicted_female;persons_convicted_transgender;persons_convicted_total,NOT_SUITABLE,Insufficient historical years for a defensible temporal ML task.
ncrb 2022\data\NCRB_Table_7D.1.csv,2020;2021;2022,20,False,False,,city;2020;2021;2022;chargesheeting_rate_2022,NOT_SUITABLE,"Multi-year columns exist, but there is no compatible state/district panel key."
ncrb 2022\data\NCRB_Table_7D.2.csv,1955,20,False,False,sc_st_prevention_of_atrocities_act_r_w_ipc_total_i_col_3;sc_st_prevention_of_atrocities_act_r_w_ipc_total_v_col_4;sc_st_prevention_of_atrocities_act_r_w_ipc_grievous_hurt_grievous_hurt_sec_325_326_ipc_total_i_col_11;sc_st_prevention_of_atrocities_act_r_w_ipc_grievous_hurt_grievous_hurt_sec_325_326_ipc_total_v_col_12;sc_st_prevention_of_atrocities_act_r_w_ipc_kidnapping_and_abduction_kidnapping_and_abduction_sec_363_363a_364_364a_365_366_366a_367_368_369_ipc_total_i_col_39;sc_st_prevention_of_atrocities_act_r_w_ipc_kidnapping_and_abduction_kidnapping_and_abduction_sec_363_363a_364_364a_365_366_366a_367_368_369_ipc_total_v_col_40;sc_st_prevention_of_atrocities_act_r_w_ipcrape_sec_376_ipc_total_i_col_59;sc_st_prevention_of_atrocities_act_r_w_ipcrape_sec_376_ipc_total_v_col_60,city;sc_st_prevention_of_atrocities_act_r_w_ipc_total_i_col_3;sc_st_prevention_of_atrocities_act_r_w_ipc_total_v_col_4;sc_st_prevention_of_atrocities_act_murder_sec_302_ipc_i_col_5;sc_st_prevention_of_atrocities_act_murder_sec_302_ipc_v_col_6;sc_st_prevention_of_atrocities_act_attempt_to_commit_murder_sec_307_ipc_i_col_7;sc_st_prevention_of_atrocities_act_attempt_to_commit_murder_sec_307_ipc_v_col_8;sc_st_prevention_of_atrocities_act_r_w_ipc_simple_hurt_secs_323_r_w_324_327_328_330_332_353_ipc_i_col_9;sc_st_prevention_of_atrocities_act_r_w_ipc_simple_hurt_secs_323_r_w_324_327_328_330_332_353_ipc_v_col_10;sc_st_prevention_of_atrocities_act_r_w_ipc_grievous_hurt_grievous_hurt_sec_325_326_ipc_total_i_col_11;sc_st_prevention_of_atrocities_act_r_w_ipc_grievous_hurt_grievous_hurt_sec_325_326_ipc_total_v_col_12;sc_st_prevention_of_atrocities_act_r_w_ipc_grievous_hurt_a_grievous_hurt_i_col_13,NOT_SUITABLE,Insufficient historical years for a defensible temporal ML task.
ncrb 2022\data\NCRB_Table_7D.3.csv,2022,49,True,False,crime_head;cases_pending_investigation_from_previous_year_col_3;cases_reported_during_the_year_col_4;cases_reopened_for_investigation_col_5;total_cases_for_investigation_col_3_col_4_col_5_col_6;cases_not_investigated_under_157_1_b_crpc_col_7;cases_transferred_to_other_state_or_agency_col_8;cases_withdrawn_by_the_govt_during_investigation_col_9,crime_head;cases_pending_investigation_from_previous_year_col_3;cases_reported_during_the_year_col_4;cases_reopened_for_investigation_col_5;total_cases_for_investigation_col_3_col_4_col_5_col_6;cases_not_investigated_under_157_1_b_crpc_col_7;cases_transferred_to_other_state_or_agency_col_8;cases_withdrawn_by_the_govt_during_investigation_col_9;final_report_cases_ended_as_fr_non_cognizable_col_10;final_report_cases_ended_as_final_report_false_col_11;final_report_cases_ended_as_mistake_of_fact_or_of_law_or_civil_dispute_col_12;final_report_cases_true_but_insufficient_evidence_or_untraced_or_no_clue_col_13,NOT_SUITABLE,Insufficient historical years for a defensible temporal ML task.
ncrb 2022\data\NCRB_Table_7D.4.csv,2022,20,True,False,cases_pending_investigation_from_previous_year_col_3;cases_reported_during_the_year_col_4;cases_reopened_for_investigation_col_5;total_cases_for_investigation_col_3_col_4_col_5_col_6;cases_not_investigated_under_157_1_b_crpc_col_7;cases_transferred_to_other_state_or_agency_col_8;cases_withdrawn_by_the_govt_during_investigation_col_9;final_report_cases_ended_as_fr_non_cognizable_col_10,city;cases_pending_investigation_from_previous_year_col_3;cases_reported_during_the_year_col_4;cases_reopened_for_investigation_col_5;total_cases_for_investigation_col_3_col_4_col_5_col_6;cases_not_investigated_under_157_1_b_crpc_col_7;cases_transferred_to_other_state_or_agency_col_8;cases_withdrawn_by_the_govt_during_investigation_col_9;final_report_cases_ended_as_fr_non_cognizable_col_10;final_report_cases_ended_as_final_report_false_col_11;final_report_cases_ended_as_mistake_of_fact_or_of_law_or_civil_dispute_col_12;final_report_cases_true_but_insufficient_evidence_or_untraced_or_no_clue_col_13,NOT_SUITABLE,Insufficient historical years for a defensible temporal ML task.
ncrb 2022\data\NCRB_Table_7D.5.csv,2022,49,False,False,crime_head;cases_pending_trial_from_the_previous_year_col_3;cases_sent_for_trial_during_the_year_col_4;total_cases_for_trial_col_3_col_4_col_5;cases_abated_by_court_col_6;cases_withdrawn_from_prosecution_col_7;cases_compounded_or_compromised_col_8;cases_disposed_off_by_plea_bargaining_col_9,crime_head;cases_pending_trial_from_the_previous_year_col_3;cases_sent_for_trial_during_the_year_col_4;total_cases_for_trial_col_3_col_4_col_5;cases_abated_by_court_col_6;cases_withdrawn_from_prosecution_col_7;cases_compounded_or_compromised_col_8;cases_disposed_off_by_plea_bargaining_col_9;cases_quashed_col_10;cases_disposed_off_without_trial_col_6_col_7_col_8_col_9_col_10_col_11;cases_stayed_or_sent_to_record_room_col_12;cases_convicted_out_of_cases_from_previous_year_col_13,NOT_SUITABLE,Insufficient historical years for a defensible temporal ML task.
ncrb 2022\data\NCRB_Table_7D.6.csv,2022,20,False,False,cases_pending_trial_from_the_previous_year_col_3;cases_sent_for_trial_during_the_year_col_4;total_cases_for_trial_col_3_col_4_col_5;cases_abated_by_court_col_6;cases_withdrawn_from_prosecution_col_7;cases_compounded_or_compromised_col_8;cases_disposed_off_by_plea_bargaining_col_9;cases_quashed_col_10,city;cases_pending_trial_from_the_previous_year_col_3;cases_sent_for_trial_during_the_year_col_4;total_cases_for_trial_col_3_col_4_col_5;cases_abated_by_court_col_6;cases_withdrawn_from_prosecution_col_7;cases_compounded_or_compromised_col_8;cases_disposed_off_by_plea_bargaining_col_9;cases_quashed_col_10;cases_disposed_off_without_trial_col_6_col_7_col_8_col_9_col_10_col_11;cases_stayed_or_sent_to_record_room_col_12;cases_convicted_out_of_cases_from_previous_year_col_13,NOT_SUITABLE,Insufficient historical years for a defensible temporal ML task.
ncrb 2022\data\NCRB_Table_7D.7.csv,2022,49,False,False,crime_head;persons_arrested_total;persons_chargesheeted_total;persons_convicted_total;persons_discharged_total;persons_acquitted_total,crime_head;persons_arrested_male;persons_arrested_female;persons_arrested_transgender;persons_arrested_total;persons_chargesheeted_male;persons_chargesheeted_female;persons_chargesheeted_transgender;persons_chargesheeted_total;persons_convicted_male;persons_convicted_female;persons_convicted_transgender,NOT_SUITABLE,Insufficient historical years for a defensible temporal ML task.
ncrb 2022\data\NCRB_Table_7D.8.csv,2022,20,False,False,persons_arrested_total;persons_charge_sheeted_total;persons_convicted_total;persons_discharged_total;persons_acquitted_total,city;persons_arrested_male;persons_arrested_female;persons_arrested_transgender;persons_arrested_total;persons_charge_sheeted_male;persons_charge_sheeted_female;persons_charge_sheeted_transgender;persons_charge_sheeted_total;persons_convicted_male;persons_convicted_female;persons_convicted_transgender,NOT_SUITABLE,Insufficient historical years for a defensible temporal ML task.
ncrb 2022\data\NCRB_Table_8A.1.csv,2020;2021;2022,39,True,False,rate_of_total_economic_offences_2022,2020;2021;2022;mid_year_projected_population_in_lakhs_2022;rate_of_total_economic_offences_2022;chargesheeting_rate_2022,SECONDARY_CANDIDATE,"State-level multi-year counts exist, but target semantics and available history require further review."
ncrb 2022\data\NCRB_Table_8A.2.csv,2022,39,True,False,counterfeiting_secs_231_243_255_489a_to_489e_ipc;total_economic_offences,criminal_breach_of_trust_sec_406_to_409_ipc;counterfeiting_secs_231_243_255_489a_to_489e_ipc;forgery_cheating_fraud_secs_420_465_468_471_231_243_255_and_489a_to_489e_ipc;total_economic_offences,NOT_SUITABLE,Insufficient historical years for a defensible temporal ML task.
ncrb 2022\data\NCRB_Table_8A.3.csv,2022,39,True,False,total;total_1;total_2;total_economic_offences_less_than_1_lakh;total_economic_offences_1_lakh_to_10_lakhs;total_economic_offences_10_to_50_lakhs;total_economic_offences_50_lakhs_to_1_crore;total_economic_offences_1_to_10_crores,criminal_misappropriation_less_than_1_lakh;criminal_misappropriation_1_lakh_to_10_lakhs;criminal_misappropriation_10_to_50_lakhs;criminal_misappropriation_50_lakhs_to_1_crore;criminal_misappropriation_1_to_10_crores;criminal_misappropriation_10_to_25_crores;criminal_misappropriation_25_to_50_crores;criminal_misappropriation_50_to_100_crores;criminal_misappropriation_above_100_crores;total;criminal_breach_of_trust_less_than_1_lakh;criminal_breach_of_trust_1_lakh_to_10_lakhs,NOT_SUITABLE,Insufficient historical years for a defensible temporal ML task.
ncrb 2022\data\NCRB_Table_8A.4.csv,2022,4,True,False,crime_head;cases_pending_investigation_from_previous_year_col_3;cases_reported_during_the_year_col_4;cases_reopened_for_investigation_col_5;total_cases_for_investigation_col_3_col_4_col_5_col_6;cases_not_investigated_under_157_1_b_crpc_col_7;cases_transferred_to_other_state_or_agency_col_8;cases_withdrawn_by_the_govt_during_investigation_col_9,crime_head;cases_pending_investigation_from_previous_year_col_3;cases_reported_during_the_year_col_4;cases_reopened_for_investigation_col_5;total_cases_for_investigation_col_3_col_4_col_5_col_6;cases_not_investigated_under_157_1_b_crpc_col_7;cases_transferred_to_other_state_or_agency_col_8;cases_withdrawn_by_the_govt_during_investigation_col_9;final_report_cases_ended_as_fr_non_cognizable_col_10;final_report_cases_ended_as_final_report_false_col_11;final_report_cases_ended_as_mistake_of_fact_or_of_law_or_civil_dispute_col_12;final_report_cases_true_but_insufficient_evidence_or_untraced_or_no_clue_col_13,NOT_SUITABLE,Insufficient historical years for a defensible temporal ML task.
ncrb 2022\data\NCRB_Table_8A.5.csv,2022,39,True,False,cases_pending_investigation_from_previous_year_col_3;cases_reported_during_the_year_col_4;cases_reopened_for_investigation_col_5;total_cases_for_investigation_col_3_col_4_col_5_col_6;cases_not_investigated_under_157_1_b_crpc_col_7;cases_transferred_to_other_state_or_agency_col_8;cases_withdrawn_by_the_govt_during_investigation_col_9;final_report_cases_ended_as_fr_non_cognizable_col_10,cases_pending_investigation_from_previous_year_col_3;cases_reported_during_the_year_col_4;cases_reopened_for_investigation_col_5;total_cases_for_investigation_col_3_col_4_col_5_col_6;cases_not_investigated_under_157_1_b_crpc_col_7;cases_transferred_to_other_state_or_agency_col_8;cases_withdrawn_by_the_govt_during_investigation_col_9;final_report_cases_ended_as_fr_non_cognizable_col_10;final_report_cases_ended_as_final_report_false_col_11;final_report_cases_ended_as_mistake_of_fact_or_of_law_or_civil_dispute_col_12;final_report_cases_true_but_insufficient_evidence_or_untraced_or_no_clue_col_13;final_report_cases_abated_during_investigation_col_14,NOT_SUITABLE,Insufficient historical years for a defensible temporal ML task.
ncrb 2022\data\NCRB_Table_8A.6.csv,2022,4,False,False,crime_head;cases_pending_trial_from_the_previous_year_col_3;cases_sent_for_trial_during_the_year_col_4;total_cases_for_trial_col_3_col_4_col_5;cases_abated_by_court_col_6;cases_withdrawn_from_prosecution_col_7;cases_compounded_or_compromised_col_8;cases_disposed_off_by_plea_bargaining_col_9,crime_head;cases_pending_trial_from_the_previous_year_col_3;cases_sent_for_trial_during_the_year_col_4;total_cases_for_trial_col_3_col_4_col_5;cases_abated_by_court_col_6;cases_withdrawn_from_prosecution_col_7;cases_compounded_or_compromised_col_8;cases_disposed_off_by_plea_bargaining_col_9;cases_quashed_col_10;cases_disposed_off_without_trial_col_6_col_7_col_8_col_9_col_10_col_11;cases_stayed_or_sent_to_record_room_col_12;cases_convicted_out_of_cases_from_previous_year_col_13,NOT_SUITABLE,Insufficient historical years for a defensible temporal ML task.
ncrb 2022\data\NCRB_Table_8A.7.csv,2022,39,True,False,cases_pending_trial_from_the_previous_year_col_3;cases_sent_for_trial_during_the_year_col_4;total_cases_for_trial_col_3_col_4_col_5;cases_abated_by_court_col_6;cases_withdrawn_from_prosecution_col_7;cases_compounded_or_compromised_col_8;cases_disposed_off_by_plea_bargaining_col_9;cases_quashed_col_10,cases_pending_trial_from_the_previous_year_col_3;cases_sent_for_trial_during_the_year_col_4;total_cases_for_trial_col_3_col_4_col_5;cases_abated_by_court_col_6;cases_withdrawn_from_prosecution_col_7;cases_compounded_or_compromised_col_8;cases_disposed_off_by_plea_bargaining_col_9;cases_quashed_col_10;cases_disposed_off_without_trial_col_6_col_7_col_8_col_9_col_10_col_11;cases_stayed_or_sent_to_record_room_col_12;cases_convicted_out_of_cases_from_previous_year_col_13;cases_convicted_out_of_cases_during_the_year_col_14,NOT_SUITABLE,Insufficient historical years for a defensible temporal ML task.
ncrb 2022\data\NCRB_Table_8A.8.csv,2022,4,False,False,crime_head;persons_arrested_total;persons_chargesheeted_total;persons_convicted_total;persons_discharged_total;persons_acquitted_total,crime_head;persons_arrested_male;persons_arrested_female;persons_arrested_transgender;persons_arrested_total;persons_chargesheeted_male;persons_chargesheeted_female;persons_chargesheeted_transgender;persons_chargesheeted_total;persons_convicted_male;persons_convicted_female;persons_convicted_transgender,NOT_SUITABLE,Insufficient historical years for a defensible temporal ML task.
ncrb 2022\data\NCRB_Table_8A.9.csv,2022,39,True,False,persons_arrested_total;persons_charge_sheeted_total;persons_convicted_total;persons_discharged_total;persons_acquitted_total,persons_arrested_male;persons_arrested_female;persons_arrested_trans;persons_arrested_total;persons_charge_sheeted_male;persons_charge_sheeted_female;persons_charge_sheeted_trans;persons_charge_sheeted_total;persons_convicted_male;persons_convicted_female;persons_convicted_trans;persons_convicted_total,NOT_SUITABLE,Insufficient historical years for a defensible temporal ML task.
ncrb 2022\data\NCRB_Table_8B.1.csv,2011;2020;2021;2022,20,False,False,rate_of_total_economic_offences_2022,city;2020;2021;2022;actual_population_in_lakhs_2011;rate_of_total_economic_offences_2022;chargesheeting_rate_2022,NOT_SUITABLE,"Multi-year columns exist, but there is no compatible state/district panel key."
ncrb 2022\data\NCRB_Table_8B.2.csv,2022,20,False,False,counterfeiting_secs_231_243_255_and_489a_to_489e_ipc;total_economic_offences,city;criminal_breach_of_trust_sec_406_to_409_ipc;counterfeiting_secs_231_243_255_and_489a_to_489e_ipc;forgery_cheating_and_fraud_secs_420_465_468_471_231_243_255_and_489a_to_489e_ipc;total_economic_offences,NOT_SUITABLE,Insufficient historical years for a defensible temporal ML task.
ncrb 2022\data\NCRB_Table_8B.3.csv,2022,20,False,False,total;total_1;total_2;total_economic_offences_less_than_1_lakh;total_economic_offences_1_lakh_to_10_lakhs;total_economic_offences_10_to_50_lakhs;total_economic_offences_50_lakhs_to_1_crore;total_economic_offences_1_to_10_crores,city;criminal_misappropriation_less_than_1_lakh;criminal_misappropriation_1_lakh_to_10_lakhs;criminal_misappropriation_10_to_50_lakhs;criminal_misappropriation_50_lakhs_to_1_crore;criminal_misappropriation_1_to_10_crores;criminal_misappropriation_10_to_25_crores;criminal_misappropriation_25_to_50_crores;criminal_misappropriation_50_to_100_crores;criminal_misappropriation_above_100_crores;total;criminal_breach_of_trust_less_than_1_lakh,NOT_SUITABLE,Insufficient historical years for a defensible temporal ML task.
ncrb 2022\data\NCRB_Table_8B.4.csv,2022,4,True,False,crime_head;cases_pending_investigation_from_previous_year_col_3;cases_reported_during_the_year_col_4;cases_reopened_for_investigation_col_5;total_cases_for_investigation_col_3_col_4_col_5_col_6;cases_not_investigated_under_157_1_b_crpc_col_7;cases_transferred_to_other_state_or_agency_col_8;cases_withdrawn_by_the_govt_during_investigation_col_9,crime_head;cases_pending_investigation_from_previous_year_col_3;cases_reported_during_the_year_col_4;cases_reopened_for_investigation_col_5;total_cases_for_investigation_col_3_col_4_col_5_col_6;cases_not_investigated_under_157_1_b_crpc_col_7;cases_transferred_to_other_state_or_agency_col_8;cases_withdrawn_by_the_govt_during_investigation_col_9;final_report_cases_ended_as_fr_non_cognizable_col_10;final_report_cases_ended_as_final_report_false_col_11;final_report_cases_ended_as_mistake_of_fact_or_of_law_or_civil_dispute_col_12;final_report_cases_true_but_insufficient_evidence_or_untraced_or_no_clue_col_13,NOT_SUITABLE,Insufficient historical years for a defensible temporal ML task.
ncrb 2022\data\NCRB_Table_8B.5.csv,2022,39,True,False,cases_pending_investigation_from_previous_year_col_3;cases_reported_during_the_year_col_4;cases_reopened_for_investigation_col_5;total_cases_for_investigation_col_3_col_4_col_5_col_6;cases_not_investigated_under_157_1_b_crpc_col_7;cases_transferred_to_other_state_or_agency_col_8;cases_withdrawn_by_the_govt_during_investigation_col_9;final_report_cases_ended_as_fr_non_cognizable_col_10,cases_pending_investigation_from_previous_year_col_3;cases_reported_during_the_year_col_4;cases_reopened_for_investigation_col_5;total_cases_for_investigation_col_3_col_4_col_5_col_6;cases_not_investigated_under_157_1_b_crpc_col_7;cases_transferred_to_other_state_or_agency_col_8;cases_withdrawn_by_the_govt_during_investigation_col_9;final_report_cases_ended_as_fr_non_cognizable_col_10;final_report_cases_ended_as_final_report_false_col_11;final_report_cases_ended_as_mistake_of_fact_or_of_law_or_civil_dispute_col_12;final_report_cases_true_but_insufficient_evidence_or_untraced_or_no_clue_col_13;final_report_cases_abated_during_investigation_col_14,NOT_SUITABLE,Insufficient historical years for a defensible temporal ML task.
ncrb 2022\data\NCRB_Table_8B.6.csv,2022,4,False,False,crime_head;cases_pending_trial_from_the_previous_year_col_3;cases_sent_for_trial_during_the_year_col_4;total_cases_for_trial_col_3_col_4_col_5;cases_abated_by_court_col_6;cases_withdrawn_from_prosecution_col_7;cases_compounded_or_compromised_col_8;cases_disposed_off_by_plea_bargaining_col_9,crime_head;cases_pending_trial_from_the_previous_year_col_3;cases_sent_for_trial_during_the_year_col_4;total_cases_for_trial_col_3_col_4_col_5;cases_abated_by_court_col_6;cases_withdrawn_from_prosecution_col_7;cases_compounded_or_compromised_col_8;cases_disposed_off_by_plea_bargaining_col_9;cases_quashed_col_10;cases_disposed_off_without_trial_col_6_col_7_col_8_col_9_col_10_col_11;cases_stayed_or_sent_to_record_room_col_12;cases_convicted_out_of_cases_from_previous_year_col_13,NOT_SUITABLE,Insufficient historical years for a defensible temporal ML task.
ncrb 2022\data\NCRB_Table_8B.7.csv,2022,39,True,False,cases_pending_trial_from_the_previous_year_col_3;cases_sent_for_trial_during_the_year_col_4;total_cases_for_trial_col_3_col_4_col_5;cases_abated_by_court_col_6;cases_withdrawn_from_prosecution_col_7;cases_compounded_or_compromised_col_8;cases_disposed_off_by_plea_bargaining_col_9;cases_quashed_col_10,cases_pending_trial_from_the_previous_year_col_3;cases_sent_for_trial_during_the_year_col_4;total_cases_for_trial_col_3_col_4_col_5;cases_abated_by_court_col_6;cases_withdrawn_from_prosecution_col_7;cases_compounded_or_compromised_col_8;cases_disposed_off_by_plea_bargaining_col_9;cases_quashed_col_10;cases_disposed_off_without_trial_col_6_col_7_col_8_col_9_col_10_col_11;cases_stayed_or_sent_to_record_room_col_12;cases_convicted_out_of_cases_from_previous_year_col_13;cases_convicted_out_of_cases_during_the_year_col_14,NOT_SUITABLE,Insufficient historical years for a defensible temporal ML task.
ncrb 2022\data\NCRB_Table_8B.8.csv,2022,4,False,False,crime_head;persons_arrested_total;persons_chargesheeted_total;persons_convicted_total;persons_discharged_total;persons_acquitted_total,crime_head;persons_arrested_male;persons_arrested_female;persons_arrested_transgender;persons_arrested_total;persons_chargesheeted_male;persons_chargesheeted_female;persons_chargesheeted_transgender;persons_chargesheeted_total;persons_convicted_male;persons_convicted_female;persons_convicted_transgender,NOT_SUITABLE,Insufficient historical years for a defensible temporal ML task.
ncrb 2022\data\NCRB_Table_8B.9.csv,2022,20,False,False,persons_arrested_total;persons_charge_sheeted_total;persons_convicted_total;persons_discharged_total;persons_acquitted_total,city;persons_arrested_male;persons_arrested_female;persons_arrested_trans;persons_arrested_total;persons_charge_sheeted_male;persons_charge_sheeted_female;persons_charge_sheeted_trans;persons_charge_sheeted_total;persons_convicted_male;persons_convicted_female;persons_convicted_trans,NOT_SUITABLE,Insufficient historical years for a defensible temporal ML task.
ncrb 2022\data\NCRB_Table_8C.1.csv,2020;2021;2022,39,True,False,,2020;2021;2022,SECONDARY_CANDIDATE,"State-level multi-year counts exist, but target semantics and available history require further review."
ncrb 2022\data\NCRB_Table_8C.2.csv,2022,39,True,False,trap_cases;total,trap_cases;disproportionate_assets;criminal_misconduct;others;total,NOT_SUITABLE,Insufficient historical years for a defensible temporal ML task.
ncrb 2022\data\NCRB_Table_8C.3.csv,2022,39,True,False,cases_pending_investigation_from_previous_year_col_3;cases_reported_during_the_year_col_4;cases_reopened_for_investigation_col_5;cases_transferred_to_other_state_or_agency_col_6;cases_with_drawn_by_the_govt_col_7;cases_in_which_final_reports_submitted_col_8;cases_charge_sheeted_col_9;cases_pending_investigation_at_end_of_the_year_col_10,cases_pending_investigation_from_previous_year_col_3;cases_reported_during_the_year_col_4;cases_reopened_for_investigation_col_5;cases_transferred_to_other_state_or_agency_col_6;cases_with_drawn_by_the_govt_col_7;cases_in_which_final_reports_submitted_col_8;cases_charge_sheeted_col_9;cases_pending_investigation_at_end_of_the_year_col_10,NOT_SUITABLE,Insufficient historical years for a defensible temporal ML task.
ncrb 2022\data\NCRB_Table_8C.4.csv,2022,39,True,False,cases_pending_trial_from_the_previous_year_col_3;cases_sent_for_trial_during_the_year_col_4;total_cases_for_trial_col_5;cases_abated_by_court_col_6;cases_withdrawn_from_prosecution_col_7;cases_quashed_col_8;cases_disposed_off_without_trial_col_6_col_7_col_8_col_9;cases_stayed_col_10,cases_pending_trial_from_the_previous_year_col_3;cases_sent_for_trial_during_the_year_col_4;total_cases_for_trial_col_5;cases_abated_by_court_col_6;cases_withdrawn_from_prosecution_col_7;cases_quashed_col_8;cases_disposed_off_without_trial_col_6_col_7_col_8_col_9;cases_stayed_col_10;cases_convicted_col_11;cases_discharged_col_12;cases_acquitted_col_13;cases_in_which_trials_were_completed_col_14,NOT_SUITABLE,Insufficient historical years for a defensible temporal ML task.
ncrb 2022\data\NCRB_Table_8C.5.csv,2022,39,True,False,,action_taken_by_courts_persons_arrested;action_taken_by_courts_persons_charge_sheeted;action_taken_by_courts_persons_convicted;action_taken_by_courts_persons_discharged;action_taken_by_courts_persons_acquitted;departmental_action_persons_dismissed_or_removed_from_service;departmental_action_persons_imprisoned_or_awarded_major_punishment;departmental_action_persons_awarded_minor_punishment,NOT_SUITABLE,Insufficient historical years for a defensible temporal ML task.
ncrb 2022\data\NCRB_Table_9A.1.csv,2020;2021;2022,39,True,False,rate_of_total_cyber_crimes_2022,2020;2021;2022;mid_year_projected_population_in_lakhs;rate_of_total_cyber_crimes_2022;chargesheeting_rate_2022,SECONDARY_CANDIDATE,"State-level multi-year counts exist, but target semantics and available history require further review."
ncrb 2022\data\NCRB_Table_9A.10.csv,2022,39,True,False,other_crimes_against_women;total_cyber_crimes_against_women,cyber_blackmailing_threatening_sec_506_503_384_ipc_r_w_it_act;cyber_pornography_hosting_publishing_obscene_sexual_materials_sec_67a_67b_girl_child_of_it_act_r_w_other_ipc_sll;cyber_stalking_cyber_bullying_of_women_sec_354d_ipc_r_w_it_act;defamation_morphing_sec_469_ipc_r_w_ipc_and_indecent_rep_of_women_p_act_it_act;fake_profile_it_act_r_w_ipc_sll;other_crimes_against_women;total_cyber_crimes_against_women,NOT_SUITABLE,Insufficient historical years for a defensible temporal ML task.
ncrb 2022\data\NCRB_Table_9A.11.csv,2022,39,True,False,internet_crimes_through_online_games_etc_sec_305_ipc_r_w_it_act;other_cyber_crimes_against_children;total_cyber_crimes_against_children,cyber_blackmailing_threatening_harassment_sec_506_503_384_ipc_r_w_it_act;fake_profile_it_act_r_w_ipc_sll;cyber_pornography_hosting_or_publishing_obscene_sexual_materials_depicting_children_sec_67b_of_it_act_r_w_other_ipc_sll;cyber_stalking_bullying_sec_354d_ipc_r_w_it_act;internet_crimes_through_online_games_etc_sec_305_ipc_r_w_it_act;other_cyber_crimes_against_children;total_cyber_crimes_against_children,NOT_SUITABLE,Insufficient historical years for a defensible temporal ML task.
ncrb 2022\data\NCRB_Table_9A.2.csv,1957;1999,39,True,False,a_offences_under_i_t_act_computer_related_offences_computer_related_offences_total;a_offences_under_i_t_act_computer_related_offences_a_computer_related_offences_sec_66_total;a_offences_under_i_t_act_publication_transmission_of_obscene_sexually_explicit_act_in_electronic_form_sec_67_publication_transmission_of_obscene_sexually_explicit_act_in_electronic_form_total;total_offences_under_i_t_act;b_ipc_crimes_involving_communication_devices_as_medium_target_or_r_w_it_act_abetment_of_suicide_online_sec_305_306_ipc;b_ipc_crimes_involving_communication_devices_as_medium_target_or_r_w_it_act_cyber_stalking_bullying_of_women_children_sec_354d_ipc;b_ipc_crimes_involving_communication_devices_as_medium_target_or_r_w_it_act_data_theft_sec_379_to_381;b_ipc_crimes_involving_communication_devices_as_medium_target_or_r_w_it_act_fraud_sec_420_r_w_sec_465_468_471_ipc_fraud_sec_420_r_w_sec_465_468_471_ipc_total,a_offences_under_i_t_act_tampering_computer_source_documents_sec_65;a_offences_under_i_t_act_computer_related_offences_computer_related_offences_total;a_offences_under_i_t_act_computer_related_offences_a_computer_related_offences_sec_66_total;a_offences_under_i_t_act_computer_related_offences_computer_related_offences_sec_66_a1_ransom_ware;a_offences_under_i_t_act_computer_related_offences_computer_related_offences_sec_66_a2_offences_other_than_ransom_ware;a_offences_under_i_t_act_computer_related_offences_b_dishonesty_receiving_stolen_computer_resource_or_communication_device_sec_66b;a_offences_under_i_t_act_computer_related_offences_c_identity_theft_sec_66c;a_offences_under_i_t_act_computer_related_offences_d_cheating_by_personation_by_using_computer_resource_sec_66d;a_offences_under_i_t_act_computer_related_offences_e_violation_of_privacy_sec_66e;a_offences_under_i_t_act_cyber_terrorism_sec_66_f;a_offences_under_i_t_act_publication_transmission_of_obscene_sexually_explicit_act_in_electronic_form_sec_67_publication_transmission_of_obscene_sexually_explicit_act_in_electronic_form_total;a_offences_under_i_t_act_publication_transmission_of_obscene_sexually_explicit_act_in_electronic_form_sec_67_a_publishing_or_transmitting_obscene_material_in_electronic_form,SECONDARY_CANDIDATE,"State-level multi-year counts exist, but target semantics and available history require further review."
ncrb 2022\data\NCRB_Table_9A.3.csv,2022,39,True,False,inciting_hate_against_country;total,personal_revenge;emotional_motives_like_anger_etc;fraud;extortion;causing_disrepute;prank;sexual_exploitation;political_motives;terrorist_activities;inciting_hate_against_country;disrupt_public_service;sale_purchase_illegal_drugs,NOT_SUITABLE,Insufficient historical years for a defensible temporal ML task.
ncrb 2022\data\NCRB_Table_9A.4.csv,2022,49,True,False,crime_head;cases_pending_investigation_from_previous_year_col_3;cases_reported_during_the_year_col_4;cases_reopened_for_investigation_col_5;total_cases_for_investigation_col_3_col_4_col_5_col_6;cases_not_investigated_under_157_1_b_crpc_col_7;cases_transferred_to_other_state_or_agency_col_8;cases_withdrawn_by_the_govt_during_investigation_col_9,crime_head;cases_pending_investigation_from_previous_year_col_3;cases_reported_during_the_year_col_4;cases_reopened_for_investigation_col_5;total_cases_for_investigation_col_3_col_4_col_5_col_6;cases_not_investigated_under_157_1_b_crpc_col_7;cases_transferred_to_other_state_or_agency_col_8;cases_withdrawn_by_the_govt_during_investigation_col_9;final_report_cases_ended_as_fr_non_cognizable_col_10;final_report_cases_ended_as_final_report_false_col_11;final_report_cases_ended_as_mistake_of_fact_or_of_law_or_civil_dispute_col_12;final_report_cases_true_but_insufficient_evidence_or_untraced_or_no_clue_col_13,NOT_SUITABLE,Insufficient historical years for a defensible temporal ML task.
ncrb 2022\data\NCRB_Table_9A.5.csv,2022,39,True,False,cases_pending_investigation_from_previous_year_col_3;cases_reported_during_the_year_col_4;cases_reopened_for_investigation_col_5;total_cases_for_investigation_col_3_col_4_col_5_col_6;cases_not_investigated_under_157_1_b_crpc_col_7;cases_transferred_to_other_state_or_agency_col_8;cases_withdrawn_by_the_govt_during_investigation_col_9;final_report_cases_ended_as_fr_non_cognizable_col_10,cases_pending_investigation_from_previous_year_col_3;cases_reported_during_the_year_col_4;cases_reopened_for_investigation_col_5;total_cases_for_investigation_col_3_col_4_col_5_col_6;cases_not_investigated_under_157_1_b_crpc_col_7;cases_transferred_to_other_state_or_agency_col_8;cases_withdrawn_by_the_govt_during_investigation_col_9;final_report_cases_ended_as_fr_non_cognizable_col_10;final_report_cases_ended_as_final_report_false_col_11;final_report_cases_ended_as_mistake_of_fact_or_of_law_or_civil_dispute_col_12;final_report_cases_true_but_insufficient_evidence_or_untraced_or_no_clue_col_13;final_report_cases_abated_during_investigation_col_14,NOT_SUITABLE,Insufficient historical years for a defensible temporal ML task.
ncrb 2022\data\NCRB_Table_9A.6.csv,2022,49,False,False,crime_head;cases_pending_trial_from_the_previous_year_col_3;cases_sent_for_trial_during_the_year_col_4;total_cases_for_trial_col_3_col_4_col_5;cases_abated_by_court_col_6;cases_withdrawn_from_prosecution_col_7;cases_compounded_or_compromised_col_8;cases_disposed_off_by_plea_bargaining_col_9,crime_head;cases_pending_trial_from_the_previous_year_col_3;cases_sent_for_trial_during_the_year_col_4;total_cases_for_trial_col_3_col_4_col_5;cases_abated_by_court_col_6;cases_withdrawn_from_prosecution_col_7;cases_compounded_or_compromised_col_8;cases_disposed_off_by_plea_bargaining_col_9;cases_quashed_col_10;cases_disposed_off_without_trial_col_6_col_7_col_8_col_9_col_10_col_11;cases_stayed_or_sent_to_record_room_col_12;cases_convicted_out_of_cases_from_previous_year_col_13,NOT_SUITABLE,Insufficient historical years for a defensible temporal ML task.
ncrb 2022\data\NCRB_Table_9A.7.csv,2022,39,True,False,cases_pending_trial_from_the_previous_year_col_3;cases_sent_for_trial_during_the_year_col_4;total_cases_for_trial_col_3_col_4_col_5;cases_abated_by_court_col_6;cases_withdrawn_from_prosecution_col_7;cases_compounded_or_compromised_col_8;cases_disposed_off_by_plea_bargaining_col_9;cases_quashed_col_10,cases_pending_trial_from_the_previous_year_col_3;cases_sent_for_trial_during_the_year_col_4;total_cases_for_trial_col_3_col_4_col_5;cases_abated_by_court_col_6;cases_withdrawn_from_prosecution_col_7;cases_compounded_or_compromised_col_8;cases_disposed_off_by_plea_bargaining_col_9;cases_quashed_col_10;cases_disposed_off_without_trial_col_6_col_7_col_8_col_9_col_10_col_11;cases_stayed_or_sent_to_record_room_col_12;cases_convicted_out_of_cases_from_previous_year_col_13;cases_convicted_out_of_cases_during_the_year_col_14,NOT_SUITABLE,Insufficient historical years for a defensible temporal ML task.
ncrb 2022\data\NCRB_Table_9A.8.csv,2022,49,False,False,crime_head;persons_arrested_total;persons_chargesheeted_total;persons_convicted_total;persons_discharged_total;persons_acquitted_total,crime_head;persons_arrested_male;persons_arrested_female;persons_arrested_transgender;persons_arrested_total;persons_chargesheeted_male;persons_chargesheeted_female;persons_chargesheeted_transgender;persons_chargesheeted_total;persons_convicted_male;persons_convicted_female;persons_convicted_transgender,NOT_SUITABLE,Insufficient historical years for a defensible temporal ML task.
ncrb 2022\data\NCRB_Table_9A.9.csv,2022,39,True,False,persons_arrested_total;persons_charge_sheeted_total;persons_convicted_total;persons_discharged_total;persons_acquitted_total,persons_arrested_male;persons_arrested_female;persons_arrested_trans;persons_arrested_total;persons_charge_sheeted_male;persons_charge_sheeted_female;persons_charge_sheeted_trans;persons_charge_sheeted_total;persons_convicted_male;persons_convicted_female;persons_convicted_trans;persons_convicted_total,NOT_SUITABLE,Insufficient historical years for a defensible temporal ML task.
ncrb 2022\data\NCRB_Table_9B.1.csv,2011;2020;2021;2022,20,False,False,rate_of_total_cyber_crimes_2022,city;2020;2021;2022;actual_population_in_lakhs_2011;rate_of_total_cyber_crimes_2022;chargesheeting_rate_2022,NOT_SUITABLE,"Multi-year columns exist, but there is no compatible state/district panel key."
ncrb 2022\data\NCRB_Table_9B.2.csv,1957;1999,20,False,False,a_offences_under_i_t_act_computer_related_offences_computer_related_offences_total;a_offences_under_i_t_act_computer_related_offences_a_computer_related_offences_sec_66_total;a_offences_under_i_t_act_publication_transmission_of_obscene_sexually_explicit_act_in_electronic_form_sec_67_publication_transmission_of_obscene_sexually_explicit_act_in_electronic_form_total;total_offences_under_i_t_act;b_ipc_crimes_involving_communication_devices_as_medium_target_or_r_w_it_act_abetment_of_suicide_online_sec_305_306_ipc;b_ipc_crimes_involving_communication_devices_as_medium_target_or_r_w_it_act_cyber_stalking_bullying_of_women_children_sec_354d_ipc;b_ipc_crimes_involving_communication_devices_as_medium_target_or_r_w_it_act_data_theft_sec_379_to_381;b_ipc_crimes_involving_communication_devices_as_medium_target_or_r_w_it_act_fraud_sec_420_r_w_sec_465_468_471_ipc_fraud_sec_420_r_w_sec_465_468_471_ipc_total,city;a_offences_under_i_t_act_tampering_computer_source_documents_sec_65;a_offences_under_i_t_act_computer_related_offences_computer_related_offences_total;a_offences_under_i_t_act_computer_related_offences_a_computer_related_offences_sec_66_total;a_offences_under_i_t_act_computer_related_offences_computer_related_offences_sec_66_a1_ransom_ware;a_offences_under_i_t_act_computer_related_offences_computer_related_offences_sec_66_a2_offences_other_than_ransom_ware;a_offences_under_i_t_act_computer_related_offences_b_dishonesty_receiving_stolen_computer_resource_or_communication_device_sec_66b;a_offences_under_i_t_act_computer_related_offences_c_identity_theft_sec_66c;a_offences_under_i_t_act_computer_related_offences_d_cheating_by_personation_by_using_computer_resource_sec_66d;a_offences_under_i_t_act_computer_related_offences_e_violation_of_privacy_sec_66e;a_offences_under_i_t_act_cyber_terrorism_sec_66_f;a_offences_under_i_t_act_publication_transmission_of_obscene_sexually_explicit_act_in_electronic_form_sec_67_publication_transmission_of_obscene_sexually_explicit_act_in_electronic_form_total,NOT_SUITABLE,"Multi-year columns exist, but there is no compatible state/district panel key."
ncrb 2022\data\NCRB_Table_9B.3.csv,2022,20,False,False,inciting_hate_against_country;total,city;personal_revenge;emotional_motives_like_anger_etc;fraud;extortion;causing_disrepute;prank;sexual_exploitation;political_motives;terrorist_activities;inciting_hate_against_country;disrupt_public_service,NOT_SUITABLE,Insufficient historical years for a defensible temporal ML task.
ncrb 2022\data\NCRB_Table_9B.4.csv,2022,49,True,False,crime_head;cases_pending_investigation_from_previous_year_col_3;cases_reported_during_the_year_col_4;cases_reopened_for_investigation_col_5;total_cases_for_investigation_col_3_col_4_col_5_col_6;cases_not_investigated_under_157_1_b_crpc_col_7;cases_transferred_to_other_state_or_agency_col_8;cases_withdrawn_by_the_govt_during_investigation_col_9,crime_head;cases_pending_investigation_from_previous_year_col_3;cases_reported_during_the_year_col_4;cases_reopened_for_investigation_col_5;total_cases_for_investigation_col_3_col_4_col_5_col_6;cases_not_investigated_under_157_1_b_crpc_col_7;cases_transferred_to_other_state_or_agency_col_8;cases_withdrawn_by_the_govt_during_investigation_col_9;final_report_cases_ended_as_fr_non_cognizable_col_10;final_report_cases_ended_as_final_report_false_col_11;final_report_cases_ended_as_mistake_of_fact_or_of_law_or_civil_dispute_col_12;final_report_cases_true_but_insufficient_evidence_or_untraced_or_no_clue_col_13,NOT_SUITABLE,Insufficient historical years for a defensible temporal ML task.
ncrb 2022\data\NCRB_Table_9B.5.csv,2022,20,True,False,cases_pending_investigation_from_previous_year_col_3;cases_reported_during_the_year_col_4;cases_reopened_for_investigation_col_5;total_cases_for_investigation_col_3_col_4_col_5_col_6;cases_not_investigated_under_157_1_b_crpc_col_7;cases_transferred_to_other_state_or_agency_col_8;cases_withdrawn_by_the_govt_during_investigation_col_9;final_report_cases_ended_as_fr_non_cognizable_col_10,city;cases_pending_investigation_from_previous_year_col_3;cases_reported_during_the_year_col_4;cases_reopened_for_investigation_col_5;total_cases_for_investigation_col_3_col_4_col_5_col_6;cases_not_investigated_under_157_1_b_crpc_col_7;cases_transferred_to_other_state_or_agency_col_8;cases_withdrawn_by_the_govt_during_investigation_col_9;final_report_cases_ended_as_fr_non_cognizable_col_10;final_report_cases_ended_as_final_report_false_col_11;final_report_cases_ended_as_mistake_of_fact_or_of_law_or_civil_dispute_col_12;final_report_cases_true_but_insufficient_evidence_or_untraced_or_no_clue_col_13,NOT_SUITABLE,Insufficient historical years for a defensible temporal ML task.
ncrb 2022\data\NCRB_Table_9B.6.csv,2022,49,False,False,crime_head;cases_pending_trial_from_the_previous_year_col_3;cases_sent_for_trial_during_the_year_col_4;total_cases_for_trial_col_3_col_4_col_5;cases_abated_by_court_col_6;cases_withdrawn_from_prosecution_col_7;cases_compounded_or_compromised_col_8;cases_disposed_off_by_plea_bargaining_col_9,crime_head;cases_pending_trial_from_the_previous_year_col_3;cases_sent_for_trial_during_the_year_col_4;total_cases_for_trial_col_3_col_4_col_5;cases_abated_by_court_col_6;cases_withdrawn_from_prosecution_col_7;cases_compounded_or_compromised_col_8;cases_disposed_off_by_plea_bargaining_col_9;cases_quashed_col_10;cases_disposed_off_without_trial_col_6_col_7_col_8_col_9_col_10_col_11;cases_stayed_or_sent_to_record_room_col_12;cases_convicted_out_of_cases_from_previous_year_col_13,NOT_SUITABLE,Insufficient historical years for a defensible temporal ML task.
ncrb 2022\data\NCRB_Table_9B.7.csv,2022,20,False,False,cases_pending_trial_from_the_previous_year_col_3;cases_sent_for_trial_during_the_year_col_4;total_cases_for_trial_col_3_col_4_col_5;cases_abated_by_court_col_6;cases_withdrawn_from_prosecution_col_7;cases_compounded_or_compromised_col_8;cases_disposed_off_by_plea_bargaining_col_9;cases_quashed_col_10,city;cases_pending_trial_from_the_previous_year_col_3;cases_sent_for_trial_during_the_year_col_4;total_cases_for_trial_col_3_col_4_col_5;cases_abated_by_court_col_6;cases_withdrawn_from_prosecution_col_7;cases_compounded_or_compromised_col_8;cases_disposed_off_by_plea_bargaining_col_9;cases_quashed_col_10;cases_disposed_off_without_trial_col_6_col_7_col_8_col_9_col_10_col_11;cases_stayed_or_sent_to_record_room_col_12;cases_convicted_out_of_cases_from_previous_year_col_13,NOT_SUITABLE,Insufficient historical years for a defensible temporal ML task.
ncrb 2022\data\NCRB_Table_9B.8.csv,2022,49,False,False,crime_head;persons_arrested_total;persons_chargesheeted_total;persons_convicted_total;persons_discharged_total;persons_acquitted_total,crime_head;persons_arrested_male;persons_arrested_female;persons_arrested_transgender;persons_arrested_total;persons_chargesheeted_male;persons_chargesheeted_female;persons_chargesheeted_transgender;persons_chargesheeted_total;persons_convicted_male;persons_convicted_female;persons_convicted_transgender,NOT_SUITABLE,Insufficient historical years for a defensible temporal ML task.
ncrb 2022\data\NCRB_Table_9B.9.csv,2022,20,False,False,persons_arrested_total;persons_charge_sheeted_total;persons_convicted_total;persons_discharged_total;persons_acquitted_total,city;persons_arrested_male;persons_arrested_female;persons_arrested_trans;persons_arrested_total;persons_charge_sheeted_male;persons_charge_sheeted_female;persons_charge_sheeted_trans;persons_charge_sheeted_total;persons_convicted_male;persons_convicted_female;persons_convicted_trans,NOT_SUITABLE,Insufficient historical years for a defensible temporal ML task.
