Sl. No,State/UT,District,"Crime Against Women - Related Acts - The Dowry Prohibition Act, 1961 - Col. ( 3)","Crime Against Women - Related Acts - The Immoral Traffic Prevention Act, 1956 - Col. ( 4)","Crime Against Women - Related Acts - The Protection of Women from Domestic Violence Act, 2005 - Col. ( 5)","Crime Against Women - Related Acts - The Indecent Representation of Women Prohibition Act, 2012 - Col. ( 6)",Crime Against Women - Related Acts - Crime Against Women – Related Acts (Total) (Col.3 to Col.6) - Col. ( 7),"Children Related - Acts - The Protection of Children from Sexual Offences Act, 2012 - Col. ( 8)","Children Related - Acts - The Juvenile Justice Care and Protection of Children Act, 2000 & 2015 - Col. ( 9)","Children Related - Acts - The Prohibition of Child Marriage Act, 2006 - Col. ( 10)","Children Related - Acts - The Pre-Natal Diagnostic Techniques Reg and Prev of Misuse Act, 1994 - Col. ( 11)","Children Related - Acts - The Child Labour Prohibition & Regulation Act, 1986 - Col. ( 12)","Children Related - Acts - The Medical Termination of Pregnancy Act, 1971 - Col. ( 13)",Children Related - Acts - Children Related – Acts (Total) (Col.8 to Col.13) - Col. ( 14),"Schedule Castes and Scheduled Tribes - Related Acts - The SC/ST Prevention of Atrocities Act, 1989 for Crimes against SCs - Col. ( 15)","Schedule Castes and Scheduled Tribes - Related Acts - The SC/ST Prevention of Atrocities Act, 1989/2015 for Crimes against STs - Col. ( 16)","Schedule Castes and Scheduled Tribes - Related Acts - The Protection of Civil Rights Act, 1955 for Crimes against SCs - Col. ( 17)","Schedule Castes and Scheduled Tribes - Related Acts - The Protection of Civil Rights Act, 1955 for Crimes against STs - Col. ( 18)",Schedule Castes and Scheduled Tribes - Related Acts - Scheduled Castes and Scheduled Tribes – Related Acts (Total) (Col.15 to Col.18) - Col. ( 19),"Offences against State - Related Acts - The Prevention of Damage to Public Property Act, 1984 - Col. ( 20)","Offences against State - Related Acts - The Unlawful Activities P Act, 1967 - Col. ( 21)","Offences against State - Related Acts - The Official Secrets Act, 1923 - Col. ( 22)",Offences against State - Related Acts - Offences against State - Related Acts (Total) (Col.20 to Col.22) - Col. ( 23),"Arms/Explosive - Related Acts - The Arms Act, 1959 -The Arms Act, 1959 (Total) - Col. ( 24)","Arms/Explosive - Related Acts - The Arms Act, 1959 - Fire Arms (Col.26+Col.27) - Col. ( 25)","Arms/Explosive - Related Acts - The Arms Act, 1959 - a) Legal/ Licensed Arms - Col. ( 26)","Arms/Explosive - Related Acts - The Arms Act, 1959 -b) Illegal/ Unlicensed Arms - Col. ( 27)","Arms/Explosive - Related Acts - The Arms Act, 1959 - Other Arms - Col. ( 28)","Arms/Explosive - Related Acts - The Explosives Act, 1984 - Col. ( 29)","Arms/Explosive - Related Acts - The Explosive Substances Act, 1884 & 1908 - Col. ( 30)",Arms/Explosive - Related Acts - Arms /Explosive - Related Acts (Total) (Col.24+29+30) - Col. ( 31),"Information Technology/Intellectual Property - Related Acts - The Information Technology Act, 2000 - Col. ( 32)","Information Technology/Intellectual Property - Related Acts - The Copy Right Act, 1957 - Col. ( 33)","Information Technology/Intellectual Property - Related Acts - The Trade Marks Act, 1999 - Col. ( 34)",Information Technology/Intellectual Property - Related Acts - Information Technology/ Intellectual Property - Related Acts (Total) (Col.32 to Col.34) - Col. ( 35),"Finance & Economic Acts - The Lotteries Regulation Act, 1998 - Col. ( 36)","Finance & Economic Acts - The Chit Funds Acts, 1982 - Col. ( 37)","Finance & Economic Acts - The Negotiable Instruments Act, 1881 - Col. ( 38)","Finance & Economic Acts - The Benami Transaction Prohibition Act, 1988 & 2016 - Col. ( 39)","Finance & Economic Acts - The Mines and Minerals Development and Regulation Act, 1957 - Col. ( 40)","Finance & Economic Acts - Prevention of Corruption Act, 1988 - Col. ( 41)",Finance & Economic Acts - Finance & Economic Acts (Total) (Col.36 to Col.41) - Col. ( 42),Liquor & Narcotic Drugs - Related Acts - Prohibition Act (State) - Col. ( 43),"Liquor & Narcotic Drugs - Related Acts - The Excise Act, 1944 - Col. ( 44)","Liquor & Narcotic Drugs - Related Acts - The Narcotic Drugs & Psychotropic Substances Act, 1985-The NDPS Act, 1985 (Total) (Col.109=Col.111+Col.113) - Col. ( 45)","Liquor & Narcotic Drugs - Related Acts - The Narcotic Drugs & Psychotropic Substances Act, 1985-a) Possession of drugs for Personal use/Consumption - Col. ( 46)","Liquor & Narcotic Drugs - Related Acts - The Narcotic Drugs & Psychotropic Substances Act, 1985-b) Possession of drugs for Trafficking - Col. ( 47)",Liquor & Narcotic Drugs - Related Acts - Liquor & Narcotic Drugs – Related Acts (Total) (Col.43 to 45) - Col. ( 48),"Environment & Pollution - Related Acts - The Forest Act, 1927 & The Forest Conservation Act, 1980 - Col. ( 49)","Environment & Pollution - Related Acts - The Wildlife Protection Act, 1972 - Col. ( 50)","Environment & Pollution - Related Acts - The Environmental Protection Act, 1986 - Col. ( 51)",Environment & Pollution - Related Acts - The Air & The Water Prevention & Control of Pollution Act - Col. ( 52),"Environment & Pollution - Related Acts - The Cigarette and Other Tobacco Products Act, 2003 - Col. ( 53)",Environment & Pollution - Related Acts - Noise Pollution Acts - Col. ( 54),"Environment & Pollution - Related Acts - The National Green Tribunal Act, 2010 - Col. ( 55)",Environment & Pollution - Related Acts - Environment & Pollution - Related Acts (Total) (Col.49 to Col.55) - Col. ( 56),"Foreigner & Passport - Related Acts - The Registration of Foreigners Act,1939 & The Foreigners Act, 1946 - Col. ( 57)","Foreigner & Passport - Related Acts - The Passport Act, 1967 - Col. ( 58)","Foreigner & Passport - Related Acts - The Emigration Act, 1983 - Col. ( 59)","Foreigner & Passport - Related Acts - The Citizenship Act, 1955 - Col. ( 60)",Foreigner & Passport - Related Acts - Foreigner & Passport – Related Acts (Total) (Col.57 to Col.60) - Col. ( 61),"Railways - Related Acts - The Indian Railways Act, 1989 - Col. ( 62)","Railways - Related Acts - The Railway Property Unlawful Possession Act, 1966 - Col. ( 63)",Railways - Related Acts - Railways – Related Acts (Total) (Col.62+Col.63) - Col. ( 64),"Telegraph / Cinematograph Acts - The Indian Telegraph Act, 1988 - Col. ( 65)","Telegraph / Cinematograph Acts - The Telegraph Wire Unlawful Possession Act, 1950 - Col. ( 66)","Telegraph / Cinematograph Acts - The Cinema-tograph Act, 1952 - Col. ( 67)","Telegraph / Cinematograph Acts - The Cable Television Networks Regulation Act, 1955 - Col. ( 68)",Telegraph / Cinematograph Acts - Telegraph/ Cinematograph Acts (Total) (Col.65 to Col.68) - Col. ( 69),"Food, Drugs and Essential Commodities Acts - The Essential Commodities Act, 1955 - Col. ( 70)","Food, Drugs and Essential Commodities Acts - The Prevention of Food Adulteration Act, 1954 - Col. ( 71)","Food, Drugs and Essential Commodities Acts - The Food Safety & Standards Act, 2006 - Col. ( 72)","Food, Drugs and Essential Commodities Acts - Food, Drugs and Essential Commodities Acts (Total) (Col.70 to Col.72) - Col. ( 73)",Other Regulatory & Enforcement - Acts - MACOCA/ Control of Organised Crimes - Col. ( 74),Other Regulatory & Enforcement - Acts - The Gambling Act - Col. ( 75),"Other Regulatory & Enforcement - Acts - The Electricity Act, 2003 - Col. ( 76)","Other Regulatory & Enforcement - Acts - The Antiques and Art Treasures Act, 1972 - Col. ( 77)","Other Regulatory & Enforcement - Acts - The Representation of the People Act, 1951 - Col. ( 78)","Other Regulatory & Enforcement - Acts - The Bonded Labour System Abolition Act-The Bonded Labour System Abolition Act, 1976 (Total) (Col.80 + Col. 81 + Col. 82) - Col. ( 79)",Other Regulatory & Enforcement - Acts - The Bonded Labour System Abolition Act-a) For Crimes against SCs - Col. ( 80),Other Regulatory & Enforcement - Acts - The Bonded Labour System Abolition Act-b) For Crimes against STs - Col. ( 81),Other Regulatory & Enforcement - Acts - The Bonded Labour System Abolition Act-c) Against others - Col. ( 82),"Other Regulatory & Enforcement - Acts - The Prevention of Insults to National Honour Act, 1971 - Col. ( 83)",Other Regulatory & Enforcement - Acts - Deface-ment of Public Property Acts - Col. ( 84),"Other Regulatory & Enforcement - Acts - The Transplantation of Human Organs Act, 1994 - Col. ( 85)",Other Regulatory & Enforcement - Acts - Transgender Persons (Protection of Rights) Act - Col. ( 86),"Other Regulatory & Enforcement - Acts - The Mental Health Act, 1987 - Col. ( 87)",Other Regulatory & Enforcement - Acts - Motor Vehicle Act - Col. ( 88),Other Regulatory & Enforcement - Acts - City/ Town Police Acts - Col. ( 89),Other Regulatory & Enforcement - Acts - Other State Local Acts - Col. ( 90),"Other Regulatory & Enforcement - Acts - Other Regulatory & Enforcement - Acts (Total) (Col.74 to 79, Col.83 to 89) - Col. ( 91)",Other SLL Crimes - Col. ( 92),Total Cognizable SLL Crimes - Col. ( 93)
1,Andhra Pradesh,Alluri Sitharama Raju,0,1,0,0,1,13,0,0,0,0,0,13,0,2,0,0,2,0,13,0,13,0,0,0,0,0,0,1,1,1,0,0,1,0,0,0,0,1,0,1,514,17,238,14,224,769,0,0,0,0,11,0,0,11,0,0,0,0,0,0,0,0,0,0,0,0,0,8,0,0,8,0,156,0,0,0,0,0,0,0,0,0,0,0,0,0,0,0,156,11,987
2,Andhra Pradesh,Anakapalli,0,1,0,0,1,58,0,0,0,0,0,58,4,2,0,0,6,0,0,0,0,3,3,0,3,0,0,0,3,13,0,0,13,0,0,0,0,0,0,0,696,586,271,134,137,1553,0,0,0,0,0,0,0,0,0,0,0,0,0,0,0,0,0,0,0,0,0,14,0,0,14,0,659,0,0,0,0,0,0,0,0,0,0,0,4,0,0,0,663,22,2333
3,Andhra Pradesh,Anantapuramu,0,1,0,0,1,65,0,2,0,0,0,67,5,0,0,0,5,1,0,0,1,0,0,0,0,0,7,0,7,8,0,0,8,0,0,0,0,0,0,0,248,518,6,0,6,772,0,0,0,0,23,0,0,23,0,0,0,0,0,0,0,0,0,0,0,0,0,39,0,0,39,0,419,0,0,0,0,0,0,0,0,0,0,0,7,0,0,0,426,1,1350
4,Andhra Pradesh,Annamayya,13,0,0,0,13,37,0,0,0,0,0,37,9,2,0,0,11,4,0,0,4,2,1,0,1,1,10,0,12,5,0,0,5,8,0,0,0,50,0,58,554,208,13,11,2,775,10,0,0,0,85,0,0,95,0,1,0,0,1,0,0,0,0,0,0,0,0,34,0,0,34,0,549,10,0,0,12,10,2,0,0,0,0,0,0,6,0,0,577,579,2201
5,Andhra Pradesh,Bapatla,1,3,0,0,4,56,0,0,0,0,0,56,5,2,0,0,7,1,0,0,1,0,0,0,0,0,0,0,0,3,0,0,3,6,0,0,0,101,0,107,102,68,13,10,3,183,0,0,0,0,28,0,0,28,0,0,0,0,0,0,0,0,0,0,0,0,0,31,0,4,35,0,9,0,0,0,11,7,4,0,1,0,0,0,2,0,0,0,23,23,470
6,Andhra Pradesh,Chittoor,0,3,0,0,3,49,0,0,0,0,0,49,2,0,0,0,2,0,0,0,0,10,8,0,8,2,13,1,24,7,1,0,8,36,0,0,0,140,0,176,793,450,26,16,10,1269,0,0,0,0,293,0,0,293,0,0,0,0,0,0,0,0,0,0,0,0,0,58,0,0,58,0,267,0,0,0,0,0,0,0,0,0,0,0,0,0,0,0,267,10,2159
7,Andhra Pradesh,Dr BR Ambedkar Konaseema,0,2,0,0,2,85,0,0,0,0,0,85,8,0,0,0,8,0,0,0,0,3,1,0,1,2,1,1,5,2,0,0,2,0,0,0,0,0,0,0,191,217,17,10,7,425,0,0,0,0,16,0,0,16,0,0,0,0,0,0,0,0,0,0,0,0,0,11,0,0,11,0,689,0,0,0,0,0,0,0,1,0,0,0,0,0,0,0,690,9,1253
8,Andhra Pradesh,East Godavari,0,0,0,0,0,118,0,1,0,0,0,119,3,0,0,0,3,0,0,0,0,4,0,0,0,4,1,0,5,17,0,0,17,0,0,0,0,0,0,0,409,41,79,26,53,529,0,0,0,0,0,0,0,0,0,0,0,0,0,0,0,0,0,0,0,0,0,3,0,0,3,0,792,0,0,0,0,0,0,0,0,0,0,0,2,0,0,1,795,15,1486
9,Andhra Pradesh,Eluru,0,1,0,0,1,162,0,2,0,0,0,164,6,1,0,0,7,0,0,0,0,3,3,0,3,0,0,0,3,12,0,0,12,0,0,0,0,0,0,0,742,197,26,0,26,965,0,0,0,0,0,0,0,0,0,0,0,0,0,0,0,0,0,0,1,0,1,18,0,0,18,0,1878,0,0,0,0,0,0,0,0,0,0,0,0,9,0,0,1887,20,3078
10,Andhra Pradesh,Guntakal Railway,0,0,0,0,0,1,0,0,0,0,0,1,0,0,0,0,0,0,0,0,0,0,0,0,0,0,0,0,0,0,0,0,0,0,0,0,0,0,0,0,0,10,10,0,10,20,0,0,0,0,0,0,0,0,0,0,0,0,0,2,0,2,0,0,0,0,0,0,0,0,0,0,0,0,0,0,0,0,0,0,0,0,0,0,0,0,0,0,0,0,23
11,Andhra Pradesh,Guntur,0,27,0,0,27,139,2,1,0,0,0,142,0,0,0,0,0,0,0,0,0,0,0,0,0,0,0,0,0,24,1,0,25,51,0,0,0,0,0,51,16,162,69,39,30,247,0,0,0,0,10,0,0,10,0,0,0,0,0,0,0,0,0,0,0,0,0,2,0,0,2,0,364,0,0,0,0,0,0,0,0,0,0,0,1,0,0,0,365,17,886
12,Andhra Pradesh,Kakinada,0,0,0,0,0,48,0,1,0,0,0,49,8,0,0,0,8,1,0,0,1,1,0,0,0,1,0,0,1,10,0,0,10,0,0,0,0,0,0,0,401,75,36,5,31,512,0,0,0,0,0,0,0,0,0,0,0,0,0,0,0,0,0,0,0,0,0,8,0,0,8,0,841,0,0,0,0,0,0,0,0,0,0,0,0,0,0,0,841,357,1787
13,Andhra Pradesh,Krishna,0,2,0,0,2,106,3,2,0,0,0,111,1,0,0,0,1,0,0,0,0,0,0,0,0,0,0,0,0,14,1,0,15,13,0,0,0,0,0,13,279,57,32,32,0,368,0,0,0,0,9,0,0,9,0,0,0,0,0,0,0,0,0,0,0,0,0,0,0,0,0,0,881,0,0,0,0,0,0,0,0,0,0,0,0,0,0,0,881,25,1425
14,Andhra Pradesh,Kurnool,0,3,0,0,3,23,4,2,0,0,0,29,4,0,0,0,4,0,0,0,0,0,0,0,0,0,3,0,3,17,0,0,17,0,0,0,0,0,0,0,342,553,15,15,0,910,2,0,0,0,39,0,0,41,0,0,0,0,0,0,0,0,0,0,0,1,1,10,0,0,10,0,207,0,0,0,0,0,0,0,0,0,0,0,3,0,0,0,210,2,1230
15,Andhra Pradesh,Nandyal,282,1,0,0,283,63,0,1,0,0,0,64,3,0,0,0,3,2,0,0,2,2,2,0,2,0,2,0,4,41,0,0,41,0,0,0,0,0,0,0,839,152,6,6,0,997,0,0,0,0,44,0,0,44,0,0,0,0,0,0,0,0,0,0,0,0,0,11,0,0,11,0,235,0,0,0,0,0,0,0,0,0,0,0,4,0,0,0,239,13,1701
16,Andhra Pradesh,NTR,0,32,0,0,32,413,6,4,0,0,0,423,2,1,0,0,3,2,0,0,2,1,0,0,0,1,11,0,12,12,3,0,15,0,0,0,0,31,0,31,43,241,89,50,39,373,0,0,0,0,174,0,0,174,1,0,0,0,1,0,0,0,0,0,0,0,0,14,0,0,14,0,543,0,0,0,3,0,0,3,0,0,0,0,1,0,1,0,548,103,1731
17,Andhra Pradesh,Palnadu,1,2,0,0,3,54,0,0,0,0,0,54,1,0,0,0,1,1,0,0,1,0,0,0,0,0,0,0,0,1,0,0,1,5,0,0,0,0,0,5,143,188,11,11,0,342,0,0,0,0,33,0,0,33,0,0,0,0,0,0,0,0,0,0,0,0,0,8,0,0,8,0,309,0,0,1,0,0,0,0,0,0,0,0,0,0,0,0,310,3,761
18,Andhra Pradesh,Parvathipuram Manyam,0,0,0,0,0,22,0,1,0,0,0,23,2,1,0,0,3,0,0,0,0,3,2,1,1,1,0,0,3,2,0,0,2,0,0,0,0,0,0,0,679,97,9,2,7,785,0,0,0,0,34,0,0,34,0,0,0,0,0,0,0,0,0,0,0,0,0,1,0,0,1,0,76,0,0,0,0,0,0,0,0,0,0,0,1,0,0,6,83,34,968
19,Andhra Pradesh,Prakasam,0,3,0,0,3,69,0,2,0,0,0,71,4,0,0,0,4,0,0,0,0,1,0,0,0,1,2,0,3,10,0,0,10,12,0,0,0,0,0,12,84,157,10,0,10,251,0,0,0,0,117,0,0,117,0,0,0,0,0,0,0,0,0,0,0,0,0,0,0,0,0,0,11,0,0,0,0,0,0,0,0,0,0,0,8,0,0,0,19,1,491
20,Andhra Pradesh,Sri Potti Sriramulu Nellore,0,0,0,0,0,83,0,0,0,2,0,85,3,0,0,0,3,0,0,0,0,0,0,0,0,0,0,0,0,10,0,0,10,0,0,0,0,1,0,1,11,28,6,0,6,45,0,0,0,0,0,0,0,0,0,0,0,0,0,0,0,0,0,0,0,0,0,0,0,0,0,0,12,0,0,0,0,0,0,0,0,0,0,0,3,0,0,0,15,10,169
21,Andhra Pradesh,Sri Sathya Sai,0,0,0,0,0,41,0,4,0,0,0,45,1,0,0,0,1,0,0,0,0,1,1,0,1,0,1,0,2,5,0,0,5,0,0,0,0,0,0,0,184,567,0,0,0,751,0,0,0,0,10,0,0,10,0,0,0,0,0,0,0,0,0,0,0,0,0,33,0,0,33,0,288,0,0,0,0,0,0,0,0,0,0,0,1,0,0,0,289,10,1146
22,Andhra Pradesh,Srikakulam,0,0,0,0,0,35,2,1,0,13,0,51,3,0,0,0,3,0,0,0,0,2,2,0,2,0,0,0,2,27,0,0,27,0,0,0,0,0,0,0,126,70,10,3,7,206,0,0,0,0,2,0,0,2,0,0,0,0,0,0,0,0,0,0,0,0,0,1,0,0,1,0,209,0,0,0,0,0,0,0,0,0,0,0,0,0,0,0,209,20,521
23,Andhra Pradesh,Tirupati,1,1,0,0,2,50,3,2,0,0,0,55,6,0,0,0,6,1,0,0,1,5,1,0,1,4,2,0,7,20,0,0,20,3,0,0,0,54,0,57,66,87,35,0,35,188,1,0,0,0,0,0,0,1,0,0,0,0,0,0,0,0,0,0,0,0,0,66,0,0,66,0,143,0,0,0,0,0,0,0,0,0,0,0,0,0,0,0,143,0,546
24,Andhra Pradesh,Viiayawada Railway,0,0,0,0,0,0,0,0,0,0,0,0,0,0,0,0,0,0,0,0,0,0,0,0,0,0,0,0,0,1,0,0,1,0,0,0,0,0,0,0,0,5,36,0,36,41,0,0,0,0,0,0,0,0,0,0,0,0,0,0,0,0,0,0,0,0,0,0,0,0,0,0,0,0,0,0,0,0,0,0,0,0,0,0,0,0,0,0,0,0,42
25,Andhra Pradesh,Visakhapatnam,0,7,0,0,7,116,0,0,0,0,0,116,11,0,0,0,11,0,0,1,1,2,0,0,0,2,5,2,9,38,1,0,39,0,0,0,0,1,0,1,0,1,255,93,162,256,0,0,0,0,0,0,0,0,0,0,0,0,0,0,0,0,0,0,2,0,2,2,0,0,2,0,94,0,0,0,0,0,0,0,0,0,0,0,0,0,0,1,95,44,583
26,Andhra Pradesh,Vizianagaram,0,1,0,0,1,45,0,0,0,0,0,45,29,6,0,0,35,0,0,0,0,2,2,0,2,0,0,0,2,79,0,0,79,0,0,0,0,0,0,0,106,276,49,22,27,431,0,0,0,0,5,0,0,5,0,0,0,0,0,0,0,0,0,0,0,0,0,5,0,0,5,0,145,0,0,0,0,0,0,0,0,0,0,0,0,0,0,0,145,50,798
27,Andhra Pradesh,West Godavari,0,2,0,0,2,109,0,0,0,0,0,109,1,0,0,0,1,0,0,0,0,0,0,0,0,0,0,0,0,14,1,0,15,0,1,0,0,0,0,1,70,70,15,15,0,155,0,0,0,0,0,0,0,0,0,0,0,0,0,0,0,0,0,0,2,0,2,2,0,0,2,0,1147,0,0,0,0,0,0,0,0,0,0,0,1,0,0,0,1148,129,1564
28,Andhra Pradesh,YSR,0,2,0,1,3,76,0,0,0,0,0,76,4,0,0,0,4,93,0,0,93,2,0,0,0,2,3,0,5,25,2,10,37,0,0,0,0,2,0,2,1427,382,9,7,2,1818,16,0,0,0,332,0,0,348,0,0,0,0,0,0,0,0,0,0,0,0,0,96,0,0,96,0,1228,0,0,0,0,0,0,0,0,0,0,0,5,241,0,64,1538,1028,5048
Total Districts,Total Districts,Total Districts,298,95,0,1,394,2136,20,26,0,15,0,2197,125,17,0,0,142,106,13,1,120,47,26,1,25,21,61,5,113,418,10,10,438,134,1,0,0,381,0,516,9065,5480,1391,521,870,15936,29,0,0,0,1265,0,0,1294,1,1,0,0,2,2,0,2,0,0,5,1,6,475,0,4,479,0,12151,10,0,1,26,17,6,3,2,0,0,0,43,256,1,72,12562,2536,36737
1,Arunachal Pradesh,Anjaw,0,0,0,0,0,2,0,0,0,0,0,2,0,0,0,0,0,0,0,1,1,0,0,0,0,0,0,0,0,0,0,0,0,0,0,0,0,0,0,0,0,0,1,1,0,1,0,1,0,0,0,0,0,1,0,0,0,0,0,0,0,0,0,0,0,0,0,0,0,0,0,0,0,0,0,0,0,0,0,0,0,0,0,0,0,0,0,0,0,0,5
2,Arunachal Pradesh,Changlang,0,0,0,0,0,0,0,0,0,2,0,2,0,0,0,0,0,0,6,0,6,4,4,0,4,0,0,0,4,0,0,0,0,0,0,0,0,0,0,0,0,0,32,32,0,32,0,0,0,0,0,0,0,0,1,0,0,0,1,0,0,0,0,0,0,0,0,0,0,0,0,0,0,0,0,0,0,0,0,0,0,0,0,0,0,0,0,0,0,0,45
3,Arunachal Pradesh,Crime Branch,0,0,0,0,0,0,0,0,0,0,0,0,0,0,0,0,0,0,0,0,0,0,0,0,0,0,0,0,0,0,0,0,0,0,0,0,0,0,0,0,0,0,1,0,1,1,0,0,0,0,0,0,0,0,0,0,0,0,0,0,0,0,0,0,0,0,0,0,0,0,0,0,0,0,0,0,0,0,0,0,0,0,0,0,0,0,0,0,0,0,1
4,Arunachal Pradesh,Dibang Valley,0,0,0,0,0,0,0,0,0,0,0,0,0,0,0,0,0,0,0,0,0,1,1,1,0,0,0,0,1,0,0,0,0,0,0,0,0,0,0,0,0,0,1,1,0,1,0,0,0,0,0,0,0,0,0,0,0,0,0,0,0,0,0,0,0,0,0,0,0,0,0,0,0,0,0,0,0,0,0,0,0,0,0,0,0,0,0,0,0,0,2
5,Arunachal Pradesh,Kameng East,0,0,0,0,0,0,0,0,0,0,0,0,0,0,0,0,0,0,0,0,0,1,0,0,0,1,0,0,1,0,0,0,0,0,0,0,0,0,0,0,0,0,3,3,0,3,0,0,0,0,0,0,0,0,0,0,0,0,0,0,0,0,0,0,0,0,0,0,0,0,0,0,0,0,0,0,0,0,0,0,0,0,0,0,0,0,0,0,0,0,4
6,Arunachal Pradesh,Kameng West,0,0,0,0,0,1,0,0,0,0,0,1,0,0,0,0,0,0,0,0,0,1,1,1,0,0,0,0,1,0,0,0,0,0,0,0,0,0,0,0,0,1,18,0,18,19,0,0,0,0,0,0,0,0,0,0,0,0,0,0,0,0,0,0,0,0,0,0,0,0,0,0,0,0,0,0,0,0,0,0,0,0,0,0,0,0,0,0,0,6,27
7,Arunachal Pradesh,Kurung Kumey,0,0,0,0,0,0,0,0,0,0,0,0,0,0,0,0,0,0,0,0,0,0,0,0,0,0,0,0,0,0,0,0,0,0,0,0,0,0,0,0,0,0,2,2,0,2,0,0,0,0,0,0,0,0,0,0,0,0,0,0,0,0,0,0,0,0,0,0,0,0,0,0,0,0,0,0,0,0,0,0,0,0,0,0,0,0,0,0,0,0,2
8,Arunachal Pradesh,Lohit,0,0,0,0,0,0,0,0,0,0,0,0,0,0,0,0,0,0,0,0,0,0,0,0,0,0,0,0,0,0,0,0,0,0,0,0,0,0,0,0,0,0,9,9,0,9,0,0,0,0,0,0,0,0,0,0,0,0,0,0,0,0,0,0,0,0,0,0,0,0,0,0,0,0,0,0,0,0,0,0,0,0,0,0,0,0,0,0,0,1,10
9,Arunachal Pradesh,Longding,0,0,0,0,0,2,0,0,0,0,0,2,0,0,0,0,0,0,6,0,6,0,0,0,0,0,0,0,0,0,0,0,0,0,0,0,0,0,0,0,0,0,26,26,0,26,0,0,0,0,0,0,0,0,0,0,0,0,0,0,0,0,0,0,0,0,0,0,0,0,0,0,0,0,0,0,0,0,0,0,0,0,0,0,0,0,0,0,0,0,34
10,Arunachal Pradesh,Lower Dibang Valley,0,0,0,0,0,0,0,0,0,0,0,0,0,0,0,0,0,0,0,0,0,0,0,0,0,0,0,0,0,0,0,0,0,0,0,0,0,0,0,0,0,0,27,16,11,27,0,0,0,0,0,0,0,0,0,0,0,0,0,0,0,0,0,0,0,0,0,0,0,0,0,0,0,0,0,0,0,0,0,0,0,0,0,0,0,0,0,0,0,0,27
11,Arunachal Pradesh,Papum Pare City,0,0,0,0,0,24,0,0,0,1,0,25,0,0,0,0,0,7,0,0,7,0,0,0,0,0,0,0,0,6,0,0,6,0,0,0,0,0,0,0,0,0,60,57,3,60,0,0,0,0,0,0,0,0,0,0,0,0,0,0,0,0,0,0,0,0,0,0,0,0,0,0,21,0,0,0,0,0,0,0,0,0,0,0,0,0,0,2,23,0,121
12,Arunachal Pradesh,Papum Pare Rural,0,0,0,0,0,0,0,0,0,0,0,0,0,0,0,0,0,0,0,0,0,0,0,0,0,0,0,0,0,0,2,0,2,0,0,0,0,0,0,0,0,0,5,0,5,5,0,0,0,0,0,0,0,0,0,0,0,0,0,0,0,0,0,0,0,0,0,0,0,0,0,0,0,0,0,0,0,0,0,0,0,0,0,0,0,0,0,0,0,0,7
13,Arunachal Pradesh,Siang East,0,0,0,0,0,4,0,0,0,0,0,4,0,0,0,0,0,2,0,0,2,0,0,0,0,0,0,0,0,0,1,0,1,0,0,0,0,0,0,0,0,0,20,20,0,20,0,1,0,0,0,0,0,1,0,0,0,0,0,0,0,0,0,0,0,0,0,0,0,0,0,0,1,0,0,0,0,0,0,0,0,0,0,0,0,0,0,0,1,1,30
14,Arunachal Pradesh,Siang Upper,0,0,0,0,0,4,0,0,0,0,0,4,0,0,0,0,0,0,0,0,0,1,1,0,1,0,0,0,1,0,0,0,0,0,0,0,0,0,0,0,0,0,7,7,0,7,0,0,0,0,0,0,0,0,0,0,0,0,0,0,0,0,0,0,0,0,0,0,0,0,0,0,4,0,0,0,0,0,0,0,0,0,0,0,0,0,0,0,4,0,16
15,Arunachal Pradesh,Siang West,0,0,1,0,1,0,0,0,0,0,0,0,0,0,0,0,0,0,0,0,0,0,0,0,0,0,0,0,0,2,1,0,3,0,0,0,0,0,0,0,0,0,4,4,0,4,1,0,0,0,0,0,0,1,0,0,0,0,0,0,0,0,0,0,0,0,0,0,0,0,0,0,1,0,0,0,0,0,0,0,0,0,0,0,0,0,0,0,1,0,10
16,Arunachal Pradesh,Subansiri Lower,0,0,0,0,0,0,0,0,0,0,0,0,0,0,0,0,0,3,0,0,3,0,0,0,0,0,0,0,0,0,0,0,0,0,0,0,0,0,0,0,0,0,13,13,0,13,0,0,0,0,0,0,0,0,0,0,0,0,0,0,0,0,0,0,0,0,0,0,0,0,0,0,0,0,0,0,0,0,0,0,0,0,0,0,0,0,0,0,0,0,16
17,Arunachal Pradesh,Subansiri Upper,0,0,0,0,0,3,0,0,0,0,0,3,0,0,0,0,0,1,0,0,1,0,0,0,0,0,0,0,0,0,0,0,0,0,0,0,0,0,0,0,0,0,4,4,0,4,0,0,0,0,0,0,0,0,0,0,0,0,0,0,0,0,0,0,0,0,0,0,0,0,0,0,0,0,0,0,0,0,0,0,0,0,0,0,0,0,0,0,0,0,8
18,Arunachal Pradesh,Tawang,0,0,0,0,0,1,0,0,0,0,0,1,0,0,0,0,0,0,0,0,0,0,0,0,0,0,0,0,0,0,0,0,0,0,0,0,0,0,0,0,0,0,1,1,0,1,0,0,0,0,0,0,0,0,0,0,0,0,0,0,0,0,0,0,0,0,0,0,0,0,0,0,0,0,0,0,0,0,0,0,0,0,0,0,0,0,0,0,0,0,2
19,Arunachal Pradesh,Tirap,0,0,0,0,0,0,0,0,0,0,0,0,0,0,0,0,0,0,3,0,3,1,0,0,0,1,0,0,1,0,0,0,0,0,0,0,0,0,0,0,0,0,13,13,0,13,0,0,0,0,0,0,0,0,0,0,0,0,0,0,0,0,0,0,0,0,0,0,0,0,0,0,0,0,0,0,0,0,0,0,0,0,0,0,0,0,0,0,0,0,17
20,Arunachal Pradesh,Namsai,0,0,0,0,0,2,0,0,0,0,0,2,0,0,0,0,0,0,0,0,0,1,1,0,1,0,0,0,1,0,0,0,0,0,0,0,0,0,0,0,0,0,49,18,31,49,0,0,0,0,0,0,0,0,0,0,0,0,0,0,0,0,0,0,0,0,0,0,0,0,0,0,0,0,0,0,0,0,0,0,0,0,0,0,0,0,0,0,0,0,52
21,Arunachal Pradesh,Siang,0,0,0,0,0,0,0,0,0,0,0,0,0,0,0,0,0,1,0,0,1,0,0,0,0,0,0,0,0,0,0,0,0,0,0,0,0,0,0,0,0,0,1,0,1,1,0,0,0,0,0,0,0,0,0,0,0,0,0,0,0,0,0,0,0,0,0,0,0,0,0,0,0,0,0,0,0,0,0,0,0,0,0,0,0,0,0,0,0,0,2
22,Arunachal Pradesh,Kamle,0,0,0,0,0,0,0,0,0,0,0,0,0,0,0,0,0,0,0,0,0,0,0,0,0,0,0,0,0,0,0,0,0,0,0,0,0,0,0,0,0,0,0,0,0,0,0,0,0,0,0,0,0,0,0,0,0,0,0,0,0,0,0,0,0,0,0,0,0,0,0,0,0,0,0,0,0,0,0,0,0,0,0,0,0,0,0,0,0,0,0
23,Arunachal Pradesh,Kra Dadi,0,0,0,0,0,0,0,0,0,0,0,0,0,0,0,0,0,0,0,0,0,0,0,0,0,0,0,0,0,0,0,0,0,0,0,0,0,0,0,0,0,0,0,0,0,0,0,0,0,0,0,0,0,0,0,0,0,0,0,0,0,0,0,0,0,0,0,0,0,0,0,0,0,0,0,0,0,0,0,0,0,0,0,0,0,0,0,0,0,0,0
24,Arunachal Pradesh,Lower Siang,0,0,0,0,0,0,0,0,0,0,0,0,0,0,0,0,0,0,0,0,0,0,0,0,0,0,0,0,0,0,0,0,0,0,0,0,0,0,0,0,0,0,6,6,0,6,0,0,0,0,0,0,0,0,0,0,0,0,0,0,0,0,0,0,0,0,0,0,0,0,0,0,0,0,0,0,0,0,0,0,0,0,0,0,0,0,0,0,0,0,6
25,Arunachal Pradesh,Leparada,0,0,0,0,0,2,0,0,0,0,0,2,0,0,0,0,0,0,0,0,0,0,0,0,0,0,0,0,0,1,0,0,1,0,0,0,0,0,0,0,0,0,3,2,1,3,0,0,0,0,0,0,0,0,0,0,0,0,0,0,0,0,0,0,0,0,0,0,0,0,0,0,0,0,0,0,0,0,0,0,0,0,0,0,0,0,0,0,0,0,6
26,Arunachal Pradesh,Shiyomi,0,0,0,0,0,1,0,0,0,0,0,1,0,0,0,0,0,0,0,0,0,1,1,1,0,0,0,0,1,0,0,0,0,0,0,0,0,0,0,0,0,0,0,0,0,0,0,0,0,0,0,0,0,0,0,0,0,0,0,0,0,0,0,0,0,0,0,0,0,0,0,0,0,0,0,0,0,0,0,0,0,0,0,0,0,0,0,0,0,0,2
27,Arunachal Pradesh,Pakkessang,0,0,0,0,0,1,0,0,0,0,0,1,0,0,0,0,0,0,0,0,0,0,0,0,0,0,0,0,0,0,0,0,0,0,0,0,0,0,0,0,0,0,0,0,0,0,0,0,0,0,0,0,0,0,0,0,0,0,0,0,0,0,0,0,0,0,0,0,0,0,0,0,0,0,0,0,0,0,0,0,0,0,0,0,0,0,0,0,0,0,1
Total Districts,Total Districts,Total Districts,0,0,1,0,1,47,0,0,0,3,0,50,0,0,0,0,0,14,15,1,30,11,9,3,6,2,0,0,11,9,4,0,13,0,0,0,0,0,0,0,0,1,306,235,71,307,1,2,0,0,0,0,0,3,1,0,0,0,1,0,0,0,0,0,0,0,0,0,0,0,0,0,27,0,0,0,0,0,0,0,0,0,0,0,0,0,0,2,29,8,453
1,Assam,BIEO,0,0,0,0,0,0,0,0,0,0,0,0,0,0,0,0,0,0,0,0,0,0,0,0,0,0,0,0,0,0,0,0,0,0,0,0,0,0,0,0,0,0,0,0,0,0,0,0,0,0,0,0,0,0,0,0,0,0,0,0,0,0,0,0,0,0,0,8,0,0,8,0,0,0,0,0,0,0,0,0,0,0,0,0,0,0,0,0,0,6,14
2,Assam,Barpeta,0,1,0,0,1,68,0,25,0,0,0,93,0,0,0,0,0,1,4,0,5,5,5,0,5,0,0,1,6,39,5,0,44,0,0,0,0,0,1,1,0,3,100,100,0,103,0,0,0,0,0,0,0,0,0,0,0,0,0,0,0,0,0,0,0,0,0,6,0,0,6,0,66,12,0,0,0,0,0,0,0,0,0,0,0,0,0,0,78,22,359
3,Assam,Baksa,2,0,0,0,2,27,0,7,0,1,0,35,0,0,0,0,0,5,8,0,13,1,1,0,1,0,0,0,1,21,0,0,21,0,0,0,0,0,0,0,0,2,8,8,0,10,1,0,0,0,0,0,0,1,0,0,0,0,0,0,0,0,0,0,0,0,0,2,0,0,2,0,18,11,0,0,0,0,0,0,0,0,0,0,0,0,0,0,29,8,122
4,Assam,Bongaigaon,0,1,0,0,1,61,0,11,0,0,0,72,0,0,0,0,0,0,2,0,2,1,0,0,0,1,0,1,2,41,0,0,41,0,0,0,0,0,0,0,0,0,68,68,0,68,0,0,0,0,0,0,0,0,0,1,0,0,1,0,0,0,0,0,0,0,0,5,0,0,5,0,33,0,0,0,0,0,0,0,0,0,0,0,0,0,0,0,33,45,270
5,Assam,CID,0,0,0,0,0,0,0,0,0,0,0,0,0,0,0,0,0,0,0,0,0,0,0,0,0,0,0,0,0,4,0,0,4,0,0,0,0,0,0,0,0,0,0,0,0,0,0,0,0,0,0,0,0,0,0,0,0,0,0,0,0,0,0,0,0,0,0,0,0,0,0,0,0,0,0,0,0,0,0,0,0,0,0,0,0,0,0,0,0,0,4
6,Assam,Cachar,0,4,0,0,4,57,3,2,0,0,0,62,0,0,0,0,0,13,1,4,18,15,0,0,0,15,0,12,27,87,1,0,88,0,0,0,0,0,7,7,0,3,69,0,69,72,3,1,0,0,0,0,0,4,0,3,0,0,3,0,0,0,0,0,0,0,0,1,0,0,1,0,24,5,0,0,2,0,2,0,0,0,0,0,0,0,0,0,31,3,320
7,Assam,Chirang,0,1,0,0,1,36,0,1,0,5,0,42,0,0,0,0,0,1,0,0,1,0,0,0,0,0,0,0,0,0,0,0,0,0,0,0,0,0,0,0,0,1,49,31,18,50,0,0,0,0,0,0,0,0,0,0,0,0,0,0,0,0,0,0,0,0,0,2,0,0,2,0,9,1,0,0,0,0,0,0,0,0,0,0,0,0,0,3,13,0,109
8,Assam,Darrang,29,1,0,0,30,64,1,13,0,2,0,80,0,0,0,0,0,6,0,0,6,3,3,0,3,0,0,0,3,36,0,0,36,0,0,0,0,0,0,0,0,1,49,49,0,50,0,0,0,0,0,0,0,0,0,0,0,0,0,0,0,0,0,0,0,0,0,1,0,0,1,0,23,7,0,0,0,0,0,0,0,0,0,0,0,0,0,0,30,8,244
9,Assam,Dhemaji,6,0,0,0,6,40,1,3,0,1,0,45,1,0,0,0,1,2,1,0,3,4,4,2,2,0,0,0,4,3,1,0,4,0,0,0,0,0,0,0,0,2,46,46,0,48,0,0,0,0,0,0,0,0,0,0,0,0,0,0,0,0,0,0,0,0,0,1,0,0,1,0,5,0,0,0,0,0,0,0,0,0,0,0,0,0,0,0,5,4,121
10,Assam,Dhubri,6,0,0,0,6,88,4,11,0,0,0,103,0,0,0,0,0,8,3,0,11,3,0,0,0,3,0,0,3,14,0,0,14,0,0,0,0,0,0,0,0,14,116,40,76,130,4,1,0,0,0,0,0,5,2,0,0,0,2,0,0,0,0,0,0,0,0,7,0,0,7,0,80,7,0,0,0,0,0,0,0,0,0,0,0,0,0,0,87,2,370
11,Assam,Dibrugarh,27,0,0,0,27,64,4,1,0,5,0,74,0,0,0,0,0,46,13,0,59,8,8,2,6,0,0,0,8,47,2,0,49,0,0,0,0,0,1,1,0,1,82,43,39,83,0,0,0,0,0,0,0,0,1,0,0,0,1,0,0,0,0,0,0,0,0,2,0,0,2,0,31,5,0,0,0,0,0,0,0,0,1,0,0,0,0,0,37,31,372
12,Assam,GRP,0,0,0,0,0,0,0,0,0,0,0,0,0,0,0,0,0,1,0,0,1,2,2,0,2,0,0,1,3,0,0,0,0,0,0,0,0,0,0,0,0,0,191,0,191,191,0,2,0,0,1,0,0,3,2,0,0,0,2,1,0,1,0,0,0,0,0,0,0,0,0,0,0,0,0,0,0,0,0,0,0,0,0,0,0,0,0,0,0,2,203
13,Assam,Goalpara,0,0,0,0,0,32,0,0,0,0,0,32,0,0,0,0,0,0,0,0,0,4,4,0,4,0,0,0,4,39,0,0,39,0,0,0,0,0,0,0,0,0,40,0,40,40,0,0,0,0,0,0,0,0,0,0,0,0,0,0,0,0,0,0,0,0,0,0,0,0,0,0,0,0,0,0,0,0,0,0,0,0,0,0,0,0,0,0,0,0,115
14,Assam,Golaghat,8,1,0,0,9,39,0,5,0,6,0,50,0,0,0,0,0,2,6,0,8,4,4,0,4,0,0,0,4,16,1,0,17,0,0,0,0,0,1,1,0,2,42,39,3,44,1,3,0,0,0,0,0,4,0,0,0,0,0,0,0,0,0,0,0,0,0,0,0,0,0,0,5,2,0,0,0,0,0,0,0,0,0,0,0,0,0,0,7,56,200
15,Assam,Guwahati City,27,5,0,0,32,106,10,5,0,20,0,141,0,0,0,0,0,15,7,0,22,10,10,0,10,0,0,0,10,373,9,2,384,0,0,1,0,1,0,2,0,7,242,242,0,249,6,1,0,0,1,0,0,8,3,1,0,0,4,0,0,0,0,0,0,0,0,3,0,0,3,0,64,1,0,0,0,0,0,0,0,0,0,0,0,1,0,0,66,91,1012
16,Assam,Hailakandi,4,0,0,0,4,55,2,4,0,2,0,63,0,0,0,0,0,2,3,0,5,8,0,0,0,8,0,1,9,15,0,0,15,0,0,0,0,1,0,1,0,3,28,9,19,31,1,1,0,0,1,0,0,3,2,0,0,0,2,0,0,0,0,0,0,0,0,5,0,0,5,0,20,1,0,0,0,0,0,0,0,0,0,0,0,0,0,0,21,5,164
17,Assam,Hamren,0,0,0,0,0,12,0,0,0,0,0,12,0,0,0,0,0,0,0,0,0,2,0,0,0,2,0,0,2,8,0,0,8,0,0,0,0,0,0,0,0,0,5,5,0,5,0,0,0,0,0,0,0,0,0,0,0,0,0,0,0,0,0,0,0,0,0,0,0,0,0,0,0,0,0,0,0,0,0,0,0,0,0,0,0,0,0,0,0,6,33
18,Assam,Jorhat,0,0,0,0,0,38,1,0,0,2,0,41,0,0,0,0,0,3,3,0,6,13,13,0,13,0,0,0,13,43,1,0,44,0,0,0,0,0,0,0,0,3,54,49,5,57,0,3,0,0,0,0,0,3,0,0,0,0,0,0,0,0,0,0,0,0,0,2,0,0,2,0,18,3,0,0,0,0,0,0,0,0,0,0,0,0,0,0,21,12,199
19,Assam,Kamrup,27,0,0,0,27,99,12,8,0,1,0,120,0,0,0,0,0,16,3,0,19,12,12,0,12,0,0,1,13,109,1,1,111,0,0,0,1,2,1,4,52,16,182,160,22,250,3,2,0,0,0,0,0,5,0,0,0,0,0,0,0,0,0,0,0,0,0,7,0,0,7,0,46,11,0,0,0,0,0,0,0,0,0,0,0,4,0,16,77,13,646
20,Assam,Karbi Anglong,1,0,0,0,1,21,0,0,0,1,0,22,0,0,0,0,0,1,4,0,5,14,14,0,14,0,0,0,14,5,0,0,5,0,0,0,0,0,0,0,0,5,105,0,105,110,1,1,0,0,0,0,0,2,0,0,0,0,0,0,0,0,0,0,0,0,0,1,0,0,1,0,3,0,0,0,0,0,0,0,0,0,0,0,0,0,0,0,3,0,163
21,Assam,Karimganj,0,2,0,0,2,44,3,7,0,4,0,58,5,0,0,0,5,6,0,0,6,4,4,0,4,0,0,0,4,22,1,1,24,0,0,0,0,0,6,6,0,1,118,0,118,119,0,0,0,0,0,0,0,0,2,0,0,1,3,0,0,0,0,0,0,0,0,12,0,0,12,0,17,0,0,0,0,0,0,0,0,0,0,0,0,6,0,0,23,29,291
22,Assam,Kokrajhar,15,1,0,0,16,47,0,6,0,2,0,55,0,0,0,0,0,6,8,0,14,1,1,0,1,0,0,0,1,15,0,0,15,0,0,0,0,0,0,0,0,4,31,0,31,35,0,1,0,0,2,0,0,3,0,0,0,0,0,0,0,0,0,0,0,0,0,6,0,13,19,0,7,0,0,0,0,0,0,0,0,0,0,0,0,0,0,0,7,149,314
23,Assam,Lakhimpur,1,0,0,0,1,48,0,4,0,0,0,52,0,0,0,0,0,4,2,0,6,2,2,0,2,0,0,0,2,18,0,0,18,0,0,0,0,0,0,0,0,4,78,71,7,82,0,7,0,0,0,0,0,7,0,1,0,0,1,0,0,0,0,0,0,0,0,0,0,0,0,0,6,0,0,0,0,0,0,0,0,0,0,0,0,0,0,0,6,16,191
24,Assam,Morigaon,5,0,0,0,5,116,0,12,0,7,0,135,0,0,0,0,0,0,4,0,4,1,0,0,0,1,0,0,1,3,0,0,3,0,0,0,0,0,1,1,0,4,248,178,70,252,0,1,0,0,0,0,0,1,0,1,0,0,1,0,0,0,0,0,0,0,0,2,0,0,2,0,59,3,0,0,0,0,0,0,0,0,0,0,0,0,0,0,62,102,569
25,Assam,Dima Hasao,0,0,0,0,0,5,0,0,0,0,0,5,0,0,0,0,0,4,5,0,9,0,0,0,0,0,0,0,0,6,0,0,6,0,0,0,0,0,0,0,0,0,19,11,8,19,0,0,0,0,0,0,0,0,0,0,0,0,0,0,0,0,0,0,0,0,0,0,0,0,0,0,6,0,0,0,0,0,0,0,0,0,0,0,0,0,0,0,6,3,48
26,Assam,Nagaon,21,4,0,0,25,108,0,6,0,0,0,114,0,0,0,0,0,7,5,0,12,19,19,0,19,0,0,0,19,17,2,0,19,0,0,0,0,0,3,3,0,0,314,0,314,314,0,2,0,0,0,0,0,2,0,0,0,0,0,0,0,0,0,0,0,0,0,0,0,0,0,0,42,16,0,0,0,0,0,0,0,0,0,0,0,0,0,0,58,45,611
27,Assam,Nalbari,28,1,0,0,29,24,1,1,0,3,0,29,0,0,0,0,0,2,1,0,3,2,0,0,0,2,0,0,2,8,0,0,8,0,0,0,0,0,0,0,0,7,71,0,71,78,0,1,0,0,1,0,0,2,0,0,0,0,0,0,0,0,0,0,0,0,0,5,0,0,5,0,12,28,0,0,0,0,0,0,0,0,0,0,0,0,0,0,40,6,202
28,Assam,RPO,0,0,0,0,0,0,0,0,0,0,0,0,0,0,0,0,0,0,0,0,0,0,0,0,0,0,0,0,0,0,0,0,0,0,0,0,0,0,0,0,0,0,0,0,0,0,0,0,0,0,0,0,0,0,0,0,0,0,0,0,0,0,0,0,0,0,0,0,0,0,0,0,0,0,0,0,0,0,0,0,0,0,0,0,0,0,0,0,0,0,0
29,Assam,SOU,0,0,0,0,0,0,0,0,0,0,0,0,0,0,0,0,0,0,2,0,2,0,0,0,0,0,0,0,0,0,0,0,0,0,0,0,0,0,0,0,0,0,0,0,0,0,0,0,0,0,0,0,0,0,0,0,0,0,0,0,0,0,0,0,0,0,0,0,0,0,0,0,0,0,0,0,0,0,0,0,0,0,0,0,0,0,0,0,0,0,2
30,Assam,STF,0,0,0,0,0,0,0,0,0,0,0,0,0,0,0,0,0,0,0,0,0,0,0,0,0,0,0,0,0,0,0,0,0,0,0,0,0,0,0,0,0,0,0,0,0,0,0,0,0,0,0,0,0,0,0,0,0,0,0,0,0,0,0,0,0,0,0,0,0,0,0,0,0,0,0,0,0,0,0,0,0,0,0,0,0,0,0,0,0,0,0
31,Assam,Sibsagar,2,0,0,0,2,32,4,2,0,8,0,46,0,4,0,0,4,2,2,0,4,2,2,0,2,0,0,0,2,12,0,0,12,0,0,0,0,0,0,0,0,4,29,29,0,33,0,0,0,0,0,0,0,0,0,0,0,0,0,0,0,0,0,0,0,0,0,0,0,0,0,0,0,7,0,0,4,4,0,0,0,0,0,0,0,0,0,0,11,34,148
32,Assam,Sonitpur,5,4,0,0,9,49,0,0,0,0,0,49,0,0,0,0,0,0,1,0,1,7,0,0,0,7,0,0,7,226,0,0,226,0,0,0,0,0,0,0,0,0,65,0,65,65,0,0,0,0,0,0,0,0,0,0,0,0,0,0,0,0,0,0,0,0,0,6,0,0,6,0,0,0,0,0,2,0,0,2,0,0,0,0,0,0,0,0,2,0,365
33,Assam,Tinsukia,0,0,0,0,0,59,8,5,0,4,0,76,3,0,0,0,3,0,12,0,12,6,6,0,6,0,0,0,6,85,0,0,85,0,0,0,0,0,0,0,0,2,147,131,16,149,0,0,0,0,0,0,0,0,0,0,0,0,0,0,0,0,0,0,0,0,0,3,0,0,3,0,8,1,0,0,0,0,0,0,0,0,0,0,0,0,0,0,9,0,343
34,Assam,Udalguri,0,1,0,0,1,47,0,0,0,3,0,50,0,0,0,0,0,0,13,0,13,0,0,0,0,0,0,0,0,9,0,0,9,0,0,0,0,0,1,1,0,1,27,0,27,28,1,2,0,0,0,0,0,3,0,3,0,0,3,0,0,0,0,0,0,0,0,3,0,0,3,0,11,2,0,0,0,0,0,0,0,0,0,0,0,0,0,0,13,13,137
35,Assam,Sadia,0,0,0,0,0,7,0,0,0,0,0,7,0,0,0,0,0,0,0,0,0,2,2,0,2,0,0,0,2,6,0,0,6,0,0,0,0,0,0,0,0,0,11,0,11,11,0,0,0,0,0,0,0,0,0,0,0,0,0,0,0,0,0,0,0,0,0,0,0,0,0,0,0,0,0,0,0,0,0,0,0,0,0,0,0,0,0,0,0,4,30
36,Assam,Majuli,0,0,0,0,0,13,0,1,0,1,0,15,0,0,0,0,0,0,0,0,0,0,0,0,0,0,0,0,0,8,0,0,8,0,0,0,0,0,0,0,0,0,3,3,0,3,0,0,0,0,0,0,0,0,0,0,0,0,0,0,0,0,0,0,0,0,0,0,0,0,0,0,0,0,0,0,0,0,0,0,0,0,0,0,0,0,0,3,3,1,30
37,Assam,Biswanath,0,0,0,0,0,46,0,0,0,1,0,47,1,0,0,0,1,0,0,0,0,1,1,0,1,0,0,1,2,3,0,0,3,0,0,0,0,0,0,0,0,17,21,21,0,38,0,5,0,0,0,0,0,5,0,0,0,0,0,0,0,0,0,0,0,0,0,0,0,0,0,0,9,1,0,0,0,0,0,0,0,0,0,0,0,0,0,0,10,11,117
38,Assam,Hojai,30,0,0,0,30,68,1,10,0,1,0,80,0,0,0,0,0,1,2,0,3,8,8,0,8,0,0,0,8,47,0,0,47,0,0,0,0,3,2,5,0,10,143,41,102,153,14,2,0,0,0,0,0,16,0,1,0,0,1,0,0,0,0,0,0,0,0,4,0,0,4,0,26,3,0,0,0,0,0,0,0,0,0,0,0,0,0,0,29,7,383
39,Assam,South Salmara,28,1,0,0,29,32,0,13,0,1,0,46,0,0,0,0,0,2,0,0,2,2,2,0,2,0,0,0,2,4,0,1,5,0,0,0,0,0,0,0,0,1,30,0,30,31,0,0,0,0,0,0,0,0,2,0,0,0,2,0,0,0,0,0,0,0,0,3,0,0,3,0,15,3,0,0,0,0,0,0,0,0,0,0,0,0,0,0,18,421,559
40,Assam,Charaideo,0,1,0,0,1,34,0,0,0,0,0,34,0,0,0,0,0,0,17,0,17,5,5,0,5,0,0,2,7,9,1,0,10,0,0,0,0,0,0,0,0,1,55,19,36,56,0,0,0,0,0,0,0,0,0,0,0,0,0,0,0,0,0,0,0,0,0,1,0,0,1,0,6,12,0,0,0,0,0,0,0,0,0,0,0,0,0,0,18,5,149
41,Assam,Bajali,0,0,0,0,0,3,0,0,0,2,0,5,0,0,0,0,0,0,0,0,0,0,0,0,0,0,0,0,0,15,0,0,15,0,0,0,0,0,0,0,0,0,1,0,1,1,0,0,0,0,0,0,0,0,0,0,0,0,0,0,0,0,0,0,0,0,0,0,0,0,0,0,3,12,0,0,0,0,0,0,0,0,0,0,0,0,0,0,15,1,37
42,Assam,Tamulpur,0,0,0,0,0,14,0,0,0,3,0,17,0,0,0,0,0,0,1,0,1,0,0,0,0,0,0,1,1,4,0,0,4,0,0,0,0,0,0,0,0,0,15,0,15,15,0,0,0,0,0,0,0,0,0,0,0,0,0,0,0,0,0,0,0,0,0,0,0,0,0,0,0,0,0,0,0,0,0,0,0,0,0,0,0,0,0,0,0,18,56
Total Districts,Total Districts,Total Districts,272,29,0,0,301,1703,55,163,0,86,0,2007,10,4,0,0,14,156,133,4,293,171,132,4,128,39,0,21,192,1417,25,5,1447,0,0,1,1,7,24,33,52,119,2902,1393,1509,3073,35,36,0,0,6,0,0,77,14,11,0,1,26,1,0,1,0,0,0,0,0,98,0,13,111,0,672,154,0,0,8,4,2,2,0,0,1,0,0,11,0,22,868,1179,9622
1,Bihar,Araria,84,0,0,0,84,33,0,0,0,8,0,41,0,0,0,0,0,0,0,0,0,47,47,0,47,0,0,0,47,0,0,0,0,11,0,0,0,0,0,11,1273,0,55,55,0,1328,0,0,0,0,0,0,0,0,0,0,0,0,0,0,0,0,0,0,0,0,0,64,0,0,64,0,12,245,0,0,0,0,0,0,0,0,0,0,0,0,0,0,257,29,1861
2,Bihar,Arwal,26,0,0,0,26,21,0,0,0,0,0,21,0,0,0,0,0,4,0,0,4,18,18,0,18,0,0,0,18,0,0,0,0,0,0,2,0,0,0,2,622,0,9,9,0,631,1,4,0,0,0,0,0,5,0,0,0,0,0,0,0,0,0,0,0,0,0,2,0,0,2,0,0,322,0,1,0,0,0,0,0,0,0,0,0,0,0,0,323,25,1057
3,Bihar,Aurangabad,98,1,0,0,99,55,0,1,0,6,0,62,0,0,0,0,0,0,24,0,24,28,28,0,28,0,2,0,30,0,0,0,0,0,0,0,0,307,0,307,2124,0,20,11,9,2144,1,0,0,0,0,0,0,1,0,0,0,0,0,0,0,0,0,0,0,0,0,7,0,0,7,0,3,1702,0,0,0,0,0,0,0,0,0,0,0,0,0,0,1705,36,4415
4,Bihar,Bagaha,31,0,0,0,31,54,0,0,0,0,0,54,0,0,0,0,0,0,0,0,0,9,9,0,9,0,0,0,9,13,0,0,13,0,0,0,0,22,0,22,1181,0,14,0,14,1195,0,0,0,0,0,0,0,0,0,0,0,0,0,0,0,0,0,0,0,0,0,5,0,0,5,0,1,88,0,0,0,0,0,0,0,0,0,0,0,0,0,0,89,5,1423
5,Bihar,Banka,64,1,0,0,65,28,0,4,0,1,0,33,0,0,0,0,0,0,0,0,0,46,46,0,46,0,8,0,54,0,0,0,0,0,0,0,0,355,0,355,1218,0,4,0,4,1222,1,0,0,0,0,0,0,1,0,0,0,0,0,0,0,0,0,0,0,0,0,10,0,0,10,0,1,436,0,0,0,0,0,0,0,0,0,0,0,0,0,0,437,5,2182
6,Bihar,Begusarai,40,3,0,0,43,29,0,0,0,0,0,29,0,0,0,0,0,0,0,0,0,191,191,0,191,0,0,1,192,2,1,1,4,0,0,0,0,13,0,13,1442,0,25,25,0,1467,1,0,0,0,0,0,0,1,0,0,0,0,0,0,0,0,0,0,0,0,0,2,0,0,2,0,5,438,0,0,0,0,0,0,0,0,0,0,0,0,0,0,443,0,2194
7,Bihar,Bettiah,154,7,0,0,161,164,0,0,0,0,0,164,0,0,0,0,0,0,0,0,0,61,61,0,61,0,0,0,61,0,0,0,0,0,0,0,0,11,0,11,2946,0,47,47,0,2993,0,0,0,0,0,0,0,0,0,0,0,0,0,0,0,0,0,0,0,0,0,22,0,0,22,0,1,268,0,0,0,0,0,0,0,0,0,0,0,0,0,0,269,0,3681
8,Bihar,Kaimur(Bhabhua),33,4,0,0,37,24,0,0,0,0,0,24,0,0,0,0,0,0,0,0,0,36,36,0,36,0,0,0,36,0,0,0,0,0,0,0,0,15,0,15,1238,0,48,48,0,1286,0,0,0,0,0,0,0,0,0,0,0,0,0,0,0,0,0,0,0,0,0,4,0,0,4,0,2,442,0,0,0,0,0,0,0,0,0,0,0,0,0,0,444,6,1852
9,Bihar,Bhagalpur,103,2,0,0,105,131,0,0,0,4,0,135,0,0,0,0,0,0,0,0,0,113,113,0,113,0,0,19,132,0,1,0,1,2,0,0,0,0,0,2,3774,0,108,108,0,3882,1,0,0,0,0,0,0,1,0,0,0,0,0,0,0,0,0,0,0,0,0,22,0,0,22,0,5,510,0,0,0,0,0,0,0,0,0,0,0,0,0,0,515,151,4946
10,Bihar,Bhojpur,117,0,0,0,117,58,0,0,0,1,0,59,0,0,0,0,0,0,0,0,0,126,126,0,126,0,0,0,126,0,0,0,0,0,0,0,0,31,0,31,2759,0,58,31,27,2817,0,0,0,0,0,0,0,0,0,0,0,0,0,0,0,0,0,0,0,0,0,5,0,0,5,0,15,877,0,0,0,0,0,0,0,0,0,0,0,0,0,0,892,0,4047
11,Bihar,Buxar,60,1,0,0,61,44,0,0,0,0,0,44,0,0,0,0,0,0,0,0,0,73,73,0,73,0,0,1,74,0,0,0,0,0,0,0,0,0,0,0,1675,0,43,43,0,1718,0,0,0,0,0,0,0,0,0,0,0,0,0,0,0,0,0,0,0,0,0,4,0,0,4,0,18,592,0,0,0,0,0,0,0,0,0,0,0,0,0,0,610,2,2513
12,Bihar,Darbhanga,86,0,0,0,86,35,0,0,0,0,0,35,0,0,0,0,0,0,0,0,0,53,53,0,53,0,0,1,54,0,0,0,0,0,0,0,0,0,0,0,2558,0,32,32,0,2590,0,1,0,0,0,0,0,1,0,0,0,0,0,0,0,0,0,0,0,0,0,27,0,0,27,0,5,571,0,0,0,0,0,0,0,0,0,0,0,0,0,0,576,287,3656
13,Bihar,Gaya,205,1,0,0,206,105,0,0,0,12,0,117,0,0,0,0,0,0,0,0,0,98,98,0,98,0,0,8,106,0,0,0,0,0,0,0,0,25,0,25,4359,0,78,78,0,4437,14,1,0,0,0,0,0,15,0,0,0,0,0,0,0,0,0,0,0,0,0,16,0,0,16,0,13,3731,0,0,0,0,0,0,0,0,0,0,0,0,0,0,3744,80,8746
14,Bihar,Gopalganj,83,0,0,0,83,37,0,0,0,0,0,37,0,0,0,0,0,0,0,0,0,65,65,0,65,0,4,0,69,0,0,0,0,0,0,0,0,0,0,0,2304,0,49,49,0,2353,0,35,0,0,0,0,0,35,0,0,0,0,0,0,0,0,0,0,0,0,0,8,0,0,8,0,0,235,0,0,0,0,0,0,0,0,0,0,0,0,0,0,235,0,2820
15,Bihar,Jamalpur Railway,0,0,0,0,0,0,0,0,0,0,0,0,0,0,0,0,0,0,0,0,0,5,5,0,5,0,0,0,5,0,0,0,0,0,0,0,0,0,0,0,426,0,7,3,4,433,0,0,0,0,0,0,0,0,0,0,0,0,0,0,0,0,0,0,0,0,0,0,0,0,0,0,0,0,0,0,0,0,0,0,0,0,0,0,0,0,0,0,0,0,438
16,Bihar,Jamui,62,0,0,0,62,26,0,0,0,1,0,27,0,0,0,0,0,0,0,0,0,48,48,0,48,0,8,0,56,0,0,0,0,0,0,0,0,300,0,300,967,0,2,2,0,969,0,0,0,0,0,0,0,0,0,0,0,0,0,0,0,0,0,0,0,0,0,9,0,0,9,0,0,376,0,0,0,0,0,0,0,0,0,0,0,0,0,0,376,0,1799
17,Bihar,Jehanabad,39,1,0,0,40,21,0,0,0,0,0,21,0,0,0,0,0,0,0,0,0,29,29,0,29,0,0,0,29,0,0,0,0,0,0,0,0,17,0,17,1025,0,9,9,0,1034,0,0,0,0,0,0,0,0,0,0,0,0,0,0,0,0,0,0,0,0,0,9,0,0,9,0,0,1252,0,0,0,0,0,0,0,0,0,0,0,0,0,0,1252,0,2402
18,Bihar,Katihar,112,0,0,0,112,49,0,0,0,18,0,67,0,0,0,0,0,0,0,0,0,61,61,0,61,0,0,0,61,0,0,0,0,0,0,0,0,0,0,0,1638,0,14,8,6,1652,0,0,0,0,0,0,0,0,0,0,0,0,0,0,0,0,0,0,0,0,0,12,0,0,12,0,5,299,0,0,0,0,0,0,0,0,0,0,0,0,0,0,304,7,2215
19,Bihar,Katihar Railway,0,0,0,0,0,1,0,0,0,0,0,1,0,0,0,0,0,0,0,0,0,9,9,0,9,0,0,0,9,0,0,0,0,0,0,0,0,0,0,0,949,0,88,88,0,1037,0,0,0,0,0,0,0,0,1,0,0,0,1,0,0,0,0,0,0,0,0,0,0,0,0,0,0,0,0,0,0,0,0,0,0,0,0,0,0,0,0,0,0,0,1048
20,Bihar,Khagaria,74,0,0,0,74,31,0,2,0,1,0,34,0,0,0,0,0,0,0,0,0,96,96,0,96,0,1,0,97,0,0,0,0,0,0,0,0,0,0,0,842,0,11,11,0,853,0,0,0,0,0,0,0,0,0,0,0,0,0,0,0,0,0,0,0,0,0,21,0,0,21,0,2,237,0,0,0,0,0,0,0,0,0,0,0,0,0,0,239,0,1318
21,Bihar,Kishanganj,72,11,0,0,83,26,0,0,0,0,0,26,0,0,0,0,0,1,0,0,1,3,3,0,3,0,0,0,3,0,0,0,0,9,0,2,0,4,0,15,656,0,37,15,22,693,0,0,0,0,0,0,0,0,1,0,0,0,1,0,0,0,0,0,0,0,0,28,0,0,28,0,8,205,0,0,0,0,0,0,0,1,0,0,0,0,0,0,214,114,1178
22,Bihar,Lakhisarai,36,0,0,0,36,18,0,0,0,0,0,18,0,0,0,0,0,0,0,0,0,30,30,0,30,0,4,0,34,1,0,0,1,0,0,0,0,83,0,83,1109,0,8,7,1,1117,0,0,0,0,0,0,0,0,0,0,0,0,0,0,0,0,0,0,0,0,0,8,0,0,8,0,2,270,0,0,0,0,0,0,0,0,0,0,0,0,0,0,272,2,1571
23,Bihar,Madhepura,41,0,0,10,51,34,0,1,0,0,0,35,0,0,0,0,0,0,0,0,0,94,94,0,94,0,0,0,94,5,0,0,5,0,0,0,0,0,0,0,686,0,77,77,0,763,0,0,0,0,0,0,0,0,0,0,0,0,0,0,0,0,0,0,0,0,0,15,0,0,15,0,0,355,0,0,0,0,0,0,0,0,0,0,0,0,0,0,355,15,1333
24,Bihar,Madhubani,60,0,0,0,60,141,0,0,0,1,0,142,0,0,0,0,0,0,0,0,0,57,57,0,57,0,0,1,58,0,0,0,0,0,0,0,0,0,0,0,3663,0,24,22,2,3687,0,0,0,0,0,0,0,0,0,0,0,0,0,0,0,0,0,0,0,0,0,18,0,0,18,0,0,370,0,0,0,0,0,0,0,0,0,0,0,0,0,0,370,63,4398
25,Bihar,Motihari,171,7,0,0,178,192,0,0,0,4,0,196,0,0,0,0,0,0,0,0,0,128,128,0,128,0,0,1,129,0,0,0,0,0,0,0,0,0,0,0,4490,0,69,69,0,4559,8,0,0,0,0,0,0,8,0,0,0,0,0,0,0,0,0,0,0,0,0,26,0,0,26,0,15,624,0,0,0,0,0,0,0,0,0,0,0,0,0,0,639,70,5805
26,Bihar,Munger,65,0,0,0,65,27,0,0,0,6,0,33,0,0,0,0,0,0,4,0,4,98,98,0,98,0,0,4,102,0,0,0,0,0,0,0,0,21,0,21,1078,0,9,8,1,1087,0,0,0,0,0,0,0,0,0,0,0,0,0,0,0,0,0,0,0,0,0,9,0,0,9,0,13,352,0,0,0,0,0,0,0,0,0,0,0,0,0,0,365,0,1686
27,Bihar,Muzaffarpur,171,0,0,0,171,78,0,0,0,0,0,78,0,0,0,0,0,0,0,0,0,171,171,0,171,0,0,2,173,0,0,0,0,0,0,0,0,0,0,0,3854,0,210,210,0,4064,0,0,0,0,0,0,0,0,0,0,0,0,0,0,0,0,0,0,0,0,0,18,0,0,18,0,4,839,0,0,0,0,0,0,0,0,0,0,0,0,0,0,843,59,5406
28,Bihar,Muzaffarpur Railway,0,0,0,0,0,1,0,0,0,0,0,1,0,0,0,0,0,0,0,0,0,6,6,0,6,0,0,0,6,0,0,0,0,0,0,0,0,0,0,0,1259,0,17,17,0,1276,0,0,0,0,0,0,0,0,1,0,0,0,1,0,0,0,0,0,0,0,0,0,0,0,0,0,0,0,0,0,0,0,0,0,0,0,0,0,0,0,0,0,0,0,1284
29,Bihar,Nalanda,135,4,0,0,139,73,0,0,0,0,0,73,0,0,0,0,0,0,0,0,0,146,146,0,146,0,0,1,147,0,0,0,0,0,0,0,0,0,0,0,2717,0,27,27,0,2744,0,0,0,0,0,0,0,0,0,0,0,0,0,0,0,0,0,0,0,0,0,20,0,0,20,0,4,1069,0,0,0,0,0,0,0,0,0,0,0,0,0,0,1073,0,4196
30,Bihar,Naugachia,21,2,0,0,23,12,0,2,0,0,0,14,0,0,0,0,0,1,0,0,1,100,100,0,100,0,0,2,102,1,0,0,1,2,0,0,0,7,0,9,717,0,24,0,24,741,0,1,0,0,0,0,0,1,0,0,0,0,0,0,0,0,0,0,0,0,0,11,0,0,11,0,3,150,0,0,0,0,0,0,0,0,0,0,0,0,0,0,153,0,1056
31,Bihar,Nawadah,33,1,0,0,34,56,0,0,0,0,0,56,0,0,0,0,0,0,0,0,0,42,42,0,42,0,0,6,48,0,0,0,0,0,0,0,0,123,1,124,2833,0,14,14,0,2847,0,0,0,0,0,0,0,0,0,0,0,0,0,0,0,0,0,0,0,0,0,9,0,0,9,0,1,1847,0,0,0,0,0,0,0,0,0,0,0,0,0,0,1848,32,4998
32,Bihar,Patna,325,11,0,0,336,140,0,0,0,24,0,164,0,0,0,0,0,0,0,0,0,406,406,0,406,0,0,8,414,0,0,0,0,0,0,0,0,0,0,0,12315,0,243,243,0,12558,1,0,0,0,0,0,0,1,0,0,0,0,0,0,0,0,0,0,0,0,0,35,0,0,35,0,59,4839,0,0,0,0,0,0,0,0,0,0,0,0,0,0,4898,8,18414
33,Bihar,Patna Railway,0,0,0,0,0,1,0,0,0,0,0,1,0,0,0,0,0,0,0,0,0,6,6,0,6,0,0,0,6,0,0,0,0,0,0,0,0,0,0,0,1395,0,35,35,0,1430,0,0,0,0,0,0,0,0,0,0,0,0,0,0,0,0,0,0,0,0,0,0,0,0,0,0,0,0,0,0,1,1,0,0,0,0,0,0,0,0,0,0,1,0,1438
34,Bihar,Purnea,101,5,0,0,106,57,0,0,0,0,0,57,0,0,0,0,0,0,0,0,0,72,72,0,72,0,1,0,73,0,0,14,14,0,0,0,0,0,0,0,2031,0,77,31,46,2108,0,7,0,0,0,0,0,7,0,0,0,0,0,0,0,0,0,0,0,0,0,49,0,0,49,0,1,520,0,0,0,0,0,0,0,0,0,0,0,0,0,0,521,0,2935
35,Bihar,Rohtas,94,3,0,0,97,38,0,0,0,2,0,40,0,0,0,0,0,0,0,0,0,86,86,0,86,0,0,5,91,0,0,0,0,0,0,0,0,125,0,125,2421,0,15,15,0,2436,0,0,0,0,0,0,0,0,0,0,0,0,0,0,0,0,0,0,0,0,0,6,0,0,6,0,8,2007,0,0,0,0,0,0,0,0,0,0,0,0,0,0,2015,23,4833
36,Bihar,Saharsa,66,0,0,0,66,21,0,0,0,0,0,21,0,0,0,0,0,0,0,0,0,169,169,0,169,0,0,0,169,24,0,0,24,0,0,0,0,0,0,0,797,0,7,7,0,804,0,1,0,0,0,0,0,1,0,0,0,0,0,0,0,0,0,0,0,0,0,21,0,0,21,0,0,351,0,0,0,0,0,0,0,0,0,0,0,0,0,0,351,0,1457
37,Bihar,Samastipur,64,2,0,0,66,48,1,0,0,2,0,51,0,0,0,0,0,0,0,0,0,145,145,0,145,0,1,0,146,0,2,0,2,0,19,0,0,8,0,27,1365,0,6,6,0,1371,0,0,0,0,0,0,0,0,0,0,0,0,0,0,0,0,0,0,0,0,0,6,0,0,6,0,0,346,0,0,0,0,0,0,0,0,0,0,0,0,0,0,346,37,2052
38,Bihar,Saran,202,2,0,0,204,41,0,0,0,3,0,44,0,0,0,0,0,0,0,0,0,111,111,0,111,0,0,4,115,0,0,0,0,0,0,0,0,43,0,43,3733,0,19,19,0,3752,0,0,0,0,0,0,0,0,0,0,0,0,0,0,0,0,0,0,0,0,0,9,0,0,9,0,49,484,0,0,0,0,0,0,0,0,0,0,0,0,0,0,533,0,4700
39,Bihar,Sheikhpura,32,0,0,0,32,8,0,0,0,0,0,8,0,0,0,0,0,0,0,0,0,26,26,0,26,0,0,0,26,0,0,0,0,0,0,0,0,6,0,6,416,0,2,2,0,418,0,0,0,0,0,0,0,0,0,0,0,0,0,0,0,0,0,0,0,0,0,0,0,0,0,0,0,462,0,0,0,0,0,0,0,0,0,0,0,0,0,0,462,1,953
40,Bihar,Sheohar,32,0,0,0,32,7,0,0,0,0,0,7,0,0,0,0,0,0,0,0,0,17,17,0,17,0,0,0,17,0,0,0,0,0,0,0,0,0,0,0,612,0,11,11,0,623,0,0,0,0,0,0,0,0,0,0,0,0,0,0,0,0,0,0,0,0,0,8,0,0,8,0,3,116,0,0,0,0,0,0,0,0,0,0,0,0,0,0,119,8,814
41,Bihar,Sitamarhi,166,2,0,0,168,67,0,1,0,0,0,68,0,0,0,0,0,0,0,0,0,96,96,0,96,0,0,0,96,0,0,0,0,0,0,0,0,0,0,0,3007,0,81,81,0,3088,0,0,0,0,0,0,0,0,0,0,0,0,0,0,0,0,0,0,0,0,0,19,0,0,19,0,13,491,0,0,0,0,0,0,0,0,0,0,0,0,0,0,504,29,3972
42,Bihar,Siwan,51,1,0,0,52,25,0,0,0,0,0,25,0,0,0,0,0,0,0,0,0,107,107,0,107,0,0,0,107,7,16,0,23,0,0,0,0,0,0,0,1984,0,12,12,0,1996,0,0,0,0,0,0,0,0,0,0,0,0,0,0,0,0,0,0,0,0,0,2,0,0,2,0,1,263,0,0,0,0,0,0,0,0,0,0,0,0,0,0,264,1,2470
43,Bihar,Supaul,80,0,0,0,80,24,0,2,0,2,0,28,0,0,0,0,0,0,0,0,0,78,78,0,78,0,0,0,78,0,0,0,0,0,0,0,0,0,0,0,1530,0,30,9,21,1560,0,0,0,0,0,0,0,0,0,0,0,0,0,0,0,0,0,0,0,0,0,32,0,0,32,0,2,479,0,0,0,0,0,0,0,32,0,0,0,0,0,0,513,10,2301
44,Bihar,Vaishali,91,2,0,0,93,56,0,0,0,2,0,58,0,0,0,0,0,0,0,0,0,143,143,0,143,0,0,5,148,0,0,0,0,0,0,0,0,7,0,7,2150,0,48,48,0,2198,0,0,0,0,0,0,0,0,0,0,0,0,0,0,0,0,0,0,0,0,0,19,0,0,19,0,6,356,0,0,0,0,0,0,0,0,0,0,0,0,0,0,362,6,2891
45,Bihar,Economic Offences Unit,0,0,0,0,0,0,0,0,0,0,0,0,0,0,0,0,0,0,0,0,0,0,0,0,0,0,0,0,0,0,0,0,0,0,0,0,0,0,0,0,0,0,0,0,0,0,0,0,0,0,0,0,0,0,0,0,0,0,0,0,0,0,0,0,0,0,0,0,0,0,0,0,0,0,0,0,0,0,0,0,0,0,0,0,0,0,0,0,0,2,2
46,Bihar,Anti Terrorist Squad,0,0,0,0,0,0,0,0,0,0,0,0,0,0,0,0,0,0,0,0,0,0,0,0,0,0,0,0,0,0,0,0,0,0,0,0,0,0,0,0,0,0,0,0,0,0,0,0,0,0,0,0,0,0,0,0,0,0,0,0,0,0,0,0,0,0,0,0,0,0,0,0,0,0,0,0,0,0,0,0,0,0,0,0,0,0,0,0,0,0,0
Total Districts,Total Districts,Total Districts,3580,74,0,10,3664,2137,1,13,0,98,0,2249,0,0,0,0,0,6,28,0,34,3549,3549,0,3549,0,29,69,3647,53,20,15,88,24,19,4,0,1523,1,1571,92138,0,1823,1642,181,93961,28,50,0,0,0,0,0,78,3,0,0,0,3,0,0,0,0,0,0,0,0,617,0,0,617,0,280,29416,0,1,1,1,0,0,0,33,0,0,0,0,0,0,29731,1113,136756
1,Chhattisgarh,Balod,0,0,0,0,0,71,0,0,0,0,0,71,0,0,0,0,0,0,0,0,0,13,0,0,0,13,0,0,13,2,0,0,2,0,0,0,0,0,0,0,0,1054,18,0,18,1072,0,0,0,0,0,0,0,0,0,0,0,0,0,0,0,0,0,0,0,0,0,0,0,0,0,0,573,0,0,0,0,0,0,0,0,0,0,0,0,0,0,0,573,13,1744
2,Chhattisgarh,Balodbazar,0,0,0,0,0,135,1,0,0,0,0,136,0,0,0,0,0,0,0,0,0,4,1,0,1,3,0,2,6,12,1,0,13,0,0,0,0,0,0,0,0,1829,12,6,6,1841,0,1,0,0,0,0,0,1,0,0,0,0,0,0,0,0,0,0,0,0,0,0,0,0,0,0,413,0,0,0,0,0,0,0,0,0,0,0,0,0,0,0,413,6,2416
3,Chhattisgarh,Balrampur,0,0,0,0,0,129,0,0,0,0,0,129,0,0,0,0,0,0,0,0,0,4,0,0,0,4,3,0,7,0,0,0,0,0,0,0,0,0,0,0,0,240,19,19,0,259,0,0,0,0,3,0,0,3,0,0,0,0,0,0,0,0,11,0,0,0,11,8,0,0,8,0,42,0,0,0,0,0,0,0,0,0,0,0,0,0,0,25,67,2,486
4,Chhattisgarh,Bemetra,0,0,0,0,0,44,0,0,0,0,0,44,0,0,0,0,0,0,1,0,1,2,0,0,0,2,1,0,3,10,1,0,11,0,0,0,0,0,1,1,0,706,7,0,7,713,0,0,0,0,0,0,0,0,0,0,0,0,0,0,0,0,0,0,0,0,0,0,0,0,0,0,588,0,0,0,0,0,0,0,0,0,0,0,0,0,0,6,594,0,1367
5,Chhattisgarh,Bilaspur,1,1,0,0,2,134,0,0,0,0,0,134,0,2,0,0,2,0,0,0,0,163,163,0,163,0,13,5,181,23,5,0,28,0,0,0,0,0,0,0,0,2234,87,0,87,2321,0,1,0,0,0,0,0,1,0,0,0,0,0,0,0,0,0,0,0,0,0,0,0,0,0,0,392,0,0,0,0,0,0,0,0,0,0,0,0,0,0,0,392,0,3061
6,Chhattisgarh,Bizapur,1,0,0,0,1,13,0,0,0,0,0,13,0,0,0,0,0,0,2,0,2,0,0,0,0,0,0,20,20,2,0,0,2,0,0,0,0,0,0,0,0,22,0,0,0,22,0,1,0,0,0,0,0,1,0,0,0,0,0,0,0,0,0,0,0,0,0,1,0,0,1,0,6,0,0,0,0,0,0,0,0,0,0,0,0,0,0,3,9,0,71
7,Chhattisgarh,Dantewara,0,0,0,0,0,21,0,0,0,0,0,21,0,4,0,0,4,0,0,0,0,0,0,0,0,0,1,1,2,2,0,0,2,0,0,0,0,0,0,0,0,30,4,0,4,34,0,0,0,0,0,0,0,0,0,0,0,0,0,1,0,1,0,0,0,0,0,0,0,0,0,0,50,0,0,0,0,0,0,0,0,0,0,0,0,0,0,0,50,1,115
8,Chhattisgarh,Dhamtari,0,0,0,0,0,46,0,0,0,0,0,46,0,0,0,0,0,0,0,0,0,40,0,0,0,40,2,0,42,5,0,0,5,0,0,0,0,0,0,0,0,598,21,0,21,619,0,1,0,0,0,0,0,1,0,0,0,0,0,0,0,0,0,0,0,0,0,3,0,0,3,0,382,0,0,0,0,0,0,0,0,0,0,0,0,0,0,0,382,6,1104
9,Chhattisgarh,Durg,0,0,0,0,0,138,0,0,0,0,0,138,1,0,0,0,1,0,0,0,0,148,3,0,3,145,0,0,148,31,0,0,31,0,11,0,0,0,0,11,0,1998,46,0,46,2044,0,0,0,0,1,1,0,2,0,0,0,0,0,0,0,0,0,0,0,0,0,0,0,0,0,0,1230,0,0,0,0,0,0,0,0,0,0,0,0,0,0,0,1230,10,3615
10,Chhattisgarh,Gariyaband,0,0,0,0,0,44,0,0,0,0,0,44,0,0,0,0,0,0,0,0,0,11,2,0,2,9,0,0,11,3,0,0,3,0,0,0,0,0,0,0,0,516,22,0,22,538,0,3,0,0,0,0,0,3,0,0,0,0,0,0,0,0,0,0,0,0,0,0,0,0,0,0,211,0,0,0,0,0,0,0,0,0,0,0,0,0,0,1,212,1,812
11,Chhattisgarh,GRP Raipur,0,0,0,0,0,2,0,0,0,0,0,2,0,0,0,0,0,0,0,0,0,7,0,0,0,7,0,0,7,0,0,0,0,0,0,0,0,0,0,0,0,26,50,0,50,76,0,0,0,0,0,0,0,0,0,0,0,0,0,0,0,0,0,0,0,0,0,0,0,0,0,0,14,0,0,0,0,0,0,0,0,0,0,0,0,0,0,0,14,1,100
12,Chhattisgarh,Jagdalpur,0,0,0,0,0,74,0,0,0,0,0,74,0,0,0,0,0,0,0,0,0,29,0,0,0,29,0,1,30,12,0,0,12,0,0,0,0,0,0,0,0,184,79,0,79,263,0,0,0,0,0,0,0,0,0,0,0,0,0,1,0,1,0,0,0,0,0,1,0,0,1,0,203,1,0,0,0,0,0,0,1,0,0,0,0,0,0,0,205,9,595
13,Chhattisgarh,Janjgir,1,0,0,0,1,113,0,0,0,0,0,113,0,0,0,0,0,0,0,0,0,9,0,0,0,9,28,0,37,17,1,0,18,0,0,0,0,0,0,0,0,1244,19,0,19,1263,0,0,0,0,0,0,0,0,0,0,0,0,0,0,0,0,0,0,0,0,0,0,0,0,0,0,325,3,0,0,0,0,0,0,0,0,0,0,0,0,0,14,342,0,1774
14,Chhattisgarh,Jashpur,0,0,0,0,0,119,0,0,0,0,0,119,0,0,0,0,0,0,0,0,0,8,0,0,0,8,1,0,9,2,0,0,2,0,0,0,0,0,0,0,0,574,38,5,33,612,0,1,0,0,0,0,0,1,0,0,0,0,0,0,0,0,0,0,0,0,0,1,0,0,1,0,29,1,0,0,0,0,0,0,0,0,0,0,0,0,0,0,30,44,818
15,Chhattisgarh,Kabirdham,0,0,0,0,0,41,0,0,0,0,0,41,0,0,0,0,0,0,0,0,0,5,1,1,0,4,5,0,10,4,0,0,4,0,0,0,0,0,0,0,0,901,31,0,31,932,0,0,0,0,0,0,0,0,0,0,0,0,0,0,0,0,0,0,0,0,0,0,0,0,0,0,513,1,0,0,0,0,0,0,0,0,0,0,0,0,0,4,518,0,1505
16,Chhattisgarh,Kanker,0,0,0,0,0,68,0,0,0,0,0,68,0,0,0,0,0,0,0,0,0,8,0,0,0,8,0,2,10,4,0,0,4,0,0,0,0,0,0,0,0,184,7,0,7,191,0,1,0,0,0,0,0,1,0,0,0,0,0,0,0,0,0,0,0,0,0,0,0,0,0,0,186,0,0,0,0,0,0,0,0,0,0,0,0,0,0,0,186,7,467
17,Chhattisgarh,Kondagaon,0,0,0,0,0,64,0,0,0,0,0,64,0,0,0,0,0,0,0,0,0,0,0,0,0,0,0,2,2,7,0,0,7,0,0,0,0,0,0,0,0,64,16,0,16,80,0,1,0,0,0,0,0,1,0,0,0,0,0,0,0,0,0,0,0,0,0,0,0,0,0,0,50,0,0,0,0,0,0,0,0,0,0,0,0,0,0,0,50,5,209
18,Chhattisgarh,Korba,1,1,0,0,2,77,0,0,0,0,0,77,0,0,0,0,0,0,0,0,0,15,0,0,0,15,6,0,21,11,0,0,11,0,0,0,0,0,0,0,0,2740,42,0,42,2782,0,0,0,0,0,0,0,0,0,0,0,0,0,0,0,0,0,0,0,0,0,2,0,0,2,0,437,0,0,0,0,0,0,0,0,0,0,0,0,0,0,0,437,12,3344
19,Chhattisgarh,Koriya,0,0,0,0,0,27,0,0,0,0,0,27,0,0,0,0,0,0,0,0,0,6,1,1,0,5,0,0,6,2,0,0,2,0,0,0,0,0,0,0,0,444,34,0,34,478,0,0,0,0,0,0,0,0,0,0,0,0,0,0,0,0,0,0,0,0,0,0,0,0,0,0,89,0,0,0,0,0,0,0,0,0,0,0,0,0,0,0,89,1,603
20,Chhattisgarh,Mahasamund,0,1,0,0,1,104,0,0,0,0,0,104,0,0,0,0,0,1,0,0,1,37,0,0,0,37,0,0,37,2,0,0,2,0,0,0,0,0,0,0,0,1637,96,0,96,1733,0,1,0,0,0,0,0,1,0,0,0,0,0,0,0,0,0,0,0,0,0,2,0,0,2,0,222,0,0,0,0,0,0,0,0,0,0,0,0,0,1,0,223,5,2109
21,Chhattisgarh,Mungali,0,0,0,0,0,65,0,0,0,0,0,65,1,0,0,0,1,0,0,0,0,1,0,0,0,1,4,0,5,0,0,0,0,0,0,0,0,0,0,0,0,1079,19,0,19,1098,0,0,0,0,0,0,0,0,0,0,0,0,0,0,0,0,0,0,0,0,0,0,0,0,0,0,641,0,0,0,0,0,0,0,0,0,0,0,0,0,0,0,641,6,1816
22,Chhattisgarh,Narayanpur,0,0,0,0,0,21,0,0,0,0,0,21,0,0,0,0,0,0,0,0,0,0,0,0,0,0,0,4,4,1,0,0,1,0,0,0,0,0,0,0,0,56,0,0,0,56,0,0,0,0,0,0,0,0,0,0,0,0,0,0,0,0,0,0,0,0,0,0,0,0,0,0,26,0,0,0,0,0,0,0,0,0,0,0,0,0,0,0,26,0,108
23,Chhattisgarh,Raigarh,0,0,0,0,0,84,0,0,0,0,0,84,0,0,0,0,0,0,0,0,0,23,23,0,23,0,4,1,28,2,0,0,2,0,0,0,0,0,0,0,0,2387,17,0,17,2404,0,0,0,0,0,0,0,0,0,0,0,0,0,0,0,0,0,0,0,0,0,1,0,0,1,0,590,1,0,0,0,0,0,0,0,0,0,0,0,0,0,0,591,14,3124
24,Chhattisgarh,Raipur,3,2,0,0,5,211,0,0,0,0,0,211,0,0,0,0,0,4,0,0,4,796,20,0,20,776,0,0,796,103,0,1,104,0,0,0,0,0,0,0,0,3499,186,0,186,3685,0,0,0,0,13,58,0,71,0,0,0,0,0,0,0,0,0,0,0,0,0,2,0,0,2,0,934,6,0,0,0,0,0,0,1,4,0,0,0,0,0,49,994,36,5908
25,Chhattisgarh,Rajnandgaon,0,0,0,0,0,22,0,0,0,0,0,22,0,0,0,0,0,0,0,0,0,69,0,0,0,69,0,3,72,0,0,0,0,0,0,0,0,0,0,0,0,2148,27,0,27,2175,0,0,0,0,0,0,0,0,0,0,0,0,0,0,0,0,0,0,0,0,0,1,0,0,1,0,481,0,0,0,0,0,0,0,0,0,0,0,0,0,0,34,515,0,2785
26,Chhattisgarh,Sarguja,0,0,0,0,0,101,0,0,0,0,0,101,0,0,0,0,0,0,0,0,0,6,6,0,6,0,0,0,6,17,0,0,17,0,0,0,0,0,0,0,0,303,49,0,49,352,0,0,0,0,0,0,0,0,0,0,0,0,0,0,0,0,0,0,0,0,0,0,0,0,0,0,87,0,0,0,0,0,0,0,0,0,0,0,0,0,0,0,87,20,583
27,Chhattisgarh,Sukma,0,0,0,0,0,9,0,0,0,0,0,9,0,0,0,0,0,0,0,0,0,0,0,0,0,0,0,9,9,2,0,0,2,0,0,0,0,0,0,0,0,50,36,1,35,86,0,0,0,0,0,0,0,0,0,0,0,0,0,0,0,0,0,0,0,0,0,1,0,0,1,0,25,0,0,0,0,0,0,0,0,0,0,0,0,0,0,0,25,1,133
28,Chhattisgarh,Surajpur,1,0,0,0,1,81,0,0,0,0,0,81,0,0,0,0,0,0,0,0,0,6,1,0,1,5,1,0,7,8,1,0,9,0,0,0,0,0,0,0,0,479,63,0,63,542,0,0,0,0,0,0,0,0,0,0,0,0,0,0,0,0,0,0,0,0,0,1,0,0,1,0,254,1,0,0,0,0,0,0,0,0,0,0,0,0,0,0,255,12,908
29,Chhattisgarh,Gaurela-Pendra-Marwari,0,0,0,0,0,48,0,0,0,0,0,48,0,0,0,0,0,0,0,0,0,2,0,0,0,2,0,0,2,8,2,0,10,0,0,0,0,0,0,0,0,177,21,2,19,198,0,0,0,0,0,0,0,0,0,0,0,0,0,0,0,0,0,0,0,0,0,0,0,0,0,0,78,1,0,0,0,0,0,0,0,0,0,0,0,0,0,0,79,0,337
30,Chhattisgarh,Khairagarh - Chhuikhadan-Gandai,0,0,0,0,0,22,0,0,0,0,0,22,0,0,0,0,0,0,0,0,0,5,0,0,0,5,3,1,9,6,0,0,6,0,0,0,0,0,0,0,0,744,8,0,8,752,0,0,0,0,0,0,0,0,0,0,0,0,0,0,0,0,0,0,0,0,0,0,0,0,0,0,281,0,0,0,0,0,0,0,0,0,0,0,0,0,0,0,281,9,1079
31,Chhattisgarh,Manendragarh-Chirmiri-Bharatpur,0,0,0,0,0,107,0,0,0,0,0,107,0,0,0,0,0,0,0,0,0,12,0,0,0,12,0,0,12,7,0,0,7,0,0,0,0,0,0,0,0,630,38,0,38,668,0,0,0,0,0,0,0,0,0,0,0,0,0,0,0,0,0,0,0,0,0,0,0,0,0,0,247,0,0,0,0,0,0,0,0,0,0,0,0,0,0,0,247,22,1063
32,Chhattisgarh,Mohla-Manpur-Ambagarh Chouki,1,0,0,0,1,13,0,0,0,0,0,13,0,0,0,0,0,1,0,0,1,3,0,0,0,3,0,0,3,8,0,0,8,0,0,0,0,0,0,0,0,341,6,4,2,347,0,0,0,0,0,0,0,0,0,0,0,0,0,0,0,0,0,0,0,0,0,1,0,0,1,0,98,0,0,0,0,0,0,0,0,0,0,0,0,0,0,0,98,11,483
33,Chhattisgarh,Sakti,0,0,0,0,0,69,0,0,0,0,0,69,0,0,0,0,0,0,0,0,0,7,1,0,1,6,10,0,17,11,0,0,11,0,0,0,0,0,0,0,0,704,4,0,4,708,0,0,0,0,0,0,0,0,0,0,0,0,0,0,0,0,0,0,0,0,0,0,0,0,0,0,196,0,0,0,0,0,0,0,0,0,0,0,0,0,0,2,198,0,1003
34,Chhattisgarh,Sarangarh-Bilaigarh,0,0,0,0,0,49,0,0,0,0,0,49,0,0,0,0,0,0,0,0,0,11,0,0,0,11,1,2,14,0,1,0,1,0,0,0,0,0,0,0,0,1262,33,33,0,1295,0,0,0,0,0,0,0,0,0,0,0,0,0,0,0,0,0,0,0,0,0,1,0,0,1,0,232,1,0,0,0,0,0,0,0,0,0,0,0,0,0,1,234,4,1598
Total Districts,Total Districts,Total Districts,9,5,0,0,14,2366,1,0,0,0,0,2367,2,6,0,0,8,6,3,0,9,1450,222,2,220,1228,83,53,1586,324,12,1,337,0,11,0,0,0,1,12,0,31084,1155,70,1085,32239,0,11,0,0,17,59,0,87,0,0,0,0,0,2,0,2,11,0,0,0,11,26,0,0,26,0,10125,16,0,0,0,0,0,0,2,4,0,0,0,0,1,139,10287,258,47243
1,Goa,North Goa,0,0,0,0,0,0,0,0,0,0,0,0,4,0,0,0,4,8,0,0,8,1,1,0,1,0,0,0,1,1,3,1,5,0,0,0,0,0,0,0,0,0,75,48,27,75,0,0,4,0,1,0,0,5,32,0,0,0,32,0,0,0,0,0,0,0,0,0,0,0,0,0,259,0,0,0,0,0,0,0,1,6,0,0,0,0,0,20,286,3,419
2,Goa,South Goa,0,0,0,0,0,0,0,0,0,0,0,0,0,0,0,0,0,2,0,0,2,0,0,0,0,0,0,0,0,0,2,0,2,0,0,0,0,0,0,0,0,0,24,10,14,24,0,0,0,0,2,0,0,2,2,1,0,0,3,0,0,0,3,0,0,0,3,0,0,0,0,0,323,0,0,8,0,0,0,0,1,1,0,0,0,0,0,15,348,6,390
3,Goa,CID,0,0,0,0,0,4,0,0,0,0,0,4,0,0,0,0,0,0,1,0,1,1,1,0,1,0,0,0,1,18,0,0,18,0,0,0,0,0,0,0,0,0,54,4,50,54,0,0,0,0,0,0,0,0,1,0,0,0,1,0,0,0,0,0,0,0,0,0,0,0,0,0,80,0,0,0,0,0,0,0,0,0,0,0,0,0,0,0,80,0,159
Total Districts,Total Districts,Total Districts,0,0,0,0,0,4,0,0,0,0,0,4,4,0,0,0,4,10,1,0,11,2,2,0,2,0,0,0,2,19,5,1,25,0,0,0,0,0,0,0,0,0,153,62,91,153,0,0,4,0,3,0,0,7,35,1,0,0,36,0,0,0,3,0,0,0,3,0,0,0,0,0,662,0,0,8,0,0,0,0,2,7,0,0,0,0,0,35,714,9,968
1,Gujarat,Ahmedabad City,0,13,0,0,13,352,12,0,0,5,0,369,4,1,0,0,5,3,0,0,3,64,64,1,63,0,0,0,64,78,52,0,130,1,0,0,0,0,0,1,16261,0,60,60,0,16321,0,0,0,0,1,0,0,1,0,1,0,0,1,0,0,0,0,0,0,0,0,7,0,0,7,0,1378,0,0,0,0,0,0,0,0,0,0,0,0,908,0,3695,5981,8077,30973
2,Gujarat,Ahmedabad Rural,1,0,0,0,1,71,1,0,0,0,0,72,17,0,0,0,17,0,0,0,0,15,0,0,0,15,0,0,15,8,4,0,12,0,0,0,0,0,0,0,4979,0,13,13,0,4992,0,0,0,0,0,0,0,0,0,0,0,0,0,0,0,0,0,0,0,0,0,3,0,0,3,0,568,0,0,0,0,0,0,0,0,0,0,0,0,86,0,20,674,50,5836
3,Gujarat,Amreli,0,0,0,0,0,78,0,1,0,2,0,81,1,0,0,0,1,1,0,0,1,16,16,2,14,0,0,0,16,7,1,0,8,0,0,0,0,108,0,108,10358,0,10,1,9,10368,0,0,0,0,0,0,0,0,0,0,0,0,0,0,0,0,0,0,0,0,0,2,0,0,2,0,511,0,0,0,0,0,0,0,0,0,0,0,0,515,0,62,1088,1,11674
4,Gujarat,Anand,0,1,0,0,1,95,0,0,0,2,0,97,0,0,0,0,0,0,0,0,0,3,3,0,3,0,0,0,3,7,4,0,11,0,0,0,0,1,0,1,6598,0,10,0,10,6608,0,0,0,0,0,0,0,0,0,0,0,0,0,0,0,0,0,0,0,0,0,2,0,0,2,0,699,0,0,0,0,0,0,0,0,0,0,0,0,265,0,40,1004,35,7762
5,Gujarat,Arvalli,0,1,0,0,1,29,0,0,0,0,0,29,2,2,0,0,4,0,0,0,0,7,7,1,6,0,1,1,9,3,0,0,3,0,0,0,0,1,0,1,4148,0,7,0,7,4155,0,0,0,0,0,0,0,0,0,0,0,0,0,0,0,0,0,0,0,0,0,0,0,0,0,0,26,0,0,0,0,0,0,0,0,0,0,0,0,103,0,8,137,14,4353
6,Gujarat,Banaskantha,0,2,0,0,2,80,0,0,0,0,0,80,1,0,0,0,1,1,0,0,1,22,22,0,22,0,1,0,23,10,2,2,14,0,0,0,0,2,0,2,11352,0,13,0,13,11365,0,0,0,0,0,0,0,0,0,0,0,0,0,0,0,0,0,0,0,0,0,1,0,0,1,0,363,0,0,0,0,0,0,0,0,0,0,0,0,785,0,69,1217,923,13629
7,Gujarat,Bharuch,0,6,0,0,6,102,1,0,0,2,0,105,0,0,0,0,0,1,0,0,1,6,6,0,6,0,0,0,6,1,2,0,3,0,0,0,0,2,0,2,15896,0,16,5,11,15912,0,0,1,0,4,0,0,5,0,0,0,0,0,0,0,0,0,0,0,0,0,3,0,0,3,0,403,42,0,0,1,0,0,1,0,0,0,0,0,704,0,105,1255,409,17707
8,Gujarat,Bhavnagar,0,1,0,0,1,69,0,2,0,3,0,74,15,0,0,0,15,2,0,0,2,43,43,3,40,0,0,0,43,5,4,0,9,0,0,0,0,1,0,1,12872,0,10,2,8,12882,0,0,0,0,2,0,0,2,0,0,0,0,0,0,0,0,0,0,0,0,0,1,0,0,1,0,751,0,0,1,0,0,0,0,0,0,0,0,0,510,0,1130,2392,2,15424
9,Gujarat,Botad,0,0,0,0,0,39,0,1,0,0,0,40,2,0,0,0,2,1,0,0,1,20,20,5,15,0,0,0,20,4,1,0,5,0,0,0,0,0,0,0,3323,0,4,4,0,3327,0,0,0,0,0,0,0,0,0,0,0,0,0,0,0,0,0,0,0,0,0,0,0,0,0,0,379,0,0,0,0,0,0,0,0,0,0,0,0,207,0,398,984,22,4401
10,Gujarat,Chhotaudepur,0,0,0,0,0,54,1,0,0,0,0,55,0,0,0,0,0,0,0,0,0,16,16,0,16,0,0,0,16,1,0,0,1,0,0,0,0,0,0,0,6175,0,7,1,6,6182,0,0,0,0,0,0,0,0,0,0,0,0,0,0,0,0,0,0,0,0,0,3,0,0,3,0,147,0,0,0,0,0,0,0,0,0,0,0,0,1134,0,0,1281,55,7593
11,Gujarat,CID Crime,0,0,0,0,0,0,0,0,0,0,0,0,0,0,0,0,0,0,0,0,0,0,0,0,0,0,0,0,0,0,1,0,1,0,0,0,0,0,0,0,0,0,0,0,0,0,0,0,0,0,0,0,0,0,0,0,0,0,0,0,0,0,0,0,0,0,0,0,0,0,0,0,0,0,0,0,0,0,0,0,0,0,0,0,0,0,0,0,0,0,1
12,Gujarat,Dahod,0,0,0,0,0,104,0,0,0,2,0,106,0,0,0,0,0,1,0,0,1,16,16,0,16,0,0,0,16,1,2,0,3,0,0,0,0,0,0,0,5238,0,9,0,9,5247,0,0,0,0,0,0,0,0,0,0,0,0,0,0,0,0,0,0,0,0,0,5,0,0,5,0,85,0,0,0,0,0,0,0,0,0,0,0,0,281,0,92,458,11,5847
13,Gujarat,Dang,0,0,0,0,0,6,0,0,0,0,0,6,0,0,0,0,0,0,0,0,0,2,2,0,2,0,0,0,2,0,0,0,0,0,0,0,0,0,0,0,865,0,1,1,0,866,0,0,0,0,0,0,0,0,0,0,0,0,0,0,0,0,0,0,0,0,0,0,0,0,0,0,29,0,0,0,1,0,1,0,0,0,0,0,0,25,0,1,56,1,931
14,Gujarat,Devbhumi Dwarka,0,0,0,0,0,17,0,0,0,0,0,17,0,0,0,0,0,2,0,0,2,12,12,4,8,0,0,0,12,2,0,0,2,0,0,0,0,0,0,0,5136,0,6,1,5,5142,0,0,0,0,1,0,0,1,0,0,0,0,0,0,0,0,0,0,0,0,0,1,0,0,1,0,393,2,0,0,0,0,0,0,0,0,0,0,0,275,0,205,875,0,6052
15,Gujarat,Gandhinagar,0,0,0,0,0,72,2,0,0,1,0,75,0,0,0,0,0,2,0,0,2,14,14,1,13,0,0,0,14,7,3,0,10,0,0,0,0,0,0,0,5778,0,6,2,4,5784,0,0,0,0,3,0,0,3,0,0,0,0,0,1,0,1,0,0,0,0,0,2,0,0,2,0,360,0,0,0,0,0,0,0,0,0,0,0,0,66,0,49,475,8,6374
16,Gujarat,Gir Somnath,0,3,0,0,3,27,3,0,0,1,0,31,5,0,0,0,5,0,0,0,0,9,9,0,9,0,0,0,9,1,0,0,1,0,0,0,0,2,0,2,5770,0,7,0,7,5777,0,0,0,0,0,0,0,0,0,0,0,0,0,0,0,0,0,0,0,0,0,1,0,0,1,0,402,0,0,0,0,0,0,0,0,0,0,0,0,614,0,219,1235,0,7064
17,Gujarat,Jamnagar,0,0,0,0,0,40,1,0,0,1,0,42,0,0,0,0,0,0,0,0,0,18,18,0,18,0,4,0,22,7,0,0,7,0,0,0,0,0,0,0,8466,0,10,10,0,8476,0,0,0,0,0,0,0,0,0,0,0,0,0,0,0,0,0,0,0,0,0,0,0,0,0,0,803,0,0,0,0,0,0,0,0,0,0,0,0,277,0,522,1602,0,10149
18,Gujarat,Junagadh,0,2,0,0,2,42,0,0,0,0,0,42,1,0,0,0,1,0,0,0,0,22,22,0,22,0,0,0,22,1,1,0,2,0,0,0,0,0,0,0,6934,0,11,1,10,6945,0,0,0,0,0,0,0,0,0,0,0,0,0,0,0,0,0,0,0,0,0,5,0,0,5,0,613,0,0,0,0,0,0,0,0,0,0,0,0,214,0,86,913,158,8090
19,Gujarat,Kachchh East(G),0,0,0,0,0,23,6,0,0,0,0,29,1,0,0,0,1,3,0,0,3,28,28,0,28,0,0,0,28,2,0,0,2,0,0,0,0,1,0,1,3673,0,12,0,12,3685,0,0,0,0,0,0,0,0,0,0,0,0,0,0,0,0,0,0,0,0,0,2,0,0,2,0,244,0,0,0,19,19,0,0,0,0,0,0,0,198,0,138,599,55,4405
20,Gujarat,Kachchh West(B),0,1,0,0,1,39,1,0,0,3,0,43,0,0,0,0,0,0,0,0,0,16,16,1,15,0,0,0,16,9,1,0,10,0,0,0,0,3,0,3,6118,0,15,0,15,6133,0,0,0,0,0,0,0,0,7,0,0,0,7,0,0,0,0,0,0,0,0,0,0,0,0,0,309,0,0,0,0,0,0,0,0,0,0,0,0,667,0,376,1352,44,7609
21,Gujarat,Kheda,0,0,0,0,0,66,0,0,0,0,0,66,2,2,0,0,4,1,0,0,1,16,16,0,16,0,0,1,17,7,3,0,10,0,0,0,0,0,0,0,5052,0,7,7,0,5059,0,0,0,0,0,0,0,0,0,0,0,0,0,0,0,0,0,0,0,0,0,0,0,0,0,0,535,0,0,0,0,0,0,0,0,0,0,0,0,7,0,102,644,0,5801
22,Gujarat,Mahisagar,0,0,0,0,0,44,0,0,0,0,0,44,0,0,0,0,0,1,0,0,1,1,1,1,0,0,1,0,2,1,1,0,2,0,0,0,0,0,0,0,3693,0,2,2,0,3695,0,0,0,0,2,0,0,2,0,0,0,0,0,0,0,0,0,0,0,0,0,0,0,0,0,0,101,0,0,0,0,0,0,0,0,0,0,0,0,76,0,20,197,3,3946
23,Gujarat,Mehsana,0,1,0,0,1,80,0,0,0,0,0,80,0,0,0,0,0,0,0,0,0,9,9,0,9,0,1,0,10,3,3,0,6,0,0,0,0,0,0,0,9985,0,10,6,4,9995,0,0,0,0,0,0,0,0,0,0,0,0,0,0,0,0,0,0,0,0,0,9,0,0,9,0,770,0,0,0,0,0,0,0,0,0,0,0,0,316,0,164,1250,28,11379
24,Gujarat,Morbi,0,0,0,0,0,41,1,0,0,1,0,43,6,0,0,0,6,0,0,0,0,39,39,0,39,0,0,0,39,7,0,0,7,0,0,0,0,0,0,0,5881,0,11,3,8,5892,0,0,0,0,0,0,0,0,0,0,0,0,0,0,0,0,0,0,0,0,0,0,0,0,0,0,433,0,0,0,0,0,0,0,0,0,0,0,0,463,0,627,1523,0,7510
25,Gujarat,Narmada,0,0,0,0,0,36,0,0,0,0,0,36,0,0,0,0,0,3,0,0,3,7,7,0,7,0,1,0,8,2,0,0,2,0,0,0,0,0,0,0,3622,0,14,3,11,3636,0,0,0,0,0,0,0,0,0,0,0,0,0,0,0,0,0,0,0,0,0,2,0,0,2,0,245,1,0,0,0,0,0,0,0,0,0,0,0,526,0,35,807,19,4513
26,Gujarat,Navsari,0,0,0,0,0,21,0,0,0,0,0,21,0,1,0,0,1,0,0,0,0,3,3,0,3,0,0,0,3,4,3,0,7,0,0,0,0,0,0,0,10654,0,5,0,5,10659,0,0,0,0,1,0,0,1,0,0,0,0,0,0,0,0,0,0,0,0,0,0,0,0,0,0,195,0,0,0,0,0,0,0,0,0,0,0,0,635,0,1279,2109,35,12836
27,Gujarat,Panchmahal,0,1,1,0,2,91,0,3,0,0,0,94,0,0,0,0,0,0,0,0,0,2,2,0,2,0,0,0,2,4,3,0,7,0,0,0,0,0,0,0,5965,0,13,0,13,5978,0,0,0,0,0,0,0,0,0,0,0,0,0,0,0,0,0,0,0,0,0,0,0,0,0,0,274,0,0,0,0,0,0,0,0,0,0,0,0,167,0,106,547,15,6645
28,Gujarat,Patan,0,5,0,0,5,56,0,1,0,0,0,57,0,0,0,0,0,0,0,0,0,28,28,0,28,0,0,0,28,8,1,0,9,0,0,0,0,0,0,0,6560,0,6,1,5,6566,0,0,0,0,0,0,0,0,0,0,0,0,0,0,0,0,0,0,0,0,0,1,0,0,1,0,452,0,0,0,0,0,0,0,0,0,0,0,0,529,0,325,1306,570,8542
29,Gujarat,Porbandar,0,0,0,0,0,19,0,0,0,1,0,20,0,0,0,0,0,0,0,0,0,3,3,1,2,0,0,0,3,5,0,0,5,0,0,0,0,0,0,0,3671,0,5,5,0,3676,0,0,0,0,0,0,0,0,2,0,0,0,2,0,0,0,0,0,0,0,0,0,0,0,0,0,137,0,0,0,0,0,0,0,0,0,0,0,0,284,0,49,470,29,4205
30,Gujarat,Rajkot City,0,9,0,0,9,82,4,0,1,0,0,87,3,0,0,0,3,1,0,0,1,18,18,0,18,0,0,1,19,15,5,0,20,0,0,0,0,0,1,1,4482,0,26,18,8,4508,0,0,2,0,9,0,0,11,0,0,0,0,0,0,0,0,0,0,0,0,0,1,0,0,1,0,627,0,0,0,0,0,0,0,0,0,0,0,0,301,0,1437,2365,40,7065
31,Gujarat,Rajkot Rural,0,2,0,0,2,57,2,1,0,1,0,61,1,0,0,0,1,0,0,0,0,17,17,1,16,0,4,0,21,2,2,0,4,0,0,0,0,0,0,0,7783,0,20,20,0,7803,0,0,0,0,0,0,0,0,0,0,0,0,0,0,0,0,0,0,0,0,0,3,0,0,3,0,980,0,0,0,0,0,0,0,0,0,0,0,0,376,0,126,1482,0,9377
32,Gujarat,Sabarkantha,0,0,0,0,0,59,8,0,0,0,0,67,4,0,0,0,4,5,0,0,5,16,16,0,16,0,4,0,20,11,3,0,14,0,0,0,0,0,0,0,8156,0,9,9,0,8165,0,0,0,0,0,0,0,0,0,0,0,0,0,0,0,0,0,0,0,0,0,0,0,0,0,0,111,0,0,0,0,0,0,0,0,0,0,0,0,391,0,280,782,1695,10752
33,Gujarat,Surat City,0,68,0,0,68,215,17,0,0,11,0,243,0,0,0,0,0,4,0,0,4,57,57,0,57,0,6,0,63,151,25,0,176,0,0,0,0,0,0,0,30366,0,34,34,0,30400,0,0,0,0,12,0,0,12,0,0,0,0,0,0,0,0,0,0,0,0,0,1,0,0,1,0,1200,1,0,2,0,0,0,0,1,0,0,0,0,1191,0,11956,14351,110,45428
34,Gujarat,Surat Rural,0,3,0,0,3,68,0,0,0,0,0,68,0,0,0,0,0,1,0,0,1,10,10,0,10,0,0,4,14,5,7,0,12,0,0,0,0,0,0,0,10709,0,15,2,13,10724,0,0,0,0,0,0,0,0,0,0,0,0,0,0,0,0,0,0,0,0,0,5,0,0,5,0,241,0,0,0,9,3,6,0,0,0,0,0,0,303,0,58,611,27,11465
35,Gujarat,Surendranagar,0,0,0,0,0,57,0,0,0,5,0,62,0,0,0,0,0,0,0,0,0,52,52,0,52,0,6,0,58,4,5,0,9,0,0,0,0,1,0,1,4055,0,20,0,20,4075,0,0,0,0,0,0,0,0,0,0,0,0,0,0,0,0,0,0,0,0,0,1,0,0,1,0,544,0,0,0,0,0,0,0,0,0,0,0,0,296,0,131,971,11,5188
36,Gujarat,Tapi,0,0,0,0,0,7,1,0,0,0,0,8,0,0,0,0,0,2,0,0,2,1,0,0,0,1,0,1,2,0,1,0,1,0,0,0,0,0,0,0,4981,0,2,0,2,4983,0,0,0,0,0,0,0,0,0,0,0,0,0,0,0,0,0,0,0,0,0,2,0,0,2,0,139,0,0,0,0,0,0,0,0,0,0,0,0,1597,0,23,1759,6,6763
37,Gujarat,Vadodara City,0,3,0,0,3,68,0,0,0,0,0,68,0,0,0,0,0,0,0,0,0,3,3,0,3,0,0,4,7,8,9,0,17,0,0,0,0,0,0,0,10271,0,21,0,21,10292,0,0,0,0,3,0,0,3,1,0,1,0,2,0,0,0,0,0,0,0,0,0,0,0,0,0,500,0,0,0,6,4,2,0,0,0,0,0,0,294,0,388,1188,160,11740
38,Gujarat,Vadodara Rural,0,0,0,0,0,48,0,0,0,1,0,49,0,0,0,0,0,0,0,0,0,3,3,0,3,0,1,0,4,1,2,0,3,0,0,0,0,0,0,0,11292,0,12,0,12,11304,0,0,0,0,0,1,0,1,0,0,0,0,0,0,0,0,0,0,0,0,0,0,0,0,0,0,619,15,0,0,0,0,0,0,0,0,0,0,0,897,0,124,1655,838,13854
39,Gujarat,Valsad,0,0,0,0,0,37,19,0,0,0,0,56,0,2,0,0,2,0,0,0,0,10,10,0,10,0,5,0,15,8,3,0,11,0,0,0,0,0,0,0,19578,0,8,0,8,19586,0,0,0,0,3,0,0,3,0,0,0,0,0,0,0,0,0,0,0,0,0,0,0,0,0,0,196,0,0,0,0,0,0,0,0,0,0,0,0,1904,0,137,2237,0,21910
40,Gujarat,W.Rly Ahmedabad,0,0,0,0,0,2,0,0,0,0,0,2,0,0,0,0,0,0,0,0,0,0,0,0,0,0,0,0,0,0,0,0,0,0,0,0,0,0,0,0,1005,0,12,0,12,1017,0,0,0,0,0,0,0,0,1,0,0,0,1,2,0,2,0,0,0,0,0,0,0,0,0,0,17,0,0,0,0,0,0,0,0,0,0,0,0,3,0,126,146,2,1170
41,Gujarat,W.Rly Vadodara,0,0,0,0,0,4,0,0,0,0,0,4,0,0,0,0,0,0,0,0,0,1,1,0,1,0,0,0,1,1,0,0,1,0,0,0,0,0,0,0,3100,0,29,0,29,3129,0,0,0,0,0,0,0,0,0,0,0,0,0,1,0,1,0,0,0,0,0,0,0,0,0,0,15,0,0,0,0,0,0,0,0,0,0,0,0,0,0,351,366,0,3502
42,Gujarat,Cyber Ahmedabad Range,0,0,0,0,0,2,0,0,0,0,0,2,0,0,0,0,0,0,0,0,0,0,0,0,0,0,0,0,0,8,0,0,8,0,0,0,0,0,0,0,0,0,0,0,0,0,0,0,0,0,0,0,0,0,0,0,0,0,0,0,0,0,0,0,0,0,0,0,0,0,0,0,0,0,0,0,0,0,0,0,0,0,0,0,0,0,0,0,0,0,10
43,Gujarat,Cyber Bhavnagar Range,0,0,0,0,0,0,0,0,0,0,0,0,0,0,0,0,0,0,0,0,0,0,0,0,0,0,0,0,0,6,0,0,6,0,0,0,0,0,0,0,0,0,0,0,0,0,0,0,0,0,0,0,0,0,0,0,0,0,0,0,0,0,0,0,0,0,0,0,0,0,0,0,0,0,0,0,0,0,0,0,0,0,0,0,0,0,0,0,0,0,6
44,Gujarat,Cyber Border Range,0,0,0,0,0,0,0,0,0,0,0,0,0,0,0,0,0,0,0,0,0,0,0,0,0,0,0,0,0,0,0,0,0,0,0,0,0,0,0,0,0,0,0,0,0,0,0,0,0,0,0,0,0,0,0,0,0,0,0,0,0,0,0,0,0,0,0,0,0,0,0,0,0,0,0,0,0,0,0,0,0,0,0,0,0,0,0,0,0,0,0
45,Gujarat,Cyber Gandhinagar Range,0,0,0,0,0,0,0,0,0,0,0,0,0,0,0,0,0,0,0,0,0,0,0,0,0,0,0,0,0,4,0,0,4,0,0,0,0,0,0,0,0,0,0,0,0,0,0,0,0,0,0,0,0,0,0,0,0,0,0,0,0,0,0,0,0,0,0,0,0,0,0,0,0,0,0,0,0,0,0,0,0,0,0,0,0,0,0,0,0,0,4
46,Gujarat,Cyber Junagadh Range,0,0,0,0,0,0,0,0,0,0,0,0,0,0,0,0,0,0,0,0,0,0,0,0,0,0,0,0,0,9,0,0,9,0,0,0,0,0,0,0,0,0,0,0,0,0,0,0,0,0,0,0,0,0,0,0,0,0,0,0,0,0,0,0,0,0,0,0,0,0,0,0,0,0,0,0,0,0,0,0,0,0,0,0,0,0,0,0,0,0,9
47,Gujarat,Cyber Panchmahal Range,0,0,0,0,0,0,0,0,0,0,0,0,0,0,0,0,0,0,0,0,0,0,0,0,0,0,0,0,0,0,0,0,0,0,0,0,0,0,0,0,0,0,0,0,0,0,0,0,0,0,0,0,0,0,0,0,0,0,0,0,0,0,0,0,0,0,0,0,0,0,0,0,0,0,0,0,0,0,0,0,0,0,0,0,0,0,0,0,0,0,0
48,Gujarat,Cyber Rajkot Range,0,0,0,0,0,0,0,0,0,0,0,0,0,0,0,0,0,0,0,0,0,0,0,0,0,0,0,0,0,1,0,0,1,0,0,0,0,0,0,0,0,0,0,0,0,0,0,0,0,0,0,0,0,0,0,0,0,0,0,0,0,0,0,0,0,0,0,0,0,0,0,0,0,0,0,0,0,0,0,0,0,0,0,0,0,0,0,0,0,0,1
49,Gujarat,Cyber Surat Range,0,0,0,0,0,0,0,0,0,0,0,0,0,0,0,0,0,0,0,0,0,0,0,0,0,0,0,0,0,5,0,0,5,0,0,0,0,0,0,0,0,0,0,0,0,0,0,0,0,0,0,0,0,0,0,0,0,0,0,0,0,0,0,0,0,0,0,0,0,0,0,0,0,0,0,0,0,0,0,0,0,0,0,0,0,0,0,0,0,0,5
50,Gujarat,Cyber Vadodara Range,0,0,0,0,0,0,0,0,0,0,0,0,0,0,0,0,0,0,0,0,0,0,0,0,0,0,0,0,0,3,0,0,3,0,0,0,0,0,0,0,0,0,0,0,0,0,0,0,0,0,0,0,0,0,0,0,0,0,0,0,0,0,0,0,0,0,0,0,0,0,0,0,0,0,0,0,0,0,0,0,0,0,0,0,0,0,0,0,0,0,3
Total Districts,Total Districts,Total Districts,1,122,1,0,124,2499,80,9,1,42,0,2631,65,8,0,0,73,35,0,0,35,645,629,21,608,16,35,12,692,437,154,2,593,1,0,0,0,122,1,124,310801,0,508,211,297,311309,0,0,3,0,41,1,0,45,11,1,1,0,13,4,0,4,0,0,0,0,0,63,0,0,63,0,16794,61,0,3,36,26,9,1,1,0,0,0,0,18390,0,25059,60344,13453,389503
1,Haryana,Ambala,0,2,0,0,2,117,4,1,2,0,0,124,2,0,0,0,2,5,2,0,7,84,60,1,59,24,1,1,86,25,4,0,29,0,0,0,0,100,1,101,0,854,143,22,121,997,1,0,0,0,0,0,0,1,0,3,0,0,3,0,0,0,0,0,0,0,0,4,0,0,4,0,720,53,0,0,0,0,0,0,0,0,1,0,0,0,0,0,774,95,2225
2,Haryana,Bhiwani,0,1,0,0,1,86,6,0,0,0,1,93,1,0,0,0,1,5,0,0,5,76,76,0,76,0,5,0,81,9,2,0,11,0,0,0,0,5,2,7,0,390,100,45,55,490,0,1,0,0,0,0,0,1,0,0,0,0,0,0,0,0,0,0,0,0,0,3,0,0,3,0,151,9,0,0,0,0,0,0,0,0,0,0,0,0,0,0,160,27,880
3,Haryana,Faridabad,1,5,0,0,6,200,15,0,2,0,4,221,2,0,0,0,2,5,0,0,5,634,634,0,634,0,42,0,676,7,5,1,13,0,0,0,0,4,0,4,0,1272,362,256,106,1634,2,0,1,0,4,0,0,7,1,0,0,0,1,0,0,0,0,0,0,0,0,23,0,0,23,0,1902,4,0,0,0,0,0,0,0,0,0,0,0,0,0,0,1906,82,4580
4,Haryana,Fatehabad,0,1,0,0,1,70,1,0,2,1,0,74,6,0,0,0,6,5,0,0,5,71,71,0,71,0,1,0,72,2,0,0,2,0,1,0,0,0,1,2,0,369,246,25,221,615,0,1,0,0,0,0,0,1,0,0,0,0,0,0,0,0,0,0,0,0,0,10,0,0,10,0,156,51,0,0,0,0,0,0,0,0,0,0,0,0,0,0,207,20,1015
5,Haryana,GRP,0,0,0,0,0,3,0,0,0,0,0,3,0,0,0,0,0,0,0,0,0,17,5,0,5,12,0,0,17,0,0,0,0,0,0,0,0,0,0,0,0,212,53,0,53,265,0,0,0,0,0,0,0,0,0,0,0,0,0,14,0,14,0,0,0,0,0,0,0,0,0,0,7,0,0,0,0,0,0,0,1,0,0,0,0,0,0,0,8,0,307
6,Haryana,Gurugram,3,4,0,0,7,166,5,3,4,0,5,183,5,0,0,0,5,32,2,0,34,357,355,0,355,2,7,2,366,168,12,0,180,0,0,0,0,23,4,27,0,1474,169,122,47,1643,0,1,0,0,14,0,0,15,12,4,0,0,16,0,0,0,1,0,0,0,1,16,0,0,16,0,383,16,0,0,0,0,0,0,1,0,0,0,0,0,0,109,509,58,3060
7,Haryana,Hissar,0,9,0,0,9,135,9,1,0,1,0,146,31,0,0,0,31,12,1,0,13,108,106,0,106,2,0,3,111,7,8,1,16,0,3,0,0,2,4,9,0,483,190,41,149,673,1,0,0,0,0,1,0,2,0,0,0,0,0,0,0,0,0,0,0,0,0,18,0,0,18,0,420,6,0,1,0,0,0,0,0,0,0,0,0,1,0,32,460,88,1576
8,Haryana,Jhajjar,0,3,0,0,3,70,3,0,3,0,3,79,5,0,0,0,5,8,0,0,8,150,150,0,150,0,0,0,150,26,2,0,28,0,0,0,0,8,3,11,0,342,144,132,12,486,0,0,0,0,0,0,0,0,0,0,0,0,0,0,0,0,0,0,0,0,0,12,0,0,12,0,119,14,0,3,0,0,0,0,1,0,0,0,0,0,0,0,137,53,972
9,Haryana,Jind,0,5,0,0,5,90,4,1,0,1,0,96,7,0,0,0,7,7,0,0,7,120,120,0,120,0,7,0,127,8,5,0,13,0,0,0,0,0,0,0,0,501,83,17,66,584,0,3,0,0,0,0,0,3,0,0,1,0,1,0,0,0,0,0,0,0,0,6,0,0,6,0,120,74,0,0,0,0,0,0,0,0,0,0,0,0,0,0,194,38,1081
10,Haryana,Kaithal,0,1,0,0,1,55,0,0,0,0,1,56,3,0,0,0,3,1,1,0,2,57,57,0,57,0,1,0,58,7,17,0,24,0,0,0,0,0,2,2,0,855,134,134,0,989,0,0,0,0,0,0,0,0,0,0,0,0,0,0,0,0,0,0,0,0,0,5,0,0,5,0,128,203,0,2,0,0,0,0,0,0,0,0,0,0,0,0,333,24,1497
11,Haryana,Karnal,2,3,1,0,6,146,4,5,2,0,0,157,3,0,0,0,3,8,2,0,10,132,97,2,95,35,0,2,134,25,10,0,35,0,0,0,0,18,1,19,0,1168,280,261,19,1448,0,1,0,0,0,0,0,1,0,0,0,0,0,0,0,0,0,0,0,0,0,5,0,0,5,0,253,680,0,0,0,0,0,0,1,0,0,0,0,0,0,0,934,87,2839
12,Haryana,Kurukshetra,2,3,0,0,5,96,2,6,6,0,0,110,13,0,0,0,13,5,1,0,6,43,43,0,43,0,1,0,44,17,4,0,21,0,0,0,0,20,2,22,0,890,232,223,9,1122,0,0,0,0,0,0,0,0,0,1,0,0,1,0,0,0,0,0,0,0,0,2,0,0,2,0,278,339,0,0,0,0,0,0,0,0,0,0,0,0,0,0,617,49,2012
13,Haryana,Mahendergarh,0,5,0,0,5,44,0,0,4,0,0,48,1,0,0,0,1,4,0,0,4,77,77,1,76,0,0,23,100,16,4,0,20,0,0,0,0,0,2,2,0,399,46,46,0,445,0,0,0,0,0,0,0,0,0,0,0,0,0,0,0,0,0,0,0,0,0,9,0,0,9,0,53,36,0,1,0,0,0,0,0,0,0,0,0,0,0,0,90,28,752
14,Haryana,Nuh,0,0,0,0,0,83,0,2,0,1,2,88,0,0,0,0,0,2,0,0,2,79,79,0,79,0,0,2,81,4,0,0,4,0,0,0,0,0,1,1,0,178,44,34,10,222,0,0,0,0,0,0,0,0,0,0,0,0,0,0,0,0,5,0,0,0,5,23,0,0,23,0,211,29,0,0,0,0,0,0,0,0,0,0,0,0,0,0,240,312,978
15,Haryana,Palwal,2,2,0,0,4,110,4,0,0,0,1,115,2,0,0,0,2,9,0,0,9,204,204,0,204,0,4,0,208,32,5,0,37,0,0,0,0,3,1,4,0,553,58,41,17,611,0,0,0,0,0,0,0,0,0,0,0,0,0,0,0,0,0,0,0,0,0,16,0,0,16,0,285,0,0,0,2,0,0,2,0,0,0,0,0,0,0,0,287,144,1437
16,Haryana,Panchkula,0,2,0,0,2,51,4,0,0,0,0,55,0,0,0,0,0,3,0,0,3,8,8,0,8,0,0,0,8,1,3,1,5,0,0,0,0,27,2,29,0,138,126,126,0,264,1,0,0,0,2,0,0,3,0,0,0,0,0,0,0,0,0,0,0,0,0,3,0,0,3,0,433,0,0,0,20,20,0,0,0,0,0,0,0,0,0,0,453,32,857
17,Haryana,Panipat,2,0,0,0,2,131,3,6,1,0,3,144,4,0,0,0,4,5,0,0,5,106,106,0,106,0,1,0,107,4,6,2,12,0,0,0,0,9,2,11,0,371,123,102,21,494,0,0,0,1,0,0,0,1,0,0,0,0,0,0,0,0,0,0,0,0,0,5,0,0,5,0,142,49,0,0,1,0,0,1,0,0,0,0,1,1,0,0,194,177,1156
18,Haryana,Rewari,0,5,0,0,5,82,0,0,2,0,2,86,0,0,0,0,0,8,0,0,8,71,71,0,71,0,5,0,76,1,2,0,3,0,0,0,0,35,3,38,0,247,86,85,1,333,0,0,0,0,0,1,0,1,0,0,0,0,0,0,0,0,0,0,0,0,0,14,0,0,14,0,133,27,0,0,2,2,0,0,0,0,0,0,0,0,0,0,162,101,827
19,Haryana,Rohtak,1,1,0,0,2,90,5,4,0,0,0,99,1,0,0,0,1,3,0,0,3,184,184,0,184,0,11,0,195,28,6,0,34,0,0,0,0,2,4,6,0,739,175,150,25,914,0,1,0,1,2,0,0,4,0,2,0,0,2,0,0,0,0,0,0,0,0,5,0,0,5,0,193,30,0,7,1,0,0,1,0,0,0,0,0,0,0,0,231,55,1551
20,Haryana,Sirsa,0,1,0,0,1,86,2,2,3,0,0,93,2,0,0,0,2,9,1,0,10,50,50,0,50,0,2,0,52,2,4,0,6,0,0,0,0,0,2,2,0,358,624,0,624,982,0,0,0,0,0,0,0,0,0,0,0,0,0,0,0,0,0,0,0,0,0,4,0,0,4,0,279,60,0,2,0,0,0,0,1,0,0,0,0,0,0,0,342,34,1528
21,Haryana,Sonipat,0,0,0,0,0,96,0,2,0,0,5,103,3,0,0,0,3,1,1,0,2,275,260,0,260,15,4,0,279,7,8,2,17,0,1,0,0,0,1,2,0,684,124,124,0,808,0,1,0,7,0,0,0,8,0,0,1,0,1,0,0,0,0,0,0,0,0,2,0,0,2,0,202,86,0,0,0,0,0,0,0,0,0,0,0,0,0,0,288,174,1687
22,Haryana,Yamunanagar,0,3,0,0,3,118,2,2,4,0,0,126,4,0,0,0,4,6,0,0,6,69,69,0,69,0,0,0,69,26,4,0,30,0,0,0,0,137,3,140,0,531,171,171,0,702,0,1,0,0,0,0,0,1,0,0,0,0,0,0,0,0,0,0,0,0,0,18,0,0,18,0,243,76,0,0,0,0,0,0,0,0,0,0,0,0,0,0,319,59,1477
23,Haryana,Irrigation & Power,0,0,0,0,0,0,0,0,0,0,0,0,0,0,0,0,0,0,0,0,0,0,0,0,0,0,0,0,0,0,0,0,0,0,0,0,0,0,0,0,0,0,0,0,0,0,0,0,0,0,0,0,0,0,0,0,0,0,0,0,0,0,0,0,0,0,0,0,0,0,0,0,0,82087,0,0,0,0,0,0,0,0,0,0,0,0,0,0,82087,0,82087
24,Haryana,Charkhi Dadri,0,2,0,0,2,39,2,1,1,0,0,43,0,0,0,0,0,1,0,0,1,47,47,0,47,0,6,1,54,3,0,0,3,0,0,0,0,0,1,1,0,179,57,35,22,236,0,0,0,0,0,0,0,0,0,0,0,0,0,0,0,0,0,0,0,0,0,4,0,0,4,0,94,4,0,8,0,0,0,0,0,0,0,0,0,0,0,8,114,6,464
25,Haryana,Hansi,4,0,0,0,4,45,2,1,1,0,1,50,3,0,0,0,3,0,0,0,0,40,40,0,40,0,1,0,41,4,7,0,11,0,1,0,0,0,1,2,0,262,45,11,34,307,0,0,0,0,0,0,0,0,0,0,0,0,0,0,0,0,0,0,0,0,0,0,0,0,0,0,59,30,0,0,0,0,0,0,0,0,0,0,0,0,0,0,89,62,569
Total Districts,Total Districts,Total Districts,17,58,1,0,76,2209,77,37,37,4,28,2392,98,0,0,0,98,144,11,0,155,3059,2969,4,2965,90,99,34,3192,429,118,7,554,0,6,0,0,393,43,442,0,13449,3815,2203,1612,17264,5,10,1,9,22,2,0,49,13,10,2,0,25,14,0,14,6,0,0,0,6,207,0,0,207,0,6964,83963,0,24,26,22,0,4,5,0,1,0,1,2,0,149,91135,1805,117414
1,Himachal Pradesh,Baddi,0,1,0,0,1,0,0,0,0,0,0,0,4,1,0,0,5,1,0,0,1,1,1,0,1,0,0,0,1,3,6,0,9,0,0,0,0,8,0,8,0,160,54,10,44,214,2,0,0,0,0,0,0,2,0,0,0,0,0,0,0,0,0,0,0,0,0,2,0,0,2,0,131,0,0,0,0,0,0,0,0,0,0,0,0,0,0,0,131,1,375
2,Himachal Pradesh,Bilaspur,0,0,0,0,0,0,0,0,0,0,0,0,14,0,0,0,14,4,0,0,4,6,6,6,0,0,0,0,6,2,1,0,3,0,0,0,0,0,0,0,0,120,192,105,87,312,3,2,0,0,0,0,0,5,0,0,0,0,0,0,0,0,0,0,0,0,0,1,0,0,1,0,3,0,0,0,0,0,0,0,0,0,0,0,0,0,0,0,3,22,370
3,Himachal Pradesh,Chamba,0,0,0,0,0,0,1,0,0,0,0,1,1,1,0,0,2,4,0,0,4,1,1,0,1,0,0,0,1,1,0,0,1,0,0,0,0,1,0,1,0,360,89,0,89,449,9,0,0,0,0,0,0,9,0,0,0,0,0,0,0,0,0,0,0,0,0,2,0,0,2,0,23,0,0,0,0,0,0,0,0,0,0,0,0,0,0,0,23,0,493
4,Himachal Pradesh,CID,0,0,0,0,0,0,0,0,0,0,0,0,0,0,0,0,0,0,0,0,0,0,0,0,0,0,0,0,0,0,0,0,0,0,0,0,0,0,0,0,0,0,0,0,0,0,0,0,0,0,0,0,0,0,0,0,0,0,0,0,0,0,0,0,0,0,0,0,0,0,0,0,0,0,0,0,0,0,0,0,0,0,0,0,0,0,0,0,0,0,0
5,Himachal Pradesh,GRP,0,0,0,0,0,0,0,0,0,0,0,0,0,0,0,0,0,0,0,0,0,0,0,0,0,0,0,0,0,0,0,0,0,0,0,0,0,0,0,0,0,0,0,0,0,0,0,0,0,0,0,0,0,0,0,0,0,0,0,1,0,1,0,0,0,0,0,0,0,0,0,0,0,0,0,0,0,0,0,0,0,0,0,0,0,0,0,0,0,0,1
6,Himachal Pradesh,Hamirpur,0,0,0,0,0,1,0,0,0,0,0,1,35,0,0,0,35,8,0,0,8,3,3,3,0,0,0,0,3,3,0,0,3,0,0,0,0,2,0,2,0,102,79,34,45,181,3,1,0,0,0,0,0,4,1,0,0,0,1,0,0,0,0,0,0,0,0,0,0,0,0,0,4,0,0,0,0,0,0,0,0,0,0,0,0,0,0,0,4,5,247
7,Himachal Pradesh,Kangra,0,1,0,0,1,3,2,0,0,0,0,5,30,0,0,0,30,15,0,0,15,6,0,0,0,6,0,2,8,6,2,0,8,0,0,0,0,9,0,9,0,616,170,51,119,786,13,1,0,0,0,1,0,15,0,0,0,0,0,0,0,0,0,0,0,0,0,3,0,0,3,0,9,0,0,0,0,0,0,0,0,0,0,0,0,0,0,0,9,5,894
8,Himachal Pradesh,Kinnaur,0,0,1,0,1,0,0,1,0,0,0,1,2,0,1,0,3,1,0,0,1,0,0,0,0,0,1,0,1,2,1,0,3,0,0,0,0,2,0,2,0,131,34,25,9,165,0,0,0,0,0,0,0,0,0,0,0,0,0,0,0,0,0,0,0,0,0,1,0,0,1,0,37,0,0,0,0,0,0,0,0,0,0,0,0,0,0,0,37,0,215
9,Himachal Pradesh,Kullu,0,0,0,0,0,2,4,0,0,0,0,6,12,1,0,0,13,8,0,0,8,1,1,0,1,0,1,0,2,2,0,0,2,0,0,0,0,1,2,3,0,378,186,0,186,564,6,0,0,0,0,1,0,7,0,0,0,0,0,0,0,0,0,0,0,0,0,1,0,0,1,0,31,0,0,0,0,0,0,0,0,0,0,0,0,0,0,0,31,1,638
10,Himachal Pradesh,Lahaul & Spiti,0,0,0,0,0,0,0,0,0,0,0,0,0,1,0,0,1,1,0,0,1,0,0,0,0,0,0,0,0,0,0,0,0,0,0,0,0,0,0,0,0,73,6,6,0,79,0,0,0,0,0,1,0,1,1,0,0,0,1,0,0,0,0,0,0,0,0,0,0,0,0,0,11,0,0,0,0,0,0,0,0,0,0,0,0,0,0,0,11,3,97
11,Himachal Pradesh,Mandi,0,0,0,0,0,2,2,0,0,0,0,4,45,0,0,0,45,8,0,0,8,3,0,0,0,3,0,0,3,7,0,0,7,0,0,0,0,0,0,0,0,415,212,0,212,627,15,1,0,0,0,0,0,16,1,0,0,0,1,0,0,0,0,0,0,0,0,0,0,0,0,0,10,0,0,0,0,0,0,0,0,0,0,0,0,0,0,0,10,4,725
12,Himachal Pradesh,Shimla,0,1,0,0,1,0,0,0,0,0,0,0,18,0,0,0,18,6,0,0,6,5,5,5,0,0,0,0,5,17,0,0,17,0,0,0,0,0,0,0,0,331,239,96,143,570,23,0,0,0,0,0,0,23,0,0,0,0,0,0,0,0,1,0,0,0,1,0,0,0,0,0,33,0,0,0,0,0,0,0,0,5,0,0,0,0,0,0,38,4,683
13,Himachal Pradesh,Sirmaur,0,0,0,0,0,0,1,2,0,0,0,3,8,0,0,0,8,4,0,0,4,2,0,0,0,2,0,0,2,1,1,0,2,0,0,0,0,6,0,6,0,173,81,0,81,254,14,1,0,0,0,0,0,15,0,0,0,0,0,0,0,0,0,0,0,0,0,1,0,0,1,0,75,0,0,0,0,0,0,0,0,0,0,0,0,0,0,0,75,2,372
14,Himachal Pradesh,Solan,0,1,1,0,2,1,3,1,0,0,0,5,6,0,0,0,6,5,0,0,5,1,1,0,1,0,0,0,1,3,0,1,4,0,0,0,0,0,0,0,0,103,90,88,2,193,3,1,0,0,0,0,0,4,0,0,0,0,0,0,0,0,0,0,0,0,0,2,0,0,2,0,14,0,0,0,0,0,0,0,0,0,0,0,0,0,0,0,14,3,239
15,Himachal Pradesh,Una,1,1,0,0,2,0,1,0,0,0,0,1,16,0,0,0,16,4,0,0,4,0,0,0,0,0,1,0,1,2,1,1,4,0,0,0,0,10,0,10,0,157,84,0,84,241,9,2,0,0,0,0,0,11,0,0,0,0,0,0,0,0,0,0,0,0,0,0,0,0,0,0,169,0,0,0,0,0,0,0,0,0,0,0,0,0,0,0,169,7,466
16,Himachal Pradesh,Cyber,0,0,0,0,0,0,0,0,0,0,0,0,0,0,0,0,0,0,0,0,0,0,0,0,0,0,0,0,0,7,0,0,7,0,0,0,0,0,0,0,0,0,0,0,0,0,0,0,0,0,0,0,0,0,0,0,0,0,0,0,0,0,0,0,0,0,0,0,0,0,0,0,0,0,0,0,0,0,0,0,0,0,0,0,0,0,0,0,0,0,7
Total Districts,Total Districts,Total Districts,1,5,2,0,8,9,14,4,0,0,0,27,191,4,1,0,196,69,0,0,69,29,18,14,4,11,3,2,34,56,12,2,70,0,0,0,0,39,2,41,0,3119,1516,415,1101,4635,100,9,0,0,0,3,0,112,3,0,0,0,3,1,0,1,1,0,0,0,1,13,0,0,13,0,550,0,0,0,0,0,0,0,0,5,0,0,0,0,0,0,555,57,5822
1,Jharkhand,Bokaro,106,0,0,0,106,45,0,0,0,0,0,45,41,0,0,0,41,0,0,0,0,33,33,0,33,0,0,2,35,20,0,0,20,0,0,0,0,0,0,0,0,16,2,2,0,18,0,0,0,0,0,0,0,0,0,0,0,0,0,0,0,0,0,0,0,0,0,2,0,0,2,0,2,250,0,0,0,0,0,0,0,0,0,0,0,0,0,0,252,13,532
2,Jharkhand,Chaibasa,14,0,0,0,14,35,0,0,0,0,0,35,6,5,0,0,11,0,0,0,0,11,11,0,11,0,0,2,13,16,0,0,16,12,0,0,0,44,0,56,0,10,19,19,0,29,5,0,0,0,0,0,0,5,0,0,0,0,0,0,0,0,0,0,0,0,0,2,0,0,2,0,1,243,0,0,0,0,0,0,0,0,0,0,0,0,0,8,252,0,433
3,Jharkhand,Chatra,44,0,0,0,44,18,0,0,0,0,0,18,25,0,0,0,25,0,0,0,0,20,20,0,20,0,0,1,21,15,0,0,15,0,0,0,0,0,0,0,0,72,82,82,0,154,0,0,0,0,0,0,0,0,0,0,0,0,0,0,0,0,0,0,0,0,0,3,0,0,3,0,0,146,0,0,0,0,0,0,0,0,0,0,0,0,0,0,146,130,556
4,Jharkhand,Deoghar,165,0,0,0,165,4,0,0,0,0,0,4,61,7,0,0,68,0,0,0,0,28,28,0,28,0,4,0,32,97,0,0,97,0,0,0,0,154,0,154,0,75,13,13,0,88,4,0,0,0,1,0,0,5,0,0,0,0,0,0,0,0,0,0,0,0,0,4,0,1,5,0,19,278,0,0,0,0,0,0,0,0,0,0,0,0,0,0,297,214,1129
5,Jharkhand,Dhanbad,167,2,0,0,169,134,0,0,0,0,0,134,0,5,0,0,5,0,0,0,0,88,88,0,88,0,0,10,98,47,5,0,52,0,0,0,0,386,0,386,0,19,8,8,0,27,0,0,0,0,0,0,0,0,0,0,0,0,0,0,0,0,0,0,0,0,0,16,0,0,16,0,18,661,0,0,0,0,0,0,0,0,0,0,0,0,0,0,679,375,1941
6,Jharkhand,Dhanbad Railway,0,0,0,0,0,0,0,0,0,0,0,0,0,0,0,0,0,0,0,0,0,1,1,0,1,0,0,0,1,0,1,0,1,0,0,0,0,0,0,0,0,5,2,0,2,7,0,0,0,0,0,0,0,0,0,0,0,0,0,0,0,0,0,0,0,0,0,0,0,0,0,0,0,0,0,0,0,0,0,0,0,0,0,0,0,0,0,0,0,1,10
7,Jharkhand,Dumka,35,0,0,0,35,42,0,0,0,0,0,42,14,20,0,0,34,3,0,0,3,14,14,0,14,0,1,0,15,24,0,0,24,2,0,0,0,73,0,75,0,8,5,5,0,13,0,0,0,0,0,0,0,0,0,0,0,0,0,0,0,0,0,0,0,0,0,1,0,0,1,0,0,166,0,0,0,0,0,0,0,0,0,0,0,0,0,0,166,25,433
8,Jharkhand,Garhwa,62,0,0,0,62,75,2,2,0,3,0,82,0,0,0,0,0,0,0,0,0,19,19,0,19,0,0,1,20,18,2,0,20,0,0,0,0,135,0,135,0,26,0,0,0,26,4,0,0,0,1,0,0,5,0,0,0,0,0,0,0,0,0,0,0,0,0,25,0,0,25,0,5,227,0,26,0,0,0,0,0,0,0,0,0,0,0,0,258,219,852
9,Jharkhand,Giridih,115,0,0,0,115,10,0,0,0,0,0,10,5,6,0,0,11,0,0,0,0,30,0,0,0,30,0,5,35,57,2,0,59,0,0,0,0,126,0,126,0,62,0,0,0,62,4,0,0,0,0,0,0,4,0,0,0,0,0,0,0,0,0,0,0,0,0,3,0,0,3,0,10,284,0,0,0,0,0,0,0,0,0,0,0,0,0,0,294,129,848
10,Jharkhand,Godda,127,0,0,0,127,24,0,0,0,0,0,24,0,0,0,0,0,0,0,0,0,18,18,0,18,0,0,1,19,24,0,0,24,0,0,0,0,45,0,45,0,18,11,11,0,29,0,0,0,0,0,0,0,0,0,0,0,0,0,0,0,0,0,0,0,0,0,0,0,0,0,0,0,121,0,0,0,0,0,0,0,0,0,0,0,0,0,0,121,0,389
11,Jharkhand,Gumla,29,0,0,0,29,52,0,0,0,0,0,52,0,9,0,0,9,0,0,0,0,28,28,0,28,0,0,0,28,3,0,0,3,0,0,0,0,89,0,89,0,22,30,8,22,52,2,0,1,0,0,0,0,3,0,0,0,0,0,0,0,0,0,0,0,0,0,0,0,0,0,0,22,87,0,0,0,0,0,0,0,0,0,0,0,0,0,0,109,12,386
12,Jharkhand,Hazaribagh,122,3,0,0,125,62,0,0,0,0,0,62,0,1,0,0,1,2,1,0,3,19,19,0,19,0,0,4,23,5,2,1,8,7,0,0,0,81,0,88,0,30,33,21,12,63,10,0,0,0,0,0,0,10,0,0,0,0,0,0,0,0,0,0,0,0,0,5,0,0,5,0,5,305,0,0,0,0,0,0,0,0,0,0,0,0,0,0,310,140,838
13,Jharkhand,Jamshedpur,130,3,0,0,133,25,0,0,0,0,0,25,0,0,0,0,0,0,0,0,0,48,48,0,48,0,3,0,51,115,0,0,115,0,0,0,0,0,0,0,0,23,69,0,69,92,3,0,0,0,0,0,0,3,0,0,0,0,0,0,0,0,0,0,0,0,0,3,0,0,3,0,15,446,0,0,0,0,0,0,0,0,0,0,0,0,0,0,461,0,883
14,Jharkhand,Jamshedpur Railway,0,0,0,0,0,2,0,0,0,0,0,2,0,0,0,0,0,0,0,0,0,1,1,0,1,0,0,0,1,1,0,0,1,1,0,0,0,0,0,1,0,1,13,2,11,14,0,0,0,0,0,0,0,0,0,0,0,0,0,0,0,0,0,0,0,0,0,0,0,0,0,0,0,0,0,0,0,0,0,0,0,0,0,0,0,0,0,0,0,0,19
15,Jharkhand,Jamtara,37,0,0,8,45,28,0,0,0,0,0,28,8,3,0,0,11,0,0,0,0,5,5,0,5,0,2,0,7,9,1,0,10,0,0,2,0,55,0,57,0,2,1,1,0,3,1,0,0,0,0,0,0,1,0,0,0,0,0,0,0,0,0,0,0,0,0,0,0,0,0,0,11,111,0,0,0,0,0,0,0,0,0,0,0,0,0,0,122,10,294
16,Jharkhand,Khunti,10,0,0,0,10,28,0,0,0,0,0,28,0,0,0,0,0,0,0,0,0,11,11,0,11,0,0,2,13,10,0,0,10,0,0,0,0,66,0,66,0,16,52,0,52,68,0,0,0,0,0,0,0,0,0,0,0,0,0,0,0,0,0,0,0,0,0,0,0,0,0,0,3,48,0,0,0,0,0,0,0,0,0,0,0,0,0,0,51,15,261
17,Jharkhand,Koderma,13,1,12,0,26,31,0,1,0,0,0,32,25,0,0,0,25,0,0,0,0,13,13,0,13,0,0,3,16,26,3,0,29,0,0,4,0,79,0,83,0,24,4,4,0,28,8,0,0,0,0,0,0,8,0,0,0,0,0,0,0,0,0,0,0,0,0,3,0,0,3,0,18,145,0,0,0,0,0,0,0,0,0,0,0,0,0,0,163,15,428
18,Jharkhand,Latehar,26,0,0,0,26,26,0,1,0,1,0,28,0,0,0,0,0,7,52,0,59,5,5,0,5,0,0,0,5,32,1,0,33,0,0,0,0,103,0,103,0,4,10,10,0,14,3,0,0,0,0,0,0,3,0,0,0,0,0,0,0,0,0,0,0,0,0,0,0,0,0,0,0,119,0,0,0,0,0,0,0,0,0,0,0,0,0,0,119,47,437
19,Jharkhand,Lohardagga,41,0,0,0,41,13,0,0,0,0,0,13,0,0,0,0,0,0,17,0,17,24,24,0,24,0,3,0,27,10,0,0,10,0,0,0,0,30,0,30,0,14,2,2,0,16,1,0,0,0,0,0,0,1,0,0,0,0,0,0,0,0,0,0,0,0,0,1,0,0,1,0,8,60,0,0,0,0,0,0,0,0,0,0,0,0,0,0,68,26,250
20,Jharkhand,Pakur,112,0,0,0,112,13,0,0,0,0,0,13,9,11,0,0,20,0,0,0,0,4,4,0,4,0,8,0,12,14,0,0,14,31,0,0,0,114,0,145,0,4,4,0,4,8,0,0,0,0,0,0,0,0,0,0,0,0,0,0,0,0,0,0,0,0,0,8,0,0,8,0,7,117,0,0,0,0,0,0,0,0,0,0,0,0,0,0,124,8,464
21,Jharkhand,Palamu,118,0,55,0,173,46,1,0,0,2,0,49,2,0,0,0,2,1,0,0,1,44,44,0,44,0,0,0,44,38,1,0,39,0,0,0,0,0,0,0,0,31,14,8,6,45,2,0,0,0,0,0,0,2,0,0,0,0,0,0,0,0,0,0,0,0,0,8,0,0,8,0,2,281,0,14,0,0,0,0,0,0,0,0,0,0,0,0,297,202,862
22,Jharkhand,Ramgarh,47,0,0,0,47,31,0,0,0,0,0,31,1,0,0,0,1,0,1,0,1,15,15,0,15,0,0,0,15,0,2,0,2,0,0,0,0,100,0,100,0,14,3,0,3,17,40,1,1,0,1,0,0,43,0,0,0,0,0,0,0,0,0,0,0,0,0,2,0,0,2,0,0,6,0,0,0,0,0,0,0,0,0,0,0,0,0,0,6,28,293
23,Jharkhand,Ranchi,142,0,0,0,142,50,0,0,0,0,0,50,29,83,0,0,112,0,0,0,0,85,85,0,85,0,4,0,89,177,0,0,177,0,0,0,0,0,0,0,0,48,47,0,47,95,0,0,0,0,0,0,0,0,0,0,0,0,0,0,0,0,0,0,0,0,0,0,0,0,0,0,16,684,0,0,0,0,0,0,0,0,0,0,0,0,0,0,700,195,1560
24,Jharkhand,Sahebganj,90,0,0,0,90,46,0,0,0,0,0,46,0,0,0,0,0,0,0,0,0,30,30,0,30,0,4,0,34,20,0,0,20,18,0,0,0,92,0,110,0,9,8,8,0,17,3,0,0,0,0,0,0,3,0,0,0,0,0,0,0,0,0,0,0,0,0,0,0,0,0,0,4,197,0,0,22,14,8,0,0,0,0,0,0,0,0,0,223,203,746
25,Jharkhand,Saraikela,44,1,0,0,45,20,8,1,0,0,0,29,5,2,0,0,7,0,0,0,0,39,24,0,24,15,1,0,40,17,2,0,19,0,0,0,0,83,0,83,0,58,25,0,25,83,0,0,0,0,0,0,0,0,0,0,1,0,1,0,0,0,0,0,0,0,0,2,1,0,3,0,3,199,0,0,0,0,0,0,0,0,0,0,0,0,0,0,202,26,538
26,Jharkhand,Simdega,0,0,0,0,0,24,0,0,0,0,0,24,0,0,0,0,0,0,0,0,0,7,7,0,7,0,0,0,7,16,0,0,16,0,0,0,0,0,0,0,0,3,7,0,7,10,0,0,0,0,0,0,0,0,0,0,0,0,0,0,0,0,0,0,0,0,0,0,0,0,0,0,4,47,0,0,4,1,3,0,0,0,0,0,0,0,0,0,55,139,251
Total Districts,Total Districts,Total Districts,1796,10,67,8,1881,884,11,5,0,6,0,906,231,152,0,0,383,13,71,0,84,640,595,0,595,45,30,31,701,811,22,1,834,71,0,6,0,1855,0,1932,0,614,464,204,260,1078,90,1,2,0,3,0,0,96,0,0,1,0,1,0,0,0,0,0,0,0,0,88,1,1,90,0,173,5228,0,40,26,15,11,0,0,0,0,0,0,0,0,8,5475,2172,15633
1,Karnataka,Bagalkot,29,0,0,0,29,44,0,36,0,0,0,80,1,0,0,0,1,2,0,0,2,0,0,0,0,0,1,0,1,21,1,0,22,0,0,0,0,0,0,0,0,125,7,0,7,132,4,0,0,0,81,0,0,85,0,0,0,0,0,0,0,0,0,0,0,0,0,46,0,0,46,0,318,0,1,0,1,0,0,1,0,0,0,0,0,0,0,11,331,6,735
2,Karnataka,Bengaluru City,964,155,0,0,1119,468,37,11,0,9,0,525,12,2,0,0,14,85,1,0,86,125,18,5,13,107,1,0,126,9940,172,2,10114,0,1,0,0,0,0,1,0,182,4027,3457,570,4209,28,0,1,0,98,0,0,127,37,21,0,0,58,0,0,0,0,2,1,0,3,88,0,0,88,0,622,0,1,0,1,0,0,1,0,66,0,0,0,2,0,256,948,103,17521
3,Karnataka,Bengaluru District,34,5,0,0,39,103,2,5,0,2,0,112,2,0,0,0,2,0,0,0,0,12,5,5,0,7,3,0,15,239,5,0,244,0,0,0,0,1,0,1,0,166,144,60,84,310,8,0,0,0,1,0,0,9,6,0,0,0,6,0,0,0,0,0,0,0,0,8,0,0,8,0,128,0,0,0,0,0,0,0,0,0,0,0,0,2,0,0,130,85,961
4,Karnataka,Belagavi District,17,1,0,0,18,127,0,19,0,0,0,146,0,0,0,0,0,4,0,0,4,5,5,5,0,0,3,0,8,30,0,0,30,0,0,0,0,2,0,2,0,219,62,53,9,281,1,0,0,0,2,0,0,3,0,0,0,0,0,0,0,0,0,0,0,0,0,49,0,0,49,0,745,0,0,1,1,0,0,1,0,0,0,0,0,0,0,30,777,6,1324
5,Karnataka,Ballari,45,1,0,0,46,41,5,4,0,4,0,54,0,0,0,0,0,0,0,0,0,0,0,0,0,0,0,0,0,44,2,0,46,0,0,0,0,0,0,0,0,318,23,22,1,341,0,0,0,0,1,0,0,1,0,0,0,0,0,0,0,0,0,0,0,0,0,52,0,0,52,0,832,0,0,0,0,0,0,0,0,0,0,0,0,0,0,62,894,0,1434
6,Karnataka,Bidar,26,4,0,1,31,51,0,0,0,0,0,51,0,0,0,0,0,2,0,0,2,2,0,0,0,2,1,0,3,19,0,0,19,0,0,0,0,0,0,0,0,234,12,3,9,246,2,0,0,0,0,0,0,2,0,0,0,0,0,0,0,0,0,0,0,0,0,25,0,0,25,0,476,0,0,0,0,0,0,0,0,0,0,0,0,1,0,0,477,30,886
7,Karnataka,Vijayapura,8,1,0,0,9,53,0,14,0,0,0,67,0,0,0,0,0,0,0,0,0,3,3,0,3,0,0,0,3,59,1,0,60,0,0,0,0,1,0,1,0,456,21,0,21,477,6,0,0,0,16,0,0,22,0,0,0,0,0,0,0,0,0,0,0,0,0,29,0,0,29,0,757,0,0,0,0,0,0,0,0,0,0,0,0,1,0,12,770,0,1438
8,Karnataka,Chikkaballapura,36,4,0,0,40,138,0,8,0,2,0,148,0,0,0,0,0,3,0,0,3,4,4,0,4,0,2,0,6,96,1,0,97,0,0,0,0,0,0,0,0,882,64,18,46,946,2,0,0,0,3,0,0,5,0,0,0,0,0,0,0,0,0,0,0,0,0,11,0,0,11,0,441,0,0,0,0,0,0,0,0,0,0,0,0,0,0,44,485,2,1743
9,Karnataka,Chamarajnagar,29,0,0,0,29,48,1,0,0,0,0,49,2,0,0,0,2,0,0,0,0,4,4,0,4,0,2,1,7,20,0,0,20,27,0,0,0,5,0,32,0,300,28,0,28,328,0,0,0,0,0,0,0,0,0,0,0,0,0,0,0,0,0,0,0,0,0,26,0,0,26,0,123,3,0,0,0,0,0,0,0,0,0,0,0,0,0,49,175,0,668
10,Karnataka,Chikkamagaluru,40,2,0,0,42,122,1,6,0,0,0,129,1,0,1,0,2,2,0,0,2,14,12,2,10,2,1,0,15,69,0,0,69,0,0,0,0,0,0,0,0,335,266,248,18,601,2,0,0,0,0,0,0,2,0,0,0,0,0,0,0,0,0,0,0,0,0,1,0,0,1,0,164,4,0,0,0,0,0,0,2,0,0,0,0,0,0,59,229,4,1096
11,Karnataka,Chitradurga,47,1,0,0,48,96,1,2,0,9,0,108,0,0,4,0,4,1,0,0,1,0,0,0,0,0,0,0,0,50,3,0,53,0,0,0,0,16,0,16,0,443,18,18,0,461,2,0,0,0,0,0,0,2,0,0,0,0,0,0,0,0,0,0,0,0,0,16,0,0,16,0,505,2,2,0,0,0,0,0,0,0,0,0,0,0,0,0,509,46,1264
12,Karnataka,Dakshina Kannada,4,0,0,0,4,69,5,0,0,0,0,74,2,0,0,0,2,0,0,0,0,1,1,0,1,0,2,0,3,28,0,0,28,0,0,0,0,0,0,0,0,44,33,25,8,77,0,0,0,0,0,0,0,0,0,0,0,0,0,0,0,0,0,0,0,0,0,4,0,0,4,0,18,1,0,0,0,0,0,0,0,0,0,0,0,0,0,54,73,1,266
13,Karnataka,Davanagere,93,3,0,0,96,94,0,6,0,4,0,104,6,2,0,0,8,1,0,0,1,3,0,0,0,3,1,0,4,91,1,1,93,0,0,0,0,0,0,0,0,168,16,15,1,184,4,0,0,0,0,0,0,4,0,0,0,0,0,0,0,0,0,0,0,0,0,62,0,0,62,0,410,0,0,1,0,0,0,0,0,0,0,0,0,0,0,28,439,0,995
14,Karnataka,Dharwad,5,1,0,0,6,33,0,6,0,0,0,39,1,0,0,0,1,0,0,0,0,0,0,0,0,0,0,0,0,12,1,0,13,0,0,0,0,0,0,0,0,213,10,10,0,223,0,0,0,0,0,0,0,0,0,0,0,0,0,0,0,0,0,0,0,0,0,4,0,0,4,0,241,0,0,0,0,0,0,0,0,0,0,0,0,0,0,7,248,2,536
15,Karnataka,Gadag,5,0,0,0,5,35,0,5,0,0,0,40,0,0,0,0,0,1,0,0,1,2,0,0,0,2,1,0,3,16,0,0,16,0,0,0,0,0,0,0,0,247,15,12,3,262,0,0,0,0,0,0,0,0,0,0,0,0,0,0,0,0,0,0,0,0,0,39,0,0,39,0,475,0,0,0,0,0,0,0,0,0,0,0,0,0,0,12,487,3,856
16,Karnataka,Kalaburgi,3,1,0,0,4,55,1,4,0,2,0,62,0,0,0,0,0,2,0,0,2,5,5,2,3,0,0,0,5,20,2,0,22,0,0,0,0,0,0,0,0,155,53,39,14,208,0,0,0,0,1,0,0,1,0,0,0,0,0,0,0,0,0,0,0,0,0,42,0,0,42,0,471,0,0,0,0,0,0,0,2,0,0,0,0,0,0,31,504,0,850
17,Karnataka,Hassan,78,3,0,0,81,152,1,13,0,0,0,166,2,0,0,0,2,2,0,0,2,4,4,0,4,0,2,2,8,43,0,0,43,0,0,0,0,9,0,9,0,422,70,70,0,492,1,0,0,0,0,0,0,1,0,0,0,0,0,0,0,0,0,0,0,0,0,12,0,0,12,0,247,2,0,0,3,0,0,3,0,0,0,0,0,2,0,119,373,0,1189
18,Karnataka,Haveri,31,0,0,0,31,78,2,1,0,0,0,81,1,0,0,0,1,2,0,0,2,5,5,0,5,0,0,3,8,118,0,0,118,0,0,0,0,0,0,0,0,36,14,14,0,50,3,0,0,0,0,0,0,3,0,0,0,0,0,0,0,0,0,0,0,0,0,12,0,0,12,0,442,0,1,0,1,0,0,1,1,1,0,0,0,0,0,0,446,15,767
19,Karnataka,Hubballi Dharwad City,0,6,0,0,6,39,0,2,0,1,0,42,1,0,0,0,1,8,0,0,8,24,0,0,0,24,0,0,24,343,4,0,347,0,0,0,0,0,0,0,0,103,53,53,0,156,0,0,0,0,0,0,0,0,0,0,0,0,0,0,0,0,0,0,0,0,0,4,0,0,4,0,493,0,0,0,0,0,0,0,0,0,0,0,0,0,0,8,501,50,1139
20,Karnataka,K.G.F.,17,0,0,0,17,30,0,1,0,2,0,33,0,0,0,0,0,0,0,0,0,1,1,0,1,0,0,3,4,55,1,0,56,1,0,0,0,0,0,1,0,114,83,80,3,197,1,0,0,0,0,0,0,1,0,0,0,0,0,0,0,0,0,0,0,0,0,1,0,0,1,0,43,0,0,0,1,0,0,1,0,0,0,0,0,0,0,16,60,0,370
21,Karnataka,Kodagu,2,0,0,0,2,66,0,2,0,0,0,68,0,0,0,0,0,0,0,0,0,3,3,0,3,0,1,1,5,28,0,0,28,26,0,0,0,0,0,26,0,78,21,21,0,99,1,0,0,0,0,0,0,1,0,0,0,0,0,0,0,0,0,0,0,0,0,4,0,0,4,0,19,0,0,0,0,0,0,0,0,2,0,0,0,0,0,30,51,0,284
22,Karnataka,Kolar,36,0,0,0,36,69,0,5,0,0,0,74,0,0,0,0,0,2,0,0,2,2,0,0,0,2,0,3,5,55,1,0,56,0,0,0,0,0,0,0,0,45,46,46,0,91,7,0,0,0,0,0,0,7,0,0,0,0,0,0,0,0,0,0,0,0,0,11,0,0,11,0,66,0,0,0,0,0,0,0,0,0,0,0,0,0,0,0,66,12,360
23,Karnataka,Koppal,1,0,0,0,1,71,0,4,0,0,0,75,0,0,0,0,0,0,0,0,0,0,0,0,0,0,0,3,3,22,0,0,22,0,0,0,0,0,0,0,0,263,4,3,1,267,3,0,0,0,0,0,0,3,0,0,0,0,0,0,0,0,0,0,0,0,0,21,1,0,22,0,481,0,1,0,0,0,0,0,0,0,0,0,0,0,0,0,482,18,893
24,Karnataka,Mandya,39,3,0,1,43,99,1,10,0,1,0,111,1,0,0,0,1,2,0,0,2,5,5,0,5,0,0,4,9,56,1,0,57,1,0,0,0,0,0,1,0,237,10,0,10,247,2,0,0,0,0,0,0,2,0,0,0,0,0,0,0,0,0,0,0,0,0,18,0,0,18,0,238,0,0,0,0,0,0,0,0,2,0,0,0,0,0,50,290,0,781
25,Karnataka,Mangaluru City,17,2,0,0,19,67,2,0,0,0,0,69,2,0,0,0,2,2,2,0,4,1,1,0,1,0,0,1,2,68,3,0,71,0,0,0,0,5,0,5,0,18,399,365,34,417,1,0,0,0,0,0,0,1,0,1,0,0,1,0,0,0,0,0,0,0,0,4,0,0,4,0,40,4,0,0,0,0,0,0,0,0,0,0,0,0,0,47,91,0,686
26,Karnataka,Mysuru City,119,16,0,0,135,55,0,3,0,4,0,62,1,0,0,0,1,4,0,0,4,2,0,0,0,2,0,0,2,274,6,0,280,0,0,0,0,0,0,0,0,9,33,1,32,42,1,0,0,0,0,0,0,1,2,0,0,0,2,0,0,0,0,1,0,0,1,14,0,0,14,0,64,0,0,0,0,0,0,0,0,0,0,0,0,0,0,39,103,0,647
27,Karnataka,Mysuru District,23,7,0,0,30,135,1,9,0,2,0,147,1,0,0,0,1,2,0,0,2,3,3,0,3,0,0,1,4,54,0,0,54,4,0,0,0,34,0,38,0,429,16,2,14,445,2,1,0,0,0,0,0,3,0,0,0,0,0,0,0,0,0,1,0,0,1,33,1,0,34,0,264,1,0,0,0,0,0,0,0,1,0,0,0,0,0,63,329,0,1088
28,Karnataka,Raichur,60,3,0,0,63,52,2,1,0,6,0,61,0,0,0,0,0,1,0,0,1,1,1,1,0,0,0,0,1,25,0,0,25,0,0,0,0,0,0,0,0,236,16,0,16,252,3,0,0,0,0,0,0,3,0,0,0,0,0,0,0,0,0,0,0,0,0,25,0,0,25,0,886,0,0,0,0,0,0,0,0,0,0,0,0,0,0,0,886,31,1348
29,Karnataka,K.Railways,0,0,0,0,0,2,0,0,0,1,0,3,0,0,0,0,0,0,0,0,0,0,0,0,0,0,0,0,0,0,0,0,0,0,0,0,0,0,0,0,0,15,28,0,28,43,1,0,0,0,0,0,0,1,0,0,0,0,0,0,8,8,0,0,0,0,0,0,0,0,0,0,0,0,0,0,0,0,0,0,0,0,0,0,0,0,0,2,2,0,57
30,Karnataka,Ramanagara,68,2,0,0,70,92,1,14,0,5,0,112,0,0,0,0,0,4,0,0,4,2,2,0,2,0,2,2,6,239,8,0,247,0,0,0,0,1,0,1,0,821,99,0,99,920,3,0,0,0,8,0,0,11,0,0,0,0,0,0,0,0,0,0,0,0,0,28,6,0,34,0,212,0,0,1,2,0,0,2,0,0,0,0,0,0,0,99,314,1,1720
31,Karnataka,Shimoga,90,2,0,0,92,182,3,3,0,5,0,193,1,0,0,0,1,8,1,0,9,13,4,0,4,9,0,0,13,25,0,0,25,0,0,0,0,0,0,0,0,413,199,182,17,612,2,0,0,0,38,0,0,40,0,0,0,0,0,0,0,0,0,0,0,0,0,28,0,0,28,0,382,0,1,0,1,0,1,0,0,0,0,0,0,0,0,84,468,19,1500
32,Karnataka,Tumakuru,114,4,0,0,118,103,4,8,0,2,0,117,0,0,0,0,0,3,0,0,3,4,4,0,4,0,0,5,9,154,2,0,156,0,0,0,0,21,0,21,0,353,104,60,44,457,1,0,0,0,0,0,0,1,0,0,0,0,0,0,0,0,0,0,0,0,0,19,0,0,19,0,497,0,0,1,0,0,0,0,0,0,0,0,0,0,0,125,623,0,1524
33,Karnataka,Udupi,21,2,0,0,23,68,3,0,0,0,0,71,4,0,0,0,4,3,0,0,3,3,1,1,0,2,0,0,3,48,0,0,48,0,0,0,0,0,0,0,0,9,262,249,13,271,0,0,0,0,0,0,0,0,0,0,0,0,0,0,0,0,0,0,0,0,0,13,0,0,13,0,86,0,0,0,0,0,0,0,0,0,0,0,0,0,0,44,130,0,566
34,Karnataka,Uttara Kannada,21,6,0,0,27,64,3,1,0,0,0,68,1,0,0,0,1,0,0,0,0,16,16,0,16,0,8,0,24,48,0,0,48,0,0,0,0,0,0,0,0,321,57,19,38,378,0,0,0,0,1,0,0,1,0,0,0,0,0,0,0,0,0,0,0,0,0,7,0,0,7,0,594,1,0,0,0,0,0,0,0,0,0,0,0,0,0,53,648,0,1202
35,Karnataka,Yadgiri,20,0,0,0,20,46,0,3,0,1,0,50,0,0,0,0,0,2,0,0,2,1,1,0,1,0,0,0,1,8,0,0,8,0,0,0,0,20,0,20,0,69,2,0,2,71,0,0,0,0,0,0,0,0,0,0,0,0,0,0,0,0,0,0,0,0,0,13,0,0,13,0,313,0,0,0,0,0,0,0,0,0,0,0,0,0,0,3,316,7,508
36,Karnataka,Belagavi City,2,3,0,0,5,28,0,0,0,0,0,28,0,0,0,0,0,3,0,0,3,0,0,0,0,0,0,0,0,109,2,0,111,0,0,0,0,0,0,0,0,48,33,13,20,81,0,0,0,0,0,0,0,0,0,0,0,0,0,0,0,0,0,0,0,0,0,13,0,0,13,0,125,0,0,2,0,0,0,0,0,0,0,0,0,0,0,34,161,4,406
37,Karnataka,Kalaburgi City,50,3,0,0,53,18,0,4,0,0,0,22,0,0,0,0,0,1,0,0,1,0,0,0,0,0,1,0,1,18,0,0,18,0,0,0,0,1,0,1,0,35,47,9,38,82,0,0,0,0,0,0,0,0,0,0,0,0,0,0,0,0,0,0,0,0,0,42,1,0,43,0,320,0,0,0,0,0,0,0,0,1,0,0,0,0,0,29,350,11,582
38,Karnataka,Vijayanagara,30,0,0,0,30,62,1,5,0,0,0,68,0,0,0,0,0,1,0,0,1,2,1,1,0,1,0,0,2,5,3,0,8,0,0,0,0,55,0,55,0,297,4,3,1,301,0,0,0,0,0,0,0,0,0,0,0,0,0,0,0,0,0,0,0,0,0,66,0,0,66,0,526,0,0,0,0,0,0,0,0,0,0,0,0,0,0,34,560,0,1091
Total Districts,Total Districts,Total Districts,2224,241,0,2,2467,3155,77,215,0,62,0,3509,42,4,5,0,51,153,4,0,157,272,109,22,87,163,32,29,333,12549,220,3,12772,59,1,0,0,171,0,231,0,8858,6399,5170,1229,15257,91,1,1,0,250,0,0,343,45,22,0,0,67,0,8,8,0,4,1,0,5,890,9,0,899,0,13064,18,7,6,11,0,1,10,5,73,0,0,0,8,0,1534,14726,456,51281
1,Kerala,All Districts,0,1,31,0,32,172,6,0,0,0,0,178,3,0,0,0,3,18,1,0,19,0,0,0,0,0,5,2,7,28,0,0,28,1,0,0,0,11,0,12,630,0,1126,1081,45,1756,0,0,0,0,202,0,0,202,0,0,0,0,0,0,0,0,0,0,0,0,0,1,0,0,1,0,90,0,0,0,0,0,0,0,1,0,0,0,0,6185,0,1573,7849,52,10139
2,Kerala,Alapuzha,0,2,22,0,24,212,10,0,0,0,0,222,0,1,0,0,1,15,0,0,15,8,0,0,0,8,27,52,87,6,0,0,6,0,0,0,0,0,0,0,676,0,1343,1157,186,2019,0,0,0,0,597,0,0,597,3,0,2,0,5,0,0,0,0,0,0,0,0,4,0,0,4,0,32,5,0,0,0,0,0,0,1,0,0,0,0,4277,0,2558,6873,51,9904
3,Kerala,Ernakulam Commr.,0,0,8,0,8,89,12,0,0,0,0,101,1,0,0,0,1,18,0,0,18,1,0,0,0,1,0,2,3,23,6,0,29,0,0,0,0,0,0,0,1241,0,2751,2685,66,3992,0,0,0,0,542,0,0,542,1,0,3,0,4,0,0,0,2,0,0,0,2,7,0,0,7,0,134,3,0,4,0,0,0,0,1,0,0,0,0,5478,0,5163,10783,3,15493
4,Kerala,Ernakulam Rural,0,0,49,0,49,149,7,0,0,0,0,156,2,0,0,0,2,10,0,0,10,6,3,0,3,3,13,1,20,8,0,0,8,0,0,0,0,0,0,0,1385,0,1150,1076,74,2535,0,0,0,0,514,0,0,514,3,2,0,0,5,0,0,0,0,0,0,0,0,6,0,0,6,0,105,2,0,0,0,0,0,0,1,0,0,0,0,3152,0,3949,7209,4,10518
5,Kerala,Idukki,0,0,15,0,15,173,22,1,0,0,0,196,0,0,0,0,0,9,1,0,10,2,2,0,2,0,10,3,15,3,0,0,3,0,0,0,0,0,0,0,1564,0,846,798,48,2410,0,0,0,0,255,0,0,255,0,0,0,0,0,0,0,0,0,0,0,0,0,3,0,0,3,0,69,1,0,0,0,0,0,0,0,0,0,0,0,3298,0,4041,7409,0,10316
6,Kerala,Kannur City,0,1,2,0,3,101,17,1,0,0,0,119,2,1,0,0,3,14,0,0,14,5,2,0,2,3,0,35,40,14,0,2,16,18,0,0,0,31,0,49,3199,0,1382,1340,42,4581,1,0,0,0,9,0,0,10,0,2,0,0,2,1,0,1,0,0,0,0,0,3,0,0,3,0,111,7,0,0,0,0,0,0,0,0,0,0,0,1050,0,3596,4764,0,9605
7,Kerala,Kasargod,0,1,3,0,4,160,8,0,0,0,0,168,1,0,0,0,1,4,0,0,4,13,8,1,7,5,0,1,14,8,0,0,8,9,0,0,0,0,0,9,1730,0,1442,1299,143,3172,0,1,0,0,10,0,0,11,0,5,0,0,5,5,0,5,0,0,0,0,0,0,0,0,0,0,714,5,0,0,0,0,0,0,0,0,0,0,0,1095,0,3007,4821,0,8222
8,Kerala,Kollam Commr.,0,1,30,0,31,174,17,0,0,0,0,191,2,0,0,0,2,12,0,0,12,3,0,0,0,3,5,0,8,12,0,0,12,0,0,0,0,0,0,0,1802,0,1749,1584,165,3551,0,0,0,0,170,0,0,170,0,3,0,0,3,0,0,0,0,0,0,0,0,7,0,0,7,0,10,3,0,0,0,0,0,0,2,0,0,0,0,4578,0,2675,7268,0,11255
9,Kerala,Kollam Rural,0,0,23,0,23,212,15,0,0,0,0,227,0,0,0,0,0,11,0,0,11,3,0,0,0,3,0,12,15,29,1,0,30,0,0,0,0,173,0,173,1534,0,894,754,140,2428,0,0,0,0,353,0,0,353,0,2,1,0,3,0,0,0,0,0,0,0,0,0,0,0,0,0,55,0,0,0,0,0,0,0,0,0,0,0,0,11702,0,2288,14045,4,17312
10,Kerala,Kottayam,0,2,10,0,12,110,11,0,0,0,0,121,6,0,0,0,6,26,0,0,26,1,0,0,0,1,19,3,23,23,1,0,24,0,0,0,0,2,0,2,1524,0,1360,1338,22,2884,0,0,0,0,947,0,0,947,0,1,2,0,3,1,0,1,0,0,0,0,0,1,0,0,1,0,80,2,0,0,0,0,0,0,1,0,0,0,0,4818,0,4201,9102,0,13152
11,Kerala,Kozhikode Commr.,0,2,14,0,16,69,4,1,0,0,0,74,1,0,0,0,1,5,0,0,5,1,1,0,1,0,1,0,2,6,3,0,9,12,0,0,0,1,0,13,444,0,1282,1181,101,1726,0,0,0,0,6,0,0,6,0,0,0,0,0,1,0,1,0,0,0,0,0,3,0,0,3,0,34,1,0,0,0,0,0,0,1,0,0,0,0,615,0,1008,1659,0,3515
12,Kerala,Kozhikode Rural,0,0,12,0,12,87,12,0,0,0,0,99,0,0,0,0,0,10,7,0,17,8,3,0,3,5,4,8,20,7,0,0,7,7,0,0,0,1,0,8,433,0,755,696,59,1188,0,0,0,0,137,0,0,137,0,1,0,0,1,0,0,0,0,0,0,0,0,0,0,0,0,0,77,3,0,0,0,0,0,0,0,0,0,0,0,149,0,1055,1284,3,2776
13,Kerala,Malappuram,0,0,20,0,20,256,5,0,0,0,0,261,1,0,0,0,1,3,2,0,5,11,8,0,8,3,22,8,41,14,1,0,15,475,1,0,0,2,0,478,2903,0,2826,2724,102,5729,0,0,0,0,565,0,0,565,1,4,0,0,5,0,0,0,4,0,0,0,4,25,0,0,25,0,349,10,0,0,0,0,0,0,3,0,0,0,0,953,0,4924,6239,7,13395
14,Kerala,Palakkad,0,0,14,0,14,157,10,2,0,0,0,169,0,0,0,0,0,3,0,0,3,7,4,0,4,3,6,0,13,34,0,0,34,5,0,0,0,1,0,6,3044,0,1122,1088,34,4166,0,0,0,0,0,0,0,0,1,0,0,0,1,0,0,0,0,0,0,0,0,20,0,0,20,0,169,2,0,0,0,0,0,0,1,0,0,0,0,1624,0,1740,3536,0,7962
15,Kerala,Pathanamthitta,27,0,20,0,47,191,22,0,0,0,0,213,1,0,0,0,1,16,0,0,16,6,6,0,6,0,4,0,10,5,0,0,5,0,0,0,0,44,0,44,908,0,523,508,15,1431,0,0,0,0,210,0,0,210,0,1,0,0,1,0,0,0,0,0,0,0,0,1,0,0,1,0,16,7,0,0,0,0,0,0,3,0,0,0,0,3723,0,5300,9049,0,11028
16,Kerala,Railways,0,0,0,0,0,8,0,0,0,0,0,8,0,0,0,0,0,1,0,0,1,0,0,0,0,0,0,0,0,0,0,0,0,0,0,0,0,0,0,0,11,0,34,3,31,45,0,0,0,0,1,0,0,1,0,0,0,0,0,0,0,0,0,0,0,0,0,0,0,0,0,0,0,0,0,0,0,0,0,0,0,0,0,0,0,0,0,195,195,0,250
17,Kerala,Thrissur Rural,0,0,17,0,17,170,7,0,0,0,0,177,4,0,0,0,4,3,1,0,4,3,0,0,0,3,7,15,25,4,0,0,4,0,0,0,0,0,0,0,1973,0,968,934,34,2941,0,0,0,0,136,0,0,136,0,0,0,0,0,0,0,0,0,0,0,0,0,0,0,0,0,0,75,3,0,0,0,0,0,0,0,0,0,0,5,2543,0,3484,6110,0,9418
18,Kerala,Trivandrum Commr.,1,3,21,0,25,158,20,0,0,0,0,178,4,0,0,0,4,47,0,0,47,4,1,0,1,3,3,2,9,93,0,0,93,0,0,0,0,0,0,0,1112,0,1312,1173,139,2424,0,0,0,0,96,0,0,96,0,2,1,0,3,0,0,0,0,0,0,0,0,1,0,0,1,0,4,1,0,0,0,0,0,0,1,0,0,0,0,2709,0,6077,8792,19,11691
19,Kerala,Trivandrum Rural,0,0,58,0,58,428,61,1,0,0,0,490,0,0,0,0,0,40,1,0,41,23,0,0,0,23,0,14,37,29,0,0,29,0,0,0,0,7,0,7,6535,0,1895,1702,193,8430,0,0,0,0,507,0,0,507,0,1,0,0,1,0,0,0,0,0,0,0,0,5,0,0,5,0,38,3,0,1,0,0,0,0,4,0,0,0,0,4905,0,7065,12016,0,21621
20,Kerala,Wayanadu,0,1,1,0,2,149,22,0,0,0,0,171,1,3,0,0,4,2,5,0,7,7,5,0,5,2,1,1,9,28,0,0,28,2,0,0,0,0,0,2,2878,0,1292,1278,14,4170,0,0,0,0,0,0,0,0,0,0,0,0,0,0,0,0,0,0,0,0,0,1,0,0,1,0,67,2,0,0,0,0,0,0,2,0,0,0,0,2677,0,1968,4716,0,9110
21,Kerala,Crime Branch,0,0,0,0,0,0,0,0,0,0,0,0,0,0,0,0,0,0,0,0,0,0,0,0,0,0,0,0,0,0,0,0,0,0,0,0,0,0,0,0,0,0,0,0,0,0,0,0,0,0,0,0,0,0,0,0,0,0,0,0,0,0,0,0,0,0,0,0,0,0,0,0,0,0,0,0,0,0,0,0,0,0,0,0,0,0,0,0,0,0,0
22,Kerala,Kannur Rural,0,0,1,0,1,109,5,0,0,0,0,114,0,0,0,0,0,6,5,1,12,10,6,0,6,4,3,6,19,1,0,0,1,9,0,0,0,0,0,9,4870,0,567,560,7,5437,1,2,0,0,0,0,0,3,0,1,0,0,1,0,0,0,0,0,0,0,0,2,0,0,2,0,158,0,0,0,0,0,0,0,0,0,0,0,0,3257,0,3282,6697,0,12296
Total Districts,Total Districts,Total Districts,28,14,371,0,413,3334,293,6,0,0,0,3633,29,5,0,0,34,273,23,1,297,122,49,1,48,73,130,165,417,375,12,2,389,538,1,0,0,273,0,812,40396,0,26619,24959,1660,67015,2,3,0,0,5257,0,0,5262,9,25,9,0,43,8,0,8,6,0,0,0,6,90,0,0,90,0,2387,60,0,5,0,0,0,0,22,0,0,0,5,68788,0,69149,140416,143,218978
1,Madhya Pradesh,Agar,0,0,0,0,0,27,0,0,0,0,0,27,0,0,0,0,0,0,0,0,0,78,8,0,8,70,0,0,78,0,0,0,0,0,0,0,0,0,0,0,0,579,32,29,3,611,0,6,0,0,0,0,0,6,0,0,0,0,0,0,0,0,0,0,0,0,0,2,0,0,2,0,122,0,0,0,0,0,0,0,0,0,0,0,0,0,0,0,122,0,846
2,Madhya Pradesh,Alirajpur,0,0,0,0,0,67,0,0,0,0,0,67,0,0,0,0,0,0,0,0,0,182,46,0,46,136,1,0,183,0,0,0,0,0,0,0,0,0,0,0,0,2242,5,0,5,2247,0,0,0,0,0,0,0,0,0,0,0,0,0,0,0,0,0,0,0,0,0,11,0,0,11,0,139,0,0,0,0,0,0,0,0,0,0,0,0,0,0,4,143,0,2651
3,Madhya Pradesh,Anuppur,1,0,0,0,1,76,0,0,0,0,0,76,0,0,0,0,0,0,0,0,0,66,3,0,3,63,1,0,67,1,0,0,1,0,0,0,0,0,0,0,0,2207,40,14,26,2247,0,0,0,0,0,0,0,0,0,0,0,0,0,0,0,0,0,0,0,0,0,3,0,0,3,0,302,0,0,0,0,0,0,0,0,0,0,0,0,0,0,0,302,25,2722
4,Madhya Pradesh,Ashok Nagar,0,0,0,0,0,107,0,0,0,0,0,107,0,0,0,0,0,0,0,0,0,83,83,0,83,0,2,0,85,0,0,0,0,0,0,0,0,0,0,0,0,1372,5,5,0,1377,0,0,0,0,0,0,0,0,0,0,0,0,0,0,0,0,0,0,0,0,0,10,0,0,10,0,528,2,0,0,0,0,0,0,0,0,0,0,0,0,0,0,530,6,2115
5,Madhya Pradesh,Balaghat,1,0,0,0,1,107,0,0,0,0,0,107,0,0,0,0,0,0,0,0,0,18,5,0,5,13,3,0,21,0,5,0,5,0,0,0,0,0,0,0,0,1799,10,0,10,1809,0,0,0,0,0,0,0,0,0,0,0,0,0,0,0,0,0,0,0,0,0,4,0,0,4,0,396,0,0,0,0,0,0,0,0,5,0,0,0,0,0,0,401,49,2397
6,Madhya Pradesh,Barwani,2,0,0,0,2,117,0,0,0,0,0,117,0,0,0,0,0,0,0,0,0,92,35,0,35,57,5,0,97,0,0,0,0,0,1,0,0,0,0,1,0,3186,31,0,31,3217,0,0,0,0,0,0,0,0,0,0,0,0,0,0,0,0,0,0,0,0,0,24,0,0,24,0,517,0,0,0,0,0,0,0,0,0,0,0,0,0,0,118,635,0,4093
7,Madhya Pradesh,Betul,3,0,0,0,3,75,0,1,0,0,0,76,0,0,0,0,0,0,0,0,0,225,12,0,12,213,0,0,225,0,0,0,0,0,0,0,0,0,0,0,0,5163,29,6,23,5192,0,0,0,0,0,0,0,0,0,0,0,0,0,1,0,1,0,0,0,0,0,9,0,0,9,0,879,1,0,0,0,0,0,0,1,36,0,0,0,0,0,0,917,74,6497
8,Madhya Pradesh,Bhind,0,0,0,0,0,39,0,0,0,0,0,39,0,0,0,0,0,0,0,0,0,270,270,0,270,0,29,0,299,0,1,0,1,0,0,0,0,0,0,0,0,1236,42,42,0,1278,0,0,0,0,0,0,0,0,0,0,0,0,0,0,0,0,0,0,0,0,0,16,0,0,16,0,333,2,0,0,0,0,0,0,0,0,0,0,0,0,0,0,335,67,2035
9,Madhya Pradesh,Bhopal Commissionarate,7,1,0,0,8,235,3,0,0,0,0,238,0,0,0,0,0,2,0,0,2,305,63,1,62,242,1,0,306,11,8,2,21,0,1,0,0,0,0,1,0,4029,80,49,31,4109,0,1,0,0,22,3,0,26,0,0,0,0,0,1,0,1,0,0,0,0,0,19,0,2,21,0,937,5,0,0,0,0,0,0,0,83,0,0,0,0,0,61,1086,114,5933
10,Madhya Pradesh,Bhopal Railway,1,0,0,0,1,4,0,0,0,0,0,4,0,0,0,0,0,0,0,0,0,55,0,0,0,55,0,0,55,0,0,0,0,0,0,0,0,0,0,0,0,46,0,0,0,46,0,0,0,0,0,0,0,0,0,0,0,0,0,0,0,0,0,0,0,0,0,0,0,0,0,0,11,0,0,0,0,0,0,0,0,0,0,0,0,0,0,0,11,0,117
11,Madhya Pradesh,Burhanpur,1,1,0,0,2,59,0,0,0,0,0,59,0,0,0,0,0,0,0,0,0,84,7,0,7,77,13,0,97,8,0,0,8,0,0,0,0,0,0,0,0,2977,8,4,4,2985,0,0,0,0,0,0,0,0,0,0,0,0,0,0,0,0,0,0,0,1,1,1,0,0,1,0,644,1,0,0,0,0,0,0,1,0,0,0,0,0,0,46,692,0,3845
12,Madhya Pradesh,Chhatarpur,2,0,0,0,2,124,0,0,0,0,0,124,0,0,0,0,0,0,0,0,0,484,484,0,484,0,3,0,487,2,0,0,2,0,0,0,0,0,0,0,0,2514,28,22,6,2542,0,0,0,0,0,0,0,0,0,0,0,0,0,0,0,0,0,0,0,0,0,2,0,0,2,0,513,0,0,0,0,0,0,0,0,0,0,0,0,0,19,0,532,19,3710
13,Madhya Pradesh,Chhindwara,1,0,0,0,1,66,0,0,0,0,0,66,0,0,0,0,0,0,0,0,0,106,5,0,5,101,3,0,109,0,0,0,0,0,0,0,0,0,0,0,0,4616,17,0,17,4633,0,0,0,0,0,0,0,0,0,0,0,0,0,0,0,0,0,0,0,0,0,0,0,0,0,0,1081,0,0,0,0,0,0,0,0,0,0,0,0,0,0,0,1081,0,5890
14,Madhya Pradesh,Damoh,3,0,0,0,3,46,0,0,0,0,0,46,0,0,0,0,0,0,0,0,0,152,34,0,34,118,25,0,177,0,0,0,0,0,0,0,0,43,0,43,0,2430,25,0,25,2455,0,0,0,0,0,0,0,0,0,0,0,0,0,0,0,0,0,0,0,0,0,5,0,0,5,0,903,0,0,0,0,0,0,0,0,1,0,0,0,0,0,0,904,0,3633
15,Madhya Pradesh,Datia,0,0,0,0,0,29,0,0,0,0,0,29,0,0,0,0,0,0,0,0,0,304,133,0,133,171,0,5,309,5,3,0,8,0,0,0,0,0,1,1,0,1794,31,0,31,1825,0,0,0,0,0,0,0,0,0,0,0,0,0,0,0,0,0,0,0,0,0,15,0,0,15,0,528,0,0,0,0,0,0,0,0,6,0,0,0,0,0,0,534,3,2724
16,Madhya Pradesh,Dewas,0,0,10,0,10,165,0,0,0,0,0,165,0,0,0,0,0,0,0,0,0,374,8,0,8,366,0,0,374,0,2,0,2,0,0,0,0,0,0,0,0,3376,75,74,1,3451,0,0,0,0,3,0,0,3,0,0,0,0,0,0,0,0,0,0,0,0,0,16,0,0,16,0,608,19,0,0,0,0,0,0,0,16,0,0,0,0,0,0,643,22,4686
17,Madhya Pradesh,Dhar,0,2,0,0,2,229,0,0,0,0,0,229,0,0,0,0,0,2,0,0,2,793,38,0,38,755,7,0,800,0,1,0,1,0,0,0,0,0,0,0,0,3196,85,44,41,3281,0,0,0,0,0,0,0,0,0,0,0,0,0,0,0,0,0,0,0,0,0,18,0,0,18,0,1220,8,0,0,0,0,0,0,0,0,0,0,0,0,0,0,1228,44,5605
18,Madhya Pradesh,Dindori,0,0,0,0,0,62,0,0,0,0,0,62,0,0,0,0,0,0,0,0,0,18,0,0,0,18,1,0,19,0,0,0,0,0,0,0,0,0,0,0,0,1439,7,3,4,1446,0,0,0,0,0,0,0,0,0,0,0,0,0,0,0,0,0,0,0,0,0,0,0,0,0,0,161,0,0,0,0,0,0,0,0,0,0,0,0,0,0,0,161,18,1706
19,Madhya Pradesh,Guna,0,0,0,0,0,83,0,2,0,0,0,85,0,0,0,0,0,0,0,0,0,126,22,0,22,104,2,0,128,5,0,0,5,0,0,0,0,0,0,0,0,1334,73,0,73,1407,0,0,0,0,0,0,0,0,0,0,0,0,0,0,0,0,0,0,0,0,0,33,0,0,33,0,511,4,0,0,0,0,0,0,0,0,0,0,0,0,0,0,515,38,2211
20,Madhya Pradesh,Gwalior,7,3,0,0,10,207,0,0,0,0,0,207,0,0,0,0,0,0,0,0,0,489,210,2,208,279,10,0,499,30,2,0,32,0,0,0,0,0,0,0,0,2616,165,49,116,2781,0,0,0,0,0,0,0,0,0,0,0,0,0,0,0,0,0,0,0,0,0,14,0,0,14,0,1240,4,0,0,0,0,0,0,1,6,0,0,0,0,0,0,1251,24,4818
21,Madhya Pradesh,Harda,0,0,0,0,0,94,0,0,0,0,0,94,0,0,0,0,0,0,0,0,0,21,3,0,3,18,0,1,22,14,0,0,14,0,0,0,0,0,0,0,0,722,28,0,28,750,0,0,0,0,0,0,0,0,0,0,0,0,0,0,0,0,0,0,0,0,0,0,0,0,0,0,196,0,0,0,0,0,0,0,0,0,0,0,0,0,0,23,219,0,1099
22,Madhya Pradesh,Narmadapuram,2,0,0,0,2,115,0,0,0,0,0,115,0,0,0,0,0,2,0,0,2,164,5,0,5,159,0,0,164,0,0,0,0,0,0,0,0,0,0,0,0,1470,46,0,46,1516,0,0,0,0,0,0,0,0,0,0,0,0,0,0,0,0,0,0,0,0,0,1,0,0,1,0,676,6,0,0,0,0,0,0,0,0,0,0,0,0,0,0,682,25,2507
23,Madhya Pradesh,Indore Commissionarate,1,9,0,0,10,292,2,1,0,0,0,295,0,0,0,0,0,0,0,0,0,1968,66,1,65,1902,4,0,1972,6,9,1,16,0,0,0,0,0,0,0,0,4851,1745,1629,116,6596,1,0,0,0,2,2,0,5,0,0,0,0,0,0,0,0,0,0,0,0,0,36,0,0,36,0,1432,0,0,0,0,0,0,0,1,21,0,0,0,0,0,0,1454,107,10491
24,Madhya Pradesh,Indore Railway,0,0,0,0,0,1,0,0,0,0,0,1,0,0,0,0,0,0,0,0,0,11,11,0,11,0,0,0,11,2,0,0,2,0,0,0,0,0,0,0,0,15,2,0,2,17,0,0,0,0,0,0,0,0,0,0,0,0,0,0,0,0,0,0,0,0,0,0,0,0,0,0,14,0,0,0,0,0,0,0,0,0,0,0,0,0,0,0,14,0,45
25,Madhya Pradesh,Jabalpur,12,3,0,0,15,267,0,0,0,0,0,267,0,0,0,0,0,0,0,0,0,923,25,0,25,898,22,0,945,8,9,0,17,0,0,0,0,0,0,0,0,5702,66,9,57,5768,0,0,0,0,0,1,0,1,0,0,0,0,0,0,0,0,0,0,0,0,0,30,2,0,32,0,2023,7,0,0,0,0,0,0,0,1,0,0,0,0,0,0,2031,35,9111
26,Madhya Pradesh,Jabalpur Railway,0,0,0,0,0,4,0,0,0,0,0,4,0,0,0,0,0,0,0,0,0,14,1,0,1,13,0,0,14,0,0,0,0,0,0,0,0,0,0,0,2,17,14,0,14,33,0,0,0,0,0,0,0,0,0,0,0,0,0,0,0,0,0,0,0,0,0,0,0,0,0,0,9,0,0,0,0,0,0,0,0,0,0,0,0,0,0,0,9,0,60
27,Madhya Pradesh,Jhabua,0,0,0,0,0,52,0,0,0,0,0,52,0,0,0,0,0,0,0,0,0,134,3,0,3,131,2,0,136,0,0,0,0,0,0,0,0,0,0,0,0,2688,59,38,21,2747,0,0,0,0,0,0,0,0,0,0,0,0,0,0,0,0,0,0,0,0,0,11,0,0,11,0,186,0,0,0,0,0,0,0,0,0,0,0,0,0,0,0,186,60,3192
28,Madhya Pradesh,Katni,0,0,0,0,0,53,0,0,0,0,0,53,0,0,0,0,0,0,0,0,0,172,8,0,8,164,11,0,183,3,3,0,6,0,0,0,0,0,0,0,0,3037,51,0,51,3088,0,0,0,0,0,0,0,0,0,0,0,0,0,0,0,0,0,0,0,0,0,6,0,0,6,0,879,1,0,0,0,0,0,0,0,0,0,0,0,0,0,24,904,0,4240
29,Madhya Pradesh,Khandwa,0,0,0,0,0,105,0,0,0,0,0,105,0,0,0,0,0,0,0,0,0,104,5,0,5,99,3,0,107,0,0,0,0,0,0,0,0,0,0,0,0,1689,27,27,0,1716,0,0,0,0,0,0,0,0,0,0,0,0,0,0,0,0,0,0,0,0,0,1,0,0,1,0,327,3,0,0,0,0,0,0,0,0,0,0,0,0,0,0,330,49,2308
30,Madhya Pradesh,Khargone,4,0,0,0,4,266,1,0,0,0,0,267,0,0,0,0,0,0,0,0,0,175,58,0,58,117,0,1,176,0,0,0,0,0,0,0,0,4,0,4,3,3313,31,12,19,3347,0,0,0,0,0,0,0,0,0,0,0,0,0,0,0,0,0,0,0,0,0,14,0,0,14,0,440,0,0,0,0,0,0,0,0,1,0,0,0,0,0,0,441,75,4328
31,Madhya Pradesh,Mandla,1,0,0,0,1,46,0,1,0,0,0,47,0,0,0,0,0,0,0,0,0,24,0,0,0,24,0,0,24,0,0,0,0,0,0,0,0,0,0,0,0,1790,13,2,11,1803,0,3,0,0,1,0,0,4,0,0,0,0,0,0,0,0,0,0,0,0,0,5,0,0,5,0,241,0,0,0,0,0,0,0,0,0,0,0,0,0,0,0,241,7,2132
32,Madhya Pradesh,Mandsaur,0,0,0,0,0,105,0,0,0,0,0,105,0,0,0,0,0,0,0,0,0,409,22,0,22,387,1,0,410,0,0,0,0,0,0,0,0,0,0,0,0,1938,148,0,148,2086,0,0,0,0,0,0,0,0,0,0,0,0,0,0,0,0,0,0,0,0,0,12,0,0,12,0,594,1,0,0,0,0,0,0,0,22,0,0,0,0,0,0,617,79,3309
33,Madhya Pradesh,Morena,2,0,0,0,2,113,0,0,0,0,0,113,0,0,0,0,0,0,0,0,0,412,412,0,412,0,72,0,484,0,0,7,7,0,0,0,0,0,0,0,0,2899,38,10,28,2937,0,0,0,0,10,3,0,13,0,0,0,0,0,0,0,0,0,0,0,0,0,15,0,0,15,0,825,1,0,0,0,0,0,0,0,0,0,0,0,0,0,0,826,10,4407
34,Madhya Pradesh,Narsinghpur,0,0,0,0,0,112,0,0,0,0,0,112,1,0,0,0,1,0,0,0,0,239,0,0,0,239,2,0,241,5,0,0,5,0,0,0,0,0,0,0,0,2966,75,0,75,3041,0,0,0,0,0,0,0,0,0,0,0,0,0,0,0,0,0,0,0,0,0,4,0,0,4,0,1401,4,0,0,0,0,0,0,0,0,0,0,0,0,0,0,1405,24,4833
35,Madhya Pradesh,Neemuch,0,0,0,0,0,77,0,0,0,0,0,77,0,0,0,0,0,0,0,0,0,155,0,0,0,155,0,0,155,5,0,0,5,0,0,0,0,0,0,0,0,914,105,0,105,1019,0,0,0,0,0,0,0,0,0,0,0,0,0,0,0,0,0,0,0,0,0,6,0,0,6,0,342,0,0,0,0,0,0,0,0,0,0,0,0,0,0,0,342,38,1642
36,Madhya Pradesh,Panna,3,0,0,0,3,48,0,0,0,0,0,48,0,0,0,0,0,0,0,0,0,100,17,0,17,83,0,1,101,1,1,0,2,0,0,0,0,0,0,0,0,1752,43,0,43,1795,0,0,0,0,0,0,0,0,0,0,0,0,0,0,0,0,0,0,0,0,0,1,0,0,1,0,479,0,0,0,0,0,0,0,0,0,0,0,0,0,0,0,479,19,2448
37,Madhya Pradesh,Raisen,0,0,0,0,0,95,0,0,0,0,0,95,0,0,0,0,0,0,0,0,0,30,20,0,20,10,0,0,30,0,0,0,0,0,0,0,0,0,0,0,0,1346,0,0,0,1346,0,0,0,0,0,0,0,0,0,0,0,0,0,0,0,0,0,0,0,0,0,3,0,0,3,0,128,260,0,0,0,0,0,0,0,0,0,0,0,0,0,0,388,13,1875
38,Madhya Pradesh,Rajgarh,0,0,0,0,0,119,0,1,0,0,0,120,0,0,0,0,0,0,0,0,0,369,3,0,3,366,0,0,369,1,0,0,1,0,0,0,0,0,0,0,0,2963,48,0,48,3011,5,0,0,0,0,0,0,5,0,0,0,0,0,0,0,0,0,0,0,0,0,25,0,0,25,0,849,6,0,0,0,0,0,0,0,0,0,0,0,0,0,0,855,64,4450
39,Madhya Pradesh,Ratlam,1,0,0,0,1,176,0,0,0,0,0,176,0,0,0,0,0,0,0,0,0,223,17,0,17,206,0,0,223,0,6,0,6,0,0,0,0,0,0,0,0,2356,26,0,26,2382,0,0,0,0,0,0,0,0,0,0,0,0,0,0,0,0,0,0,0,0,0,6,0,0,6,0,503,6,0,0,0,0,0,0,0,13,0,0,0,0,0,0,522,94,3410
40,Madhya Pradesh,Rewa,0,0,0,0,0,194,0,0,0,0,0,194,0,0,0,0,0,0,0,0,0,204,44,0,44,160,0,10,214,15,8,0,23,0,0,0,0,0,0,0,0,3039,222,0,222,3261,0,0,0,0,3,0,0,3,0,0,0,0,0,0,0,0,0,0,0,0,0,20,0,0,20,0,196,0,0,0,0,0,0,0,0,0,0,0,0,0,0,0,196,29,3940
41,Madhya Pradesh,Sagar,6,6,0,0,12,289,0,0,0,0,0,289,0,0,0,0,0,0,0,0,0,337,41,0,41,296,0,2,339,0,2,0,2,0,0,0,0,0,0,0,0,4618,24,23,1,4642,0,0,0,0,0,0,0,0,0,0,0,0,0,1,0,1,0,0,0,0,0,9,0,0,9,0,872,2,0,0,0,0,0,0,0,0,0,0,0,0,0,0,874,65,6233
42,Madhya Pradesh,Satna,0,0,0,0,0,87,0,0,0,0,0,87,0,0,0,0,0,0,0,0,0,293,35,0,35,258,31,0,324,0,0,0,0,0,0,0,0,0,0,0,0,4003,194,0,194,4197,0,0,0,0,2,0,0,2,0,0,0,0,0,0,0,0,0,0,0,0,0,16,0,0,16,0,576,0,0,0,0,0,0,0,0,0,0,0,0,0,0,0,576,10,5212
43,Madhya Pradesh,Seoni,0,0,0,0,0,85,0,0,0,0,0,85,0,0,0,0,0,0,0,0,0,81,2,0,2,79,0,0,81,0,0,0,0,0,0,0,0,0,0,0,0,3841,31,0,31,3872,0,1,0,0,0,0,0,1,0,0,0,0,0,0,0,0,0,0,0,0,0,3,0,0,3,0,693,0,0,0,0,0,0,0,0,0,0,0,0,0,0,0,693,176,4911
44,Madhya Pradesh,Shahdol,0,1,0,0,1,88,0,0,0,0,0,88,0,0,0,0,0,0,0,0,0,160,6,0,6,154,2,0,162,1,0,0,1,0,0,0,0,0,0,0,0,2328,90,32,58,2418,0,0,0,0,2,0,0,2,0,0,0,0,0,0,0,0,0,0,0,0,0,1,0,0,1,0,378,0,0,0,0,0,0,0,0,0,0,0,0,0,0,0,378,0,3051
45,Madhya Pradesh,Shajapur,0,0,0,0,0,118,0,0,0,0,0,118,0,0,0,0,0,0,2,0,2,128,7,0,7,121,0,0,128,0,0,0,0,0,0,0,0,3,0,3,0,1187,16,9,7,1203,0,0,0,0,0,0,0,0,0,0,0,0,0,0,0,0,0,0,0,0,0,5,0,0,5,0,380,0,0,0,0,0,0,0,0,0,0,0,0,0,0,16,396,0,1855
46,Madhya Pradesh,Sheopur,0,0,0,0,0,18,0,0,0,0,0,18,0,0,0,0,0,0,0,0,0,134,8,0,8,126,1,0,135,5,0,0,5,0,0,0,0,0,0,0,0,1245,162,139,23,1407,0,0,0,0,3,0,0,3,0,0,0,0,0,0,0,0,0,0,0,0,0,15,0,0,15,0,176,0,0,0,0,0,0,0,0,3,0,0,0,0,0,0,179,4,1766
47,Madhya Pradesh,Shivpuri,0,0,0,0,0,136,0,0,0,0,0,136,0,0,0,0,0,0,0,0,0,166,73,0,73,93,11,0,177,0,1,0,1,0,0,0,0,0,0,0,0,1701,130,0,130,1831,0,0,0,0,0,0,0,0,0,0,0,0,0,0,0,0,0,0,0,0,0,23,1,0,24,0,522,21,0,0,0,0,0,0,0,11,0,0,0,0,0,0,554,94,2817
48,Madhya Pradesh,Sidhi,0,0,0,0,0,54,0,0,0,0,0,54,0,0,0,0,0,0,0,0,0,20,20,0,20,0,0,0,20,0,0,0,0,9,0,0,0,0,0,9,0,3125,77,76,1,3202,0,0,0,0,0,0,0,0,0,0,0,0,0,0,0,0,0,0,0,0,0,11,0,0,11,0,49,0,0,0,0,0,0,0,0,0,0,0,0,0,0,0,49,0,3345
49,Madhya Pradesh,Sehore,0,0,0,0,0,176,0,0,0,0,0,176,0,0,0,0,0,1,0,0,1,120,10,0,10,110,0,2,122,1,2,0,3,0,0,0,0,0,0,0,0,1676,31,14,17,1707,0,0,0,0,0,2,0,2,0,0,0,0,0,1,1,2,0,0,0,0,0,6,0,0,6,0,521,26,0,0,0,0,0,0,0,0,0,0,0,0,0,0,547,20,2586
50,Madhya Pradesh,Singrauli,0,0,0,0,0,90,1,1,0,0,0,92,0,0,0,0,0,0,0,0,0,214,1,0,1,213,38,0,252,1,0,0,1,0,0,0,0,0,1,1,0,3671,215,121,94,3886,0,0,0,0,0,0,0,0,0,0,0,0,0,0,0,0,0,0,0,0,0,48,0,0,48,0,199,0,0,0,0,0,0,0,0,3,0,0,0,0,0,0,202,10,4492
51,Madhya Pradesh,Tikamgarh,1,0,0,0,1,83,0,0,0,0,0,83,0,0,0,0,0,0,0,0,0,129,41,0,41,88,2,0,131,0,0,0,0,0,0,0,0,0,0,0,0,1822,8,4,4,1830,0,0,0,0,0,0,0,0,0,0,0,0,0,0,0,0,0,0,0,0,0,13,0,0,13,0,257,0,0,0,0,0,0,0,0,0,0,0,0,0,0,8,265,1,2324
52,Madhya Pradesh,Ujjain,0,4,0,0,4,148,0,0,0,0,0,148,0,0,0,0,0,0,0,0,0,325,37,0,37,288,0,0,325,1,3,0,4,0,0,0,0,0,0,0,0,3356,57,35,22,3413,0,0,0,0,0,0,0,0,0,0,0,0,0,0,0,0,0,0,0,0,0,8,0,0,8,0,456,6,0,0,0,0,0,0,0,0,0,0,0,0,0,0,462,112,4476
53,Madhya Pradesh,Umaria,0,0,0,0,0,30,0,0,0,0,0,30,0,0,0,0,0,0,0,0,0,54,1,0,1,53,0,0,54,0,0,0,0,0,0,0,0,0,0,0,0,1150,29,9,20,1179,0,0,0,0,0,0,0,0,0,0,0,0,0,0,0,0,0,0,0,0,0,7,0,0,7,0,109,0,0,0,0,0,0,0,0,0,0,0,0,0,0,0,109,0,1379
54,Madhya Pradesh,Vidisha,0,0,0,0,0,164,0,0,0,0,0,164,0,0,0,0,0,0,0,0,0,32,8,0,8,24,1,0,33,0,0,0,0,0,0,0,0,0,0,0,0,1147,32,0,32,1179,0,0,0,0,0,0,0,0,0,0,0,0,0,0,0,0,0,0,0,0,0,16,0,0,16,0,579,25,0,0,0,0,0,0,0,0,0,0,0,0,0,0,604,14,2010
55,Madhya Pradesh,Cyber Crime Cell,0,0,0,0,0,0,0,0,0,0,0,0,0,0,0,0,0,0,0,0,0,0,0,0,0,0,0,0,0,275,0,0,275,0,0,0,0,0,0,0,0,0,0,0,0,0,0,0,0,0,0,0,0,0,0,0,0,0,0,0,0,0,0,0,0,0,0,0,0,0,0,0,0,0,0,0,0,0,0,0,0,0,0,0,0,0,0,0,0,0,275
56,Madhya Pradesh,Niwari,1,0,0,0,1,23,0,0,0,0,0,23,0,0,0,0,0,0,0,0,0,114,114,0,114,0,1,0,115,0,0,0,0,0,0,0,0,0,0,0,0,1570,26,0,26,1596,0,0,0,0,0,0,0,0,0,0,0,0,0,0,0,0,0,0,0,0,0,6,0,0,6,0,142,0,0,0,0,0,0,0,0,4,0,0,0,0,0,0,146,28,1915
57,Madhya Pradesh,Bhopal Rural,0,0,0,0,0,60,0,0,0,0,0,60,0,0,0,0,0,0,0,0,0,18,4,0,4,14,0,0,18,1,0,0,1,0,0,0,0,0,0,0,0,661,3,2,1,664,0,1,0,0,2,0,0,3,0,0,0,0,0,0,0,0,0,0,0,0,0,5,2,0,7,0,177,9,0,0,0,0,0,0,0,0,0,0,0,0,0,0,186,10,949
58,Madhya Pradesh,Indore Rural,0,0,0,0,0,89,0,0,0,0,0,89,0,0,0,0,0,0,0,0,0,227,13,0,13,214,3,0,230,0,0,0,0,0,0,0,0,0,0,0,0,1930,111,110,1,2041,0,0,0,0,0,0,0,0,0,0,0,0,0,0,0,0,0,0,0,0,0,5,0,0,5,0,317,4,0,0,0,0,0,0,1,4,0,0,0,0,0,0,326,40,2731
Total Districts,Total Districts,Total Districts,63,30,10,0,103,5996,7,7,0,0,0,6010,1,0,0,0,1,7,2,0,9,12707,2607,4,2603,10100,313,22,13042,407,66,10,483,9,2,0,0,50,2,63,5,132649,4811,2642,2169,137465,6,12,0,0,50,11,0,79,0,0,0,0,0,4,1,5,0,0,0,1,1,595,5,2,602,0,29716,434,0,0,0,0,0,0,5,236,0,0,0,0,19,300,30710,1815,190388
1,Maharashtra,Ahmednagar,0,10,0,0,10,303,0,15,0,14,0,332,1,2,0,0,3,0,0,0,0,90,5,0,5,85,5,0,95,46,2,0,48,0,0,0,0,0,27,27,4203,0,69,61,8,4272,0,2,3,0,12,0,0,17,0,0,0,0,0,0,0,0,0,0,0,0,0,20,0,1,21,0,1192,149,0,0,0,0,0,0,0,0,0,0,0,352,149,0,1842,439,7106
2,Maharashtra,Akola,1,0,0,0,1,151,0,0,0,0,0,151,6,0,0,0,6,5,0,0,5,278,7,0,7,271,3,0,281,4,0,0,4,0,0,0,0,0,8,8,2469,0,36,0,36,2505,0,0,0,0,164,0,0,164,0,0,0,0,0,0,0,0,0,0,0,0,0,85,0,0,85,0,1362,184,0,0,0,0,0,0,0,0,0,0,0,35,0,397,1978,164,5352
3,Maharashtra,Amravati Commr.,1,0,0,0,1,158,2,0,0,1,0,161,6,0,0,0,6,0,0,0,0,106,4,0,4,102,1,0,107,4,2,0,6,0,0,0,0,0,12,12,1151,0,17,3,14,1168,0,0,6,0,0,0,0,6,0,0,0,0,0,0,0,0,0,0,0,0,0,11,0,2,13,0,523,124,0,0,0,0,0,0,1,0,0,0,0,13,267,0,928,47,2455
4,Maharashtra,Amravati Rural,2,0,1,0,3,185,0,1,0,1,0,187,0,1,0,0,1,2,0,0,2,46,2,0,2,44,0,2,48,7,0,0,7,0,0,0,0,0,10,10,4206,0,13,4,9,4219,0,0,0,0,263,0,0,263,0,0,0,0,0,0,0,0,0,0,0,0,0,4,0,52,56,0,1383,218,0,1,0,0,0,0,0,0,0,0,0,626,0,76,2304,125,7225
5,Maharashtra,Aurangabad Commr.,0,3,0,0,3,104,0,1,0,2,0,107,3,0,0,0,3,3,0,0,3,67,8,0,8,59,0,0,67,6,9,0,15,0,0,0,0,0,23,23,1099,0,41,4,37,1140,0,0,43,0,0,0,0,43,0,0,0,0,0,0,0,0,0,0,0,0,0,18,0,0,18,0,175,29,0,1,0,0,0,0,0,2,0,0,0,1,130,0,338,36,1796
6,Maharashtra,Aurangabad Rural,0,10,0,0,10,100,0,1,0,0,0,101,20,3,0,0,23,0,0,0,0,29,7,0,7,22,0,0,29,22,0,0,22,0,0,0,0,0,27,27,2121,0,12,1,11,2133,0,0,0,0,0,0,0,0,0,0,0,0,0,0,0,0,0,0,0,0,0,8,0,0,8,0,585,24,0,0,0,0,0,0,0,0,0,0,0,44,0,0,653,108,3114
7,Maharashtra,Beed,0,9,0,0,9,133,0,2,0,0,0,135,19,5,0,0,24,0,0,0,0,25,4,0,4,21,1,1,27,6,0,0,6,0,0,0,0,0,26,26,1684,0,7,2,5,1691,0,0,3,0,0,0,0,3,0,0,0,0,0,0,0,0,0,0,0,0,0,8,0,0,8,0,762,26,0,0,0,0,0,0,0,0,0,0,0,39,44,0,871,63,2863
8,Maharashtra,Bhandara,1,0,0,0,1,60,1,1,0,0,0,62,0,0,0,0,0,4,0,0,4,15,2,0,2,13,0,0,15,2,0,0,2,0,0,0,0,0,7,7,1431,0,15,15,0,1446,0,0,6,0,0,0,0,6,0,0,0,0,0,0,0,0,0,0,0,0,0,1,0,0,1,0,300,26,0,0,0,0,0,0,0,0,0,0,0,109,71,0,506,58,2108
9,Maharashtra,Buldhana,0,1,0,0,1,156,1,4,0,1,0,162,2,0,1,0,3,3,0,0,3,42,3,0,3,39,1,0,43,18,1,0,19,5,0,0,0,0,9,14,4442,0,14,7,7,4456,0,0,0,0,232,0,0,232,0,0,0,0,0,0,0,0,0,0,0,0,0,32,0,4,36,0,1954,179,0,0,0,0,0,0,0,0,0,0,0,77,0,122,2332,40,7341
10,Maharashtra,Chandrapur,1,0,0,0,1,174,0,0,0,0,0,174,5,0,0,0,5,2,0,0,2,40,4,0,4,36,0,0,40,12,0,0,12,0,0,0,0,0,15,15,2452,0,12,0,12,2464,0,0,16,0,0,0,0,16,0,0,0,0,0,0,0,0,0,0,0,0,0,3,0,29,32,0,486,40,0,0,0,0,0,0,1,0,0,0,0,340,98,0,965,79,3805
11,Maharashtra,Dhule,0,0,0,0,0,56,0,2,0,0,0,58,1,2,0,0,3,0,0,0,0,45,26,0,26,19,0,1,46,2,0,0,2,0,0,0,0,0,16,16,1632,0,32,18,14,1664,0,0,10,0,0,0,0,10,0,0,0,0,0,0,0,0,0,0,0,0,0,17,0,0,17,0,962,146,0,0,0,0,0,0,0,0,0,0,0,0,66,0,1174,138,3128
12,Maharashtra,Gadchiroli,0,0,0,0,0,54,0,0,0,0,0,54,1,0,0,0,1,1,3,0,4,0,0,0,0,0,0,2,2,1,0,0,1,0,0,0,0,0,17,17,2458,0,3,2,1,2461,0,0,0,0,0,0,0,0,0,0,0,0,0,0,0,0,0,0,0,0,0,1,0,23,24,0,128,25,0,1,0,0,0,0,0,0,0,0,0,4,3,0,161,33,2758
13,Maharashtra,Gondia,13,0,0,0,13,89,0,0,0,0,0,89,31,3,0,0,34,0,0,1,1,13,0,0,0,13,0,0,13,6,0,0,6,0,0,0,0,0,15,15,3200,0,6,0,6,3206,0,0,0,0,0,0,0,0,0,0,0,0,0,0,0,0,0,0,0,0,0,2,0,0,2,0,310,156,0,0,0,0,0,0,0,0,0,0,0,58,24,0,548,68,3995
14,Maharashtra,Hingoli,0,0,0,0,0,53,0,1,0,0,0,54,0,0,0,0,0,1,0,0,1,61,2,0,2,59,2,0,63,0,3,0,3,0,0,0,0,0,9,9,1513,0,7,7,0,1520,0,0,0,0,33,0,0,33,0,0,0,0,0,0,0,0,0,0,0,0,0,12,0,0,12,0,476,38,0,0,0,0,0,0,0,0,0,0,0,18,0,44,576,25,2296
15,Maharashtra,Jalgaon,0,6,0,0,6,187,2,5,0,0,0,194,0,0,0,0,0,4,0,0,4,76,42,0,42,34,0,0,76,6,2,0,8,0,0,0,0,0,27,27,3202,0,13,1,12,3215,0,0,0,0,19,0,0,19,0,0,0,0,0,0,0,0,0,0,0,0,0,27,0,0,27,0,1202,777,0,0,0,0,0,0,0,11,0,0,0,54,97,0,2141,81,5798
16,Maharashtra,Jalna,0,1,0,0,1,86,0,0,0,2,0,88,0,0,0,0,0,0,0,0,0,46,14,0,14,32,0,3,49,107,2,0,109,0,0,0,0,0,27,27,1521,0,10,10,0,1531,0,0,0,0,0,0,0,0,0,0,0,0,0,0,0,0,0,0,0,0,0,12,0,0,12,0,610,16,0,0,0,0,0,0,0,0,0,0,0,20,39,0,685,53,2555
17,Maharashtra,Kolhapur,0,0,0,0,0,235,0,16,0,3,0,254,0,0,0,0,0,4,0,0,4,72,26,1,25,46,1,0,73,4,9,0,13,0,0,0,0,0,22,22,2361,0,38,33,5,2399,4,3,1,0,11,0,0,19,0,0,0,0,0,0,0,0,0,0,0,0,0,33,0,14,47,0,1120,25,0,6,0,0,0,0,0,0,0,0,0,214,18,0,1383,163,4377
18,Maharashtra,Latur,0,1,0,0,1,68,1,3,0,3,1,76,21,0,0,0,21,1,0,2,3,48,3,0,3,45,0,0,48,11,2,0,13,0,0,0,0,0,13,13,2300,0,5,4,1,2305,0,2,0,0,3,0,0,5,0,0,0,0,0,0,0,0,0,0,0,0,0,6,0,0,6,0,778,8,0,0,0,0,0,0,0,11,0,0,0,275,0,145,1217,14,3722
19,Maharashtra,Mumbai Commr.,0,42,0,0,42,1184,19,2,0,30,0,1235,4,0,0,0,4,7,0,0,7,274,50,0,50,224,0,0,274,30,149,0,179,16,0,0,0,0,0,16,1100,0,11046,10264,782,12146,2,3,4,0,77,0,0,86,27,50,0,0,77,0,0,0,0,0,0,0,0,10,0,0,10,0,799,941,0,0,0,0,0,0,0,186,0,0,0,2,3483,0,5411,322,19809
20,Maharashtra,Mumbai Railway,0,0,0,0,0,15,1,0,0,0,0,16,0,0,0,0,0,0,0,0,0,3,1,0,1,2,0,0,3,1,0,0,1,0,0,0,0,0,1,1,42,0,10,7,3,52,0,0,0,0,1,0,0,1,1,0,0,0,1,15,0,15,0,0,0,0,0,0,0,39,39,0,1,0,0,0,0,0,0,0,0,2,0,0,0,0,0,14,17,1,147
21,Maharashtra,Nagpur Commr.,0,18,0,0,18,249,0,0,0,1,0,250,1,0,0,0,1,13,1,0,14,557,11,0,11,546,0,0,557,18,8,0,26,0,0,0,0,0,8,8,2723,0,280,138,142,3003,8,0,55,0,36,0,0,99,0,0,0,0,0,0,0,0,0,0,0,0,0,74,0,0,74,0,1155,411,0,0,0,0,0,0,0,0,0,0,0,14,502,0,2082,146,6278
22,Maharashtra,Nagpur Railway,0,0,0,0,0,1,0,0,0,0,0,1,0,0,0,0,0,0,0,0,0,2,0,0,0,2,0,1,3,0,0,0,0,0,0,0,0,0,0,0,8,0,25,0,25,33,0,0,0,0,0,0,0,0,0,0,0,0,0,0,0,0,0,0,0,0,0,0,0,2,2,0,0,0,0,0,0,0,0,0,0,0,0,0,0,0,0,6,6,0,45
23,Maharashtra,Nagpur Rural,0,1,0,0,1,143,0,1,0,0,0,144,7,3,0,0,10,3,0,3,6,53,17,0,17,36,0,0,53,14,1,0,15,0,0,0,0,0,6,6,3248,0,19,17,2,3267,0,0,4,0,0,0,0,4,0,0,0,0,0,0,0,0,0,0,0,0,0,1,0,0,1,0,827,129,0,0,0,0,0,0,1,1,0,0,0,203,124,0,1285,88,4880
24,Maharashtra,Nanded,0,0,0,0,0,120,0,0,0,0,0,120,23,2,0,0,25,5,0,0,5,166,22,0,22,144,0,1,167,6,5,0,11,0,0,0,0,0,26,26,1863,0,6,0,6,1869,0,0,0,0,26,0,0,26,0,0,0,0,0,0,0,0,0,0,0,0,0,10,0,0,10,0,826,21,0,0,0,0,0,0,2,0,0,0,0,15,50,41,955,0,3214
25,Maharashtra,Nandurbar,0,1,0,0,1,56,0,0,0,0,0,56,0,2,0,0,2,1,0,0,1,22,5,0,5,17,0,0,22,0,3,0,3,0,0,0,0,0,9,9,1825,0,8,7,1,1833,0,0,0,0,0,0,0,0,0,0,0,0,0,0,0,0,0,0,0,0,0,8,0,6,14,0,759,101,0,0,0,0,0,0,0,0,0,0,0,433,70,4,1367,48,3356
26,Maharashtra,Nasik Commr.,0,0,0,0,0,87,0,0,0,0,0,87,0,0,0,0,0,1,0,0,1,110,22,0,22,88,0,0,110,2,1,0,3,0,0,0,0,0,21,21,300,0,27,24,3,327,0,0,0,0,0,0,0,0,0,0,0,0,0,0,0,0,0,0,0,0,0,4,0,0,4,0,128,14,0,0,0,0,0,0,0,0,0,0,0,0,158,0,300,41,894
27,Maharashtra,Nasik Rural,0,0,0,0,0,163,1,1,0,2,1,168,5,3,0,0,8,1,0,0,1,71,18,1,17,53,0,0,71,2,2,0,4,0,0,0,0,0,26,26,2755,0,12,7,5,2767,0,0,4,0,56,0,0,60,0,0,0,0,0,0,0,0,0,0,0,0,0,23,0,3,26,0,875,193,0,0,0,0,0,0,0,0,0,0,0,280,91,88,1527,173,4831
28,Maharashtra,Navi Mumbai,0,3,0,0,3,191,6,0,0,5,0,202,22,3,0,0,25,2,0,2,4,17,13,0,13,4,0,0,17,39,15,0,54,0,0,0,0,0,9,9,189,0,149,118,31,338,0,2,7,0,69,0,0,78,0,7,0,0,7,0,0,0,0,0,0,0,0,7,0,0,7,0,85,80,0,0,0,0,0,0,1,4,0,0,0,0,223,7,400,0,1144
29,Maharashtra,Osmanabad,0,9,0,0,9,62,0,1,0,0,0,63,1,0,0,0,1,8,0,0,8,15,0,0,0,15,0,0,15,4,0,0,4,0,0,0,0,0,20,20,1563,0,9,0,9,1572,0,0,0,0,0,0,0,0,0,0,0,0,0,0,0,0,0,0,0,0,0,2,0,0,2,0,623,5,0,1,0,0,0,0,0,0,0,0,0,76,30,5,740,40,2474
30,Maharashtra,Palghar,0,0,0,0,0,79,0,0,0,2,0,81,2,3,0,0,5,1,0,0,1,4,4,0,4,0,0,0,4,7,1,0,8,0,0,0,0,0,12,12,538,0,19,9,10,557,0,0,1,0,0,0,0,1,0,1,0,0,1,0,0,0,0,0,0,0,0,13,0,0,13,0,31,50,0,1,2,2,0,0,0,0,0,0,0,80,25,1,190,14,887
31,Maharashtra,Parbhani,0,3,0,0,3,67,0,4,0,0,0,71,23,2,0,0,25,4,0,0,4,50,8,1,7,42,0,1,51,3,0,0,3,5,0,0,0,0,13,18,1683,0,6,0,6,1689,0,0,0,0,0,0,0,0,0,0,0,0,0,0,0,0,0,0,0,0,0,17,0,0,17,0,664,11,0,0,0,0,0,0,0,0,0,0,0,2,3,122,802,13,2696
32,Maharashtra,Pune Commr.,0,4,0,0,4,161,3,1,0,0,0,165,13,0,0,0,13,6,0,0,6,210,87,1,86,123,0,0,210,113,19,0,132,0,0,0,0,0,23,23,877,0,149,66,83,1026,1,7,1,0,41,0,0,50,2,0,0,0,2,0,0,0,0,0,0,0,0,14,0,4,18,0,448,60,0,0,0,0,0,0,1,15,0,0,0,4,837,0,1365,85,3099
33,Maharashtra,Pune Railway,0,0,0,0,0,0,0,0,0,0,0,0,0,0,0,0,0,0,0,0,0,3,0,0,0,3,0,0,3,0,0,0,0,0,0,0,0,0,0,0,0,0,12,9,3,12,0,0,0,0,0,0,0,0,0,0,0,0,0,1,0,1,0,0,0,0,0,0,0,0,0,0,0,0,0,0,0,0,0,0,0,0,0,0,0,0,13,9,22,1,39
34,Maharashtra,Pune Rural,0,5,0,0,5,341,2,6,0,0,0,349,2,1,1,0,4,11,0,0,11,53,28,1,27,25,0,0,53,2,3,0,5,1,0,0,0,0,24,25,1791,0,22,9,13,1813,0,1,8,0,13,0,0,22,0,0,0,0,0,0,0,0,0,0,0,0,0,5,0,5,10,0,436,364,0,0,0,0,0,0,0,0,0,0,0,206,52,132,1190,0,3487
35,Maharashtra,Raigad,0,0,0,0,0,90,3,0,0,2,0,95,1,0,0,0,1,4,0,0,4,8,8,0,8,0,1,0,9,0,1,0,1,0,0,0,0,0,15,15,726,0,14,14,0,740,0,3,2,0,0,0,0,5,0,0,0,0,0,0,0,0,0,0,0,0,0,4,0,11,15,0,220,39,0,0,0,0,0,0,0,0,0,0,0,0,67,0,326,37,1248
36,Maharashtra,Ratnagiri,0,0,0,0,0,51,0,0,0,0,0,51,9,0,0,0,9,2,0,0,2,17,17,1,16,0,0,1,18,9,0,0,9,0,0,0,0,0,6,6,860,0,12,12,0,872,0,8,1,0,0,0,0,9,0,0,0,0,0,0,0,0,0,0,0,0,0,1,0,0,1,0,208,0,0,0,0,0,0,0,0,0,0,0,0,0,9,26,243,0,1220
37,Maharashtra,Sangli,0,1,0,0,1,109,1,3,0,0,0,113,21,0,0,0,21,9,0,0,9,69,19,1,18,50,0,1,70,3,0,0,3,0,0,0,0,0,23,23,1381,0,42,32,10,1423,0,2,1,0,0,0,0,3,0,0,0,0,0,0,0,0,0,0,0,0,0,8,0,11,19,0,644,38,0,1,0,0,0,0,0,3,0,0,0,35,137,26,884,24,2593
38,Maharashtra,Satara,0,0,0,0,0,212,0,2,0,0,0,214,30,0,0,0,30,12,0,0,12,39,20,0,20,19,1,0,40,1,1,0,2,0,0,0,0,0,20,20,1467,0,32,28,4,1499,0,0,0,0,142,0,0,142,0,0,0,0,0,1,0,1,0,0,0,0,0,4,0,0,4,0,844,145,0,0,0,0,0,0,0,6,0,0,0,830,0,0,1825,349,4138
39,Maharashtra,Sindhudurg,0,0,0,0,0,36,4,0,0,0,0,40,6,1,0,0,7,9,0,0,9,1,1,0,1,0,0,1,2,2,0,0,2,0,0,0,0,0,3,3,469,0,3,3,0,472,0,3,6,0,0,0,0,9,0,0,0,0,0,0,0,0,0,0,0,0,0,0,0,0,0,0,150,1,0,0,0,0,0,0,0,0,0,0,0,5,4,4,164,0,708
40,Maharashtra,Solapur Commr.,0,0,0,0,0,71,4,2,0,15,0,92,8,0,0,0,8,0,0,0,0,10,2,0,2,8,0,0,10,5,0,0,5,0,0,0,0,0,12,12,1254,0,14,12,2,1268,1,1,0,0,1,0,0,3,0,0,0,0,0,0,0,0,0,0,0,0,0,12,0,0,12,0,593,14,0,0,0,0,0,0,0,5,0,0,0,10,0,136,758,0,2168
41,Maharashtra,Solapur Rural,0,2,0,0,2,240,0,14,0,0,0,254,42,3,0,0,45,2,0,1,3,28,8,1,7,20,0,0,28,8,1,0,9,0,0,0,0,0,18,18,4495,0,34,5,29,4529,0,0,0,0,0,0,0,0,0,0,0,0,0,0,0,0,0,0,0,0,0,36,0,2,38,0,996,228,0,0,0,0,0,0,0,2,0,0,0,470,107,18,1821,57,6804
42,Maharashtra,Thane Commr.,0,1,0,0,1,450,1,0,0,0,0,451,1,1,0,0,2,0,0,1,1,218,39,0,39,179,2,0,220,91,14,0,105,0,0,0,0,0,23,23,1019,0,550,500,50,1569,1,6,4,0,18,0,0,29,0,2,0,0,2,0,0,0,0,0,0,0,0,5,0,0,5,0,380,779,0,0,0,0,0,0,0,71,0,0,0,3,0,622,1855,92,4355
43,Maharashtra,Thane Rural,1,0,0,0,1,56,1,2,0,0,0,59,6,4,0,0,10,1,0,0,1,5,3,0,3,2,0,0,5,1,0,0,1,0,0,0,0,0,7,7,1007,0,4,2,2,1011,0,0,0,0,1,0,0,1,0,0,0,0,0,0,0,0,0,0,0,0,0,3,0,0,3,0,71,176,0,0,2,0,2,0,0,0,0,0,0,0,0,0,249,42,1390
44,Maharashtra,Wardha,2,0,0,0,2,139,3,0,0,0,0,142,0,0,0,0,0,4,0,0,4,238,3,0,3,235,0,0,238,21,0,0,21,0,0,0,0,1,5,6,6874,0,34,33,1,6908,0,0,0,0,1,0,0,1,0,0,0,0,0,0,0,0,0,0,0,0,0,8,0,0,8,0,798,28,0,0,0,0,0,0,0,0,0,0,0,431,155,0,1412,31,8773
45,Maharashtra,Washim,5,2,0,0,7,70,0,1,0,2,0,73,10,1,0,0,11,0,0,0,0,35,0,0,0,35,0,0,35,5,0,0,5,0,0,0,0,0,14,14,2253,0,7,6,1,2260,0,0,8,0,0,0,0,8,0,0,0,0,0,0,0,0,0,0,0,0,0,13,0,0,13,0,1020,143,0,0,0,0,0,0,0,1,0,0,0,81,37,0,1282,0,3708
46,Maharashtra,Yavatmal,1,5,0,0,6,200,1,4,0,1,0,206,3,5,0,0,8,8,0,0,8,61,3,0,3,58,1,0,62,8,0,0,8,0,0,0,0,0,10,10,5533,0,4,4,0,5537,0,0,0,0,952,0,0,952,0,0,0,0,0,0,0,0,0,0,0,0,0,4,0,2,6,0,1803,369,0,0,0,0,0,0,1,0,0,0,0,1296,0,32,3501,307,10611
47,Maharashtra,Pimpri Chinchwad City,0,28,0,0,28,247,1,3,0,0,0,251,1,0,0,0,1,8,0,0,8,42,42,0,42,0,0,0,42,66,9,0,75,0,0,0,0,0,13,13,1996,0,99,64,35,2095,1,0,0,0,24,0,0,25,0,0,0,0,0,0,0,0,0,0,0,0,0,20,0,0,20,0,278,103,0,0,0,0,0,0,0,1,0,0,0,40,61,353,836,0,3394
48,Maharashtra,Aurangabad Railway,0,0,0,0,0,5,0,0,0,0,0,5,0,0,0,0,0,0,0,0,0,0,0,0,0,0,0,0,0,0,0,0,0,0,0,0,0,0,0,0,13,0,7,7,0,20,0,0,0,0,0,0,0,0,0,0,0,0,0,0,0,0,0,0,0,0,0,0,0,0,0,0,0,0,0,0,0,0,0,0,0,0,0,0,0,0,0,29,29,0,54
49,Maharashtra,Mira Bhayandar Vasai Virar Commr.,0,0,0,0,0,325,0,0,0,0,0,325,8,4,0,0,12,0,0,1,1,18,15,0,15,3,0,1,19,21,10,1,32,0,0,0,0,0,11,11,992,0,825,717,108,1817,0,1,4,0,23,0,0,28,1,14,0,0,15,0,0,0,0,0,0,0,0,5,0,0,5,0,115,177,0,0,0,0,0,0,0,15,0,0,0,1,34,8,350,121,2736
Total Districts,Total Districts,Total Districts,28,166,1,0,195,7572,58,99,0,87,2,7818,365,54,2,0,421,152,4,11,167,3498,625,8,617,2873,19,16,3533,746,275,1,1022,27,0,0,0,1,688,716,94289,0,13830,12286,1544,108119,18,44,198,0,2218,0,0,2478,31,74,0,0,105,17,0,17,0,0,0,0,0,611,0,210,821,0,30085,6810,0,12,4,2,2,0,8,336,0,0,0,6796,7278,2467,53796,3766,182974
1,Manipur,Bishnupur,0,0,0,0,0,8,1,0,0,0,0,9,0,0,0,0,0,0,23,0,23,2,2,0,2,0,0,1,3,0,0,0,0,0,0,0,0,0,0,0,0,0,42,0,42,42,0,0,0,0,0,0,0,0,0,0,0,0,0,0,0,0,0,0,0,0,0,0,0,0,0,0,0,0,0,0,0,0,0,0,0,0,0,0,0,0,0,0,0,7,84
2,Manipur,Chandel,0,0,0,0,0,0,0,0,0,0,0,0,0,0,0,0,0,0,4,0,4,1,1,0,1,0,0,0,1,0,0,0,0,0,0,0,0,0,0,0,0,0,17,1,16,17,0,0,0,0,0,0,0,0,0,0,0,0,0,0,0,0,0,0,0,0,0,0,0,0,0,0,0,0,0,0,0,0,0,0,0,0,0,0,0,0,0,0,0,0,22
3,Manipur,Churachandpur,0,0,0,0,0,7,0,0,0,0,0,7,0,0,0,0,0,1,4,0,5,1,1,0,1,0,0,0,1,0,0,0,0,0,0,0,0,0,0,0,0,0,43,20,23,43,0,0,0,0,0,0,0,0,2,0,0,0,2,0,0,0,0,0,0,0,0,0,0,0,0,0,0,0,0,0,0,0,0,0,0,0,0,0,0,0,0,0,0,2,60
4,Manipur,CID,0,0,0,0,0,0,0,0,0,0,0,0,0,0,0,0,0,0,0,0,0,0,0,0,0,0,0,0,0,0,0,0,0,0,0,0,0,0,0,0,0,0,0,0,0,0,0,0,0,0,0,0,0,0,0,0,0,0,0,0,0,0,0,0,0,0,0,0,0,0,0,0,0,0,0,0,0,0,0,0,0,0,0,0,0,0,0,0,0,0,0
5,Manipur,Imphal East,0,0,0,0,0,13,0,0,0,0,0,13,0,0,0,0,0,0,39,0,39,1,1,0,1,0,0,4,5,0,0,0,0,0,0,0,0,0,0,0,0,0,71,0,71,71,0,0,0,0,0,0,0,0,0,0,0,0,0,0,0,0,0,0,0,0,0,0,0,0,0,0,0,0,0,0,0,0,0,0,0,0,0,0,0,0,0,0,0,8,136
6,Manipur,Imphal West,0,0,0,0,0,5,1,1,0,0,0,7,0,0,0,0,0,1,32,0,33,0,0,0,0,0,0,4,4,1,0,0,1,0,0,0,0,0,0,0,0,0,55,51,4,55,0,0,0,0,0,0,0,0,1,0,0,0,1,0,0,0,0,0,0,0,0,1,0,0,1,0,0,0,0,0,0,0,0,0,0,0,0,0,0,0,0,0,0,10,112
7,Manipur,Senapati,0,0,0,0,0,2,0,0,0,0,0,2,0,0,0,0,0,0,1,0,1,1,0,0,0,1,0,7,8,0,0,0,0,0,0,0,0,0,0,0,0,0,16,3,13,16,0,0,0,0,0,0,0,0,0,0,0,0,0,0,0,0,0,0,0,0,0,0,0,0,0,0,0,0,0,0,0,0,0,0,0,0,0,0,0,0,0,2,2,0,29
8,Manipur,Tamenglong,0,0,0,0,0,0,0,0,0,0,0,0,0,0,0,0,0,0,0,0,0,0,0,0,0,0,0,0,0,0,0,0,0,0,0,0,0,0,0,0,0,0,0,0,0,0,0,0,0,0,0,0,0,0,0,0,0,0,0,0,0,0,0,0,0,0,0,0,0,0,0,0,0,0,0,2,0,0,0,0,0,0,0,0,0,0,0,0,2,1,3
9,Manipur,Thoubal,0,0,0,0,0,8,0,0,0,0,0,8,0,0,0,0,0,0,19,0,19,1,1,0,1,0,0,0,1,0,0,0,0,0,0,0,0,0,0,0,0,0,48,13,35,48,0,0,0,0,0,0,0,0,0,0,0,0,0,0,0,0,0,0,0,0,0,0,0,0,0,0,1,0,0,1,0,0,0,0,0,0,0,0,0,0,0,0,2,0,78
10,Manipur,Ukhrul,0,0,0,0,0,3,2,0,0,0,0,5,0,0,0,0,0,0,2,0,2,0,0,0,0,0,0,3,3,0,0,0,0,0,0,0,0,0,0,0,0,0,15,1,14,15,0,0,0,0,0,0,0,0,0,0,0,0,0,0,0,0,0,0,0,0,0,0,0,0,0,0,0,0,0,0,0,0,0,0,0,0,0,0,0,0,0,0,0,5,30
11,Manipur,Kakching,0,0,0,0,0,4,0,0,0,0,0,4,0,0,0,0,0,0,17,0,17,1,1,0,1,0,0,5,6,0,0,0,0,0,0,0,0,0,0,0,0,0,39,37,2,39,0,0,0,0,0,0,0,0,2,0,0,0,2,0,0,0,0,0,0,0,0,11,0,0,11,0,0,0,0,0,0,0,0,0,0,0,0,0,0,0,0,0,0,4,83
12,Manipur,Kamjong,0,0,0,0,0,0,0,0,0,0,0,0,0,0,0,0,0,0,3,0,3,0,0,0,0,0,0,0,0,0,0,0,0,0,0,0,0,0,0,0,0,0,8,1,7,8,0,0,0,0,0,0,0,0,0,0,0,0,0,0,0,0,0,0,0,0,0,1,0,0,1,0,0,0,0,0,0,0,0,0,0,0,0,0,0,0,0,0,0,1,13
13,Manipur,Kangpokpi,0,0,0,0,0,1,0,0,0,0,0,1,0,0,0,0,0,1,2,0,3,15,15,0,15,0,0,1,16,0,0,0,0,0,0,0,0,0,0,0,0,0,33,0,33,33,0,0,0,0,0,0,0,0,0,0,0,0,0,0,0,0,0,0,0,0,0,0,0,0,0,0,0,0,0,1,0,0,0,0,0,0,0,0,0,0,0,0,1,3,57
14,Manipur,Jiribam,0,0,0,0,0,1,0,0,0,0,0,1,0,0,0,0,0,0,4,0,4,1,1,0,1,0,0,1,2,0,0,0,0,0,0,0,0,0,0,0,0,0,4,0,4,4,0,0,0,0,0,0,0,0,0,0,0,0,0,0,0,0,0,0,0,0,0,0,0,0,0,0,0,0,0,0,0,0,0,0,0,0,0,0,0,0,0,0,0,2,13
15,Manipur,Noney,0,0,0,0,0,0,0,0,0,0,0,0,0,0,0,0,0,0,1,0,1,2,2,0,2,0,1,0,3,0,0,0,0,0,0,0,0,0,0,0,0,0,0,0,0,0,0,0,0,0,0,0,0,0,0,0,0,0,0,0,0,0,0,0,0,0,0,0,0,0,0,0,0,0,0,0,0,0,0,0,0,0,0,0,0,0,0,0,0,1,5
16,Manipur,Pherzawl,0,0,0,0,0,0,0,0,0,0,0,0,0,0,0,0,0,0,0,0,0,0,0,0,0,0,0,0,0,0,0,0,0,0,0,0,0,0,0,0,0,0,0,0,0,0,0,0,0,0,0,0,0,0,0,0,0,0,0,0,0,0,0,0,0,0,0,0,0,0,0,0,0,0,0,0,0,0,0,0,0,0,0,0,0,0,0,0,0,0,0
17,Manipur,Tengnoupal,0,0,0,0,0,3,0,0,0,0,0,3,0,0,0,0,0,0,16,0,16,8,8,0,8,0,0,3,11,0,0,0,0,0,0,0,0,0,0,0,0,0,80,4,76,80,0,0,0,0,1,0,0,1,1,0,0,0,1,0,0,0,0,0,0,0,0,0,0,0,0,0,0,0,0,0,0,0,0,0,0,0,0,0,0,0,0,0,0,1,113
18,Manipur,Narcotic,0,0,0,0,0,0,0,0,0,0,0,0,0,0,0,0,0,0,0,0,0,0,0,0,0,0,0,0,0,0,0,0,0,0,0,0,0,0,0,0,0,0,47,1,46,47,0,0,0,0,0,0,0,0,0,0,0,0,0,0,0,0,0,0,0,0,0,0,0,0,0,0,0,0,0,0,0,0,0,0,0,0,0,0,0,0,0,0,0,0,47
Total Districts,Total Districts,Total Districts,0,0,0,0,0,55,4,1,0,0,0,60,0,0,0,0,0,3,167,0,170,34,33,0,33,1,1,29,64,1,0,0,1,0,0,0,0,0,0,0,0,0,518,132,386,518,0,0,0,0,1,0,0,1,6,0,0,0,6,0,0,0,0,0,0,0,0,13,0,0,13,0,1,0,0,4,0,0,0,0,0,0,0,0,0,0,0,2,7,45,885
1,Meghalaya,Garo Hills East,0,0,0,0,0,17,0,0,0,0,0,17,0,0,0,0,0,0,0,0,0,2,1,0,1,1,0,0,2,10,0,0,10,0,0,0,0,2,0,2,0,0,3,0,3,3,0,0,0,0,0,0,0,0,0,0,0,0,0,0,0,0,0,0,0,0,0,0,0,0,0,0,0,0,0,0,0,0,0,0,0,0,0,0,0,0,0,0,0,0,34
2,Meghalaya,Garo Hills North,0,0,0,0,0,11,0,0,0,0,0,11,0,0,0,0,0,0,0,0,0,1,1,0,1,0,0,0,1,4,0,0,4,0,0,0,0,0,0,0,0,0,1,0,1,1,0,0,0,0,0,0,0,0,0,0,0,0,0,0,0,0,0,0,0,0,0,0,0,0,0,0,0,0,0,0,0,0,0,0,0,0,0,0,0,0,0,0,0,0,17
3,Meghalaya,Garo Hills South,0,0,0,0,0,13,0,0,0,0,0,13,0,0,0,0,0,0,0,0,0,0,0,0,0,0,0,0,0,4,0,0,4,0,0,0,0,6,0,6,0,0,5,2,3,5,0,0,0,1,0,0,0,1,2,0,0,0,2,0,0,0,0,0,0,0,0,0,0,0,0,0,1,0,0,0,0,0,0,0,0,0,0,0,0,0,0,0,1,2,34
4,Meghalaya,Garo Hills South West,0,0,0,0,0,8,0,0,0,0,0,8,0,0,0,0,0,0,0,0,0,1,0,0,0,1,0,0,1,3,0,0,3,0,0,0,0,0,0,0,0,0,8,8,0,8,0,0,0,0,0,0,0,0,2,0,0,0,2,0,0,0,0,0,0,0,0,0,0,0,0,0,0,0,0,0,0,0,0,0,0,0,0,0,0,0,0,0,0,0,22
5,Meghalaya,Garo Hills West,2,1,0,0,3,44,1,0,0,0,0,45,0,0,0,0,0,0,0,0,0,5,5,0,5,0,0,2,7,7,0,0,7,0,0,0,0,4,1,5,0,0,17,16,1,17,0,0,0,0,1,0,0,1,4,0,0,0,4,0,0,0,0,0,0,0,0,1,0,0,1,0,1,0,0,0,0,0,0,0,0,0,0,0,0,0,0,0,1,0,91
6,Meghalaya,Jaintia Hills West,0,0,0,0,0,44,0,0,0,0,0,44,0,0,0,0,0,0,3,0,3,0,0,0,0,0,0,0,0,4,0,0,4,0,0,0,0,3,0,3,0,0,4,2,2,4,0,0,0,0,0,0,0,0,3,0,0,0,3,0,0,0,0,0,0,0,0,0,0,0,0,0,0,0,0,0,0,0,0,0,0,0,0,0,0,0,0,0,0,0,61
7,Meghalaya,Jaintia Hills East,0,0,0,0,0,24,0,0,0,0,0,24,0,0,0,0,0,0,0,0,0,0,0,0,0,0,3,0,3,0,0,0,0,0,0,0,0,0,0,0,0,0,8,8,0,8,0,0,0,0,0,0,33,33,6,0,0,0,6,0,0,0,0,0,0,0,0,0,0,0,0,0,0,0,0,0,0,0,0,0,0,0,0,0,0,0,0,0,0,10,84
8,Meghalaya,Khasi Hills East,1,0,0,0,1,104,2,0,0,0,0,106,0,0,0,0,0,0,1,0,1,2,0,0,0,2,0,3,5,17,0,0,17,0,0,0,0,0,0,0,0,0,47,22,25,47,0,0,0,0,0,0,0,0,9,0,0,0,9,0,0,0,0,0,0,0,0,0,0,0,0,0,0,0,0,0,0,0,0,0,0,0,0,0,0,0,0,0,0,1,187
9,Meghalaya,Khasi Hills South West,0,0,0,0,0,11,0,0,0,0,0,11,0,0,0,0,0,2,0,0,2,2,2,0,2,0,0,0,2,5,0,0,5,0,0,0,0,0,0,0,0,0,4,0,4,4,0,0,0,0,0,0,4,4,0,0,0,0,0,0,0,0,0,0,0,0,0,0,0,0,0,0,0,0,0,0,0,0,0,0,0,0,0,0,0,0,0,0,0,0,28
10,Meghalaya,Khasi Hills West,0,0,0,0,0,41,0,0,0,0,0,41,0,0,0,0,0,0,0,0,0,0,0,0,0,0,0,0,0,2,0,0,2,0,0,0,0,0,0,0,0,0,8,2,6,8,0,0,0,0,0,0,0,0,0,0,0,0,0,0,0,0,0,0,0,0,0,0,0,0,0,0,0,0,0,0,0,0,0,0,0,0,0,0,0,0,0,0,0,0,51
11,Meghalaya,Ri-Bhoi,0,0,0,0,0,43,2,0,0,0,0,45,0,0,0,0,0,2,0,0,2,2,2,0,2,0,0,3,5,8,0,0,8,0,0,0,0,8,0,8,0,0,11,8,3,11,0,0,0,0,0,0,0,0,0,0,0,0,0,0,0,0,0,0,0,0,0,0,0,0,0,0,0,0,0,0,0,0,0,0,0,0,0,0,0,0,0,0,0,0,79
12,Meghalaya,Cyber Cell,0,0,0,0,0,0,0,0,0,0,0,0,0,0,0,0,0,0,0,0,0,0,0,0,0,0,0,0,0,5,0,0,5,0,0,0,0,0,6,6,0,0,0,0,0,0,0,0,0,0,0,0,0,0,0,0,0,0,0,0,0,0,0,0,0,0,0,0,0,0,0,0,0,0,0,0,0,0,0,0,0,0,0,0,0,0,0,0,0,0,11
13,Meghalaya,Khasi Hills Eastern West,0,0,0,0,0,11,0,0,0,0,0,11,0,0,0,0,0,0,0,0,0,0,0,0,0,0,0,0,0,1,0,0,1,0,0,0,0,0,0,0,0,0,0,0,0,0,0,0,0,0,0,0,0,0,0,0,0,0,0,0,0,0,0,0,0,0,0,0,0,0,0,0,0,0,0,0,0,0,0,0,0,0,0,0,0,0,0,0,0,0,12
Total Districts,Total Districts,Total Districts,3,1,0,0,4,371,5,0,0,0,0,376,0,0,0,0,0,4,4,0,8,15,11,0,11,4,3,8,26,70,0,0,70,0,0,0,0,23,7,30,0,0,116,68,48,116,0,0,0,1,1,0,37,39,26,0,0,0,26,0,0,0,0,0,0,0,0,1,0,0,1,0,2,0,0,0,0,0,0,0,0,0,0,0,0,0,0,0,2,13,711
1,Mizoram,Aizawl,0,2,0,0,2,33,5,0,0,0,0,38,0,0,0,0,0,0,0,0,0,12,12,0,12,0,0,5,17,0,0,0,0,0,0,0,0,0,0,0,69,0,23,2,21,92,0,0,0,0,0,0,0,0,0,0,0,0,0,0,0,0,0,0,0,0,0,1,0,0,1,0,0,0,0,0,0,0,0,0,0,0,0,0,0,0,0,0,0,2,152
2,Mizoram,Champhai,0,0,0,0,0,8,0,0,0,0,0,8,0,0,0,0,0,0,0,0,0,3,3,0,3,0,0,1,4,0,0,0,0,0,0,0,0,0,0,0,6,0,92,63,29,98,0,0,0,0,5,0,0,5,0,0,0,0,0,0,0,0,0,0,0,0,0,0,0,0,0,0,0,0,0,0,0,0,0,0,0,0,0,0,0,0,0,0,0,0,115
3,Mizoram,Kolasib,0,0,0,0,0,8,0,0,0,0,0,8,0,0,0,0,0,0,0,0,0,1,1,0,1,0,0,1,2,0,0,0,0,0,0,0,0,0,0,0,3,0,1,1,0,4,0,0,0,0,0,0,0,0,0,0,0,0,0,0,0,0,0,0,0,0,0,1,0,0,1,0,0,0,0,0,0,0,0,0,0,0,0,0,0,0,0,0,0,0,15
4,Mizoram,Lawngtlai,0,0,0,0,0,5,0,0,0,1,0,6,0,0,0,0,0,0,0,0,0,3,3,0,3,0,0,2,5,1,0,1,2,0,0,0,0,0,0,0,0,0,16,6,10,16,0,0,0,0,0,0,0,0,3,0,0,0,3,0,0,0,0,0,0,0,0,0,0,0,0,0,0,0,0,0,0,0,0,0,0,0,0,0,0,0,0,0,0,0,32
5,Mizoram,Lunglei,0,0,0,0,0,9,1,0,0,0,0,10,0,0,0,0,0,0,0,0,0,2,2,0,2,0,0,0,2,0,0,0,0,0,0,0,0,0,0,0,3,0,2,0,2,5,0,0,0,0,0,0,0,0,0,0,0,0,0,0,0,0,0,0,0,0,0,0,0,0,0,0,0,0,0,0,0,0,0,0,0,0,0,0,0,0,0,0,0,0,17
6,Mizoram,Mamit,0,0,0,0,0,11,0,0,0,0,0,11,0,0,0,0,0,0,0,0,0,0,0,0,0,0,0,0,0,0,0,0,0,0,0,0,0,0,0,0,4,0,7,4,3,11,0,1,0,0,0,0,0,1,1,0,0,0,1,0,0,0,0,0,0,0,0,1,0,0,1,0,0,0,0,0,0,0,0,0,0,0,0,0,0,0,0,0,0,0,25
7,Mizoram,Saiha,0,0,0,0,0,4,0,0,0,0,0,4,0,0,0,0,0,0,0,0,0,6,6,0,6,0,0,3,9,0,0,0,0,0,0,0,0,0,0,0,0,0,3,3,0,3,0,0,0,0,0,0,0,0,0,0,0,0,0,0,0,0,0,0,0,0,0,0,0,0,0,0,0,0,0,0,0,0,0,0,0,0,0,0,0,0,0,0,0,0,16
8,Mizoram,Serchhip,0,0,0,0,0,8,2,0,0,0,0,10,0,0,0,0,0,0,0,0,0,0,0,0,0,0,0,1,1,0,0,0,0,0,0,0,0,0,0,0,11,0,18,3,15,29,0,0,0,0,0,0,0,0,0,0,0,0,0,0,0,0,0,0,0,0,0,0,0,0,0,0,0,0,0,0,0,0,0,0,0,0,0,0,0,0,0,0,0,0,40
9,Mizoram,Spl Narcotic,0,0,0,0,0,0,0,0,0,0,0,0,0,0,0,0,0,0,0,0,0,0,0,0,0,0,0,0,0,0,0,0,0,0,0,0,0,0,0,0,0,0,69,9,60,69,0,0,0,0,0,0,0,0,0,0,0,0,0,0,0,0,0,0,0,0,0,0,0,0,0,0,0,0,0,0,0,0,0,0,0,0,0,0,0,0,0,0,0,0,69
10,Mizoram,Saitual,0,0,0,0,0,4,0,0,0,0,0,4,0,0,0,0,0,0,0,0,0,0,0,0,0,0,1,0,1,0,0,0,0,0,0,0,0,0,0,0,7,0,6,5,1,13,0,0,0,0,0,0,0,0,0,0,0,0,0,0,0,0,0,0,0,0,0,0,0,0,0,0,0,0,0,0,0,0,0,0,0,0,0,0,0,0,0,0,0,0,18
11,Mizoram,Khawzawl,0,0,0,0,0,8,1,0,0,0,0,9,0,0,0,0,0,0,0,0,0,0,0,0,0,0,0,0,0,0,0,0,0,0,0,0,0,0,0,0,10,0,5,0,5,15,0,0,0,0,0,0,0,0,0,0,0,0,0,0,0,0,0,0,0,0,0,1,0,0,1,0,0,0,0,0,0,0,0,0,0,0,0,0,0,0,0,0,0,0,25
12,Mizoram,Hnahthial,0,0,0,0,0,0,0,0,0,0,0,0,0,0,0,0,0,0,0,0,0,0,0,0,0,0,0,0,0,0,0,0,0,0,0,0,0,0,0,0,4,0,3,0,3,7,0,0,0,0,0,0,0,0,0,0,0,0,0,0,0,0,0,0,0,0,0,0,0,0,0,0,0,0,0,0,0,0,0,0,0,0,0,0,0,0,0,0,0,0,7
13,Mizoram,Cyber,0,0,0,0,0,0,0,0,0,0,0,0,0,0,0,0,0,0,0,0,0,0,0,0,0,0,0,0,0,0,15,0,15,0,0,0,0,0,0,0,0,0,0,0,0,0,0,0,0,0,0,0,0,0,0,0,0,0,0,0,0,0,0,0,0,0,0,0,0,0,0,0,0,0,0,0,0,0,0,0,0,0,0,0,0,0,0,0,0,0,15
Total Districts,Total Districts,Total Districts,0,2,0,0,2,98,9,0,0,1,0,108,0,0,0,0,0,0,0,0,0,27,27,0,27,0,1,13,41,1,15,1,17,0,0,0,0,0,0,0,117,0,245,96,149,362,0,1,0,0,5,0,0,6,4,0,0,0,4,0,0,0,0,0,0,0,0,4,0,0,4,0,0,0,0,0,0,0,0,0,0,0,0,0,0,0,0,0,0,2,546
1,Nagaland,Dimapur,0,0,0,0,0,7,0,0,0,0,0,7,0,0,0,0,0,0,0,0,0,38,38,0,38,0,0,2,40,1,1,0,2,0,0,0,0,0,0,0,72,0,71,15,56,143,0,0,0,0,0,0,0,0,3,0,0,0,3,0,0,0,0,0,0,0,0,0,0,0,0,0,1,0,0,0,0,0,0,0,0,0,0,0,0,0,0,0,1,1,197
2,Nagaland,Kiphire,0,0,0,0,0,0,0,0,0,0,0,0,0,0,0,0,0,0,0,0,0,0,0,0,0,0,0,0,0,0,0,0,0,0,0,0,0,0,0,0,0,0,2,2,0,2,0,0,0,0,0,0,0,0,0,0,0,0,0,0,0,0,0,0,0,0,0,0,0,0,0,0,0,0,0,0,0,0,0,0,0,0,0,0,0,0,0,0,0,5,7
3,Nagaland,Kohima,0,0,0,0,0,4,0,0,0,0,0,4,0,0,0,0,0,0,0,0,0,1,1,0,1,0,0,0,1,0,0,0,0,0,0,0,0,0,0,0,17,0,12,0,12,29,0,0,0,0,0,0,0,0,0,0,0,0,0,0,0,0,0,0,0,0,0,0,0,0,0,0,0,0,0,0,0,0,0,0,0,0,0,0,0,0,0,0,0,0,34
4,Nagaland,Longleng,0,0,0,0,0,0,0,0,0,0,0,0,0,0,0,0,0,0,0,0,0,1,1,1,0,0,0,0,1,0,0,0,0,0,0,0,0,0,0,0,10,0,32,24,8,42,0,0,0,0,0,0,0,0,0,0,0,0,0,0,0,0,0,0,0,0,0,0,0,0,0,0,0,0,0,0,0,0,0,0,0,0,0,0,0,0,0,0,0,0,43
5,Nagaland,Mokokchung,0,0,0,0,0,2,0,0,0,0,0,2,0,0,0,0,0,0,0,0,0,2,1,0,1,1,0,0,2,0,0,0,0,0,0,0,0,0,0,0,40,0,14,11,3,54,0,0,0,0,1,0,0,1,0,0,0,0,0,0,0,0,0,0,0,0,0,0,0,0,0,0,0,0,0,0,0,0,0,0,0,0,0,0,0,0,0,0,0,0,59
6,Nagaland,Mon,0,0,0,0,0,3,0,0,0,0,0,3,0,0,0,0,0,0,3,0,3,2,2,0,2,0,0,0,2,2,0,0,2,0,0,0,0,0,0,0,13,0,34,28,6,47,0,0,0,0,0,0,0,0,0,0,0,0,0,0,0,0,0,0,0,0,0,0,0,0,0,0,0,0,0,0,0,0,0,0,0,0,0,0,0,0,0,0,0,0,57
7,Nagaland,Peren,0,0,0,0,0,1,0,0,0,0,0,1,0,0,0,0,0,0,0,0,0,8,8,0,8,0,0,0,8,0,0,0,0,0,0,0,0,0,0,0,2,0,2,0,2,4,0,0,0,0,0,0,0,0,0,0,0,0,0,0,0,0,0,0,0,0,0,0,0,0,0,0,0,0,0,0,0,0,0,0,0,0,0,0,0,0,0,0,0,0,13
8,Nagaland,Phek,0,0,0,0,0,3,0,0,0,0,0,3,0,0,0,0,0,0,0,0,0,4,4,0,4,0,0,0,4,0,1,0,1,0,0,0,0,0,0,0,16,0,3,0,3,19,0,0,0,0,0,0,0,0,0,0,0,0,0,0,0,0,0,0,0,0,0,0,0,0,0,0,0,0,0,0,0,0,0,0,0,0,0,0,0,0,0,0,0,0,27
9,Nagaland,Tuensang,0,0,0,0,0,3,0,0,0,0,0,3,0,0,0,0,0,0,0,0,0,3,3,0,3,0,1,0,4,0,0,0,0,0,0,0,0,0,0,0,21,0,29,29,0,50,0,0,0,0,0,0,0,0,0,0,0,0,0,0,0,0,0,0,0,0,0,0,0,0,0,0,0,0,0,0,0,0,0,0,0,0,0,0,0,0,0,0,0,0,57
10,Nagaland,Wokha,0,0,0,0,0,1,0,0,0,0,0,1,0,0,0,0,0,0,0,0,0,4,4,0,4,0,0,0,4,0,0,0,0,0,0,0,0,0,0,0,21,0,38,38,0,59,0,0,0,0,0,0,0,0,0,0,0,0,0,0,0,0,0,0,0,0,0,0,0,0,0,0,0,0,0,0,0,0,0,0,0,0,0,0,0,0,0,0,0,0,64
11,Nagaland,Zunheboto,0,0,0,0,0,2,0,0,0,0,0,2,0,0,0,0,0,0,0,0,0,1,1,1,0,0,0,0,1,0,0,0,0,0,0,0,0,0,0,0,18,0,5,1,4,23,0,0,0,0,0,0,0,0,0,0,0,0,0,0,0,0,0,0,0,0,0,0,0,0,0,0,0,0,0,0,0,0,0,0,0,0,0,0,0,0,0,0,0,0,26
Total Districts,Total Districts,Total Districts,0,0,0,0,0,26,0,0,0,0,0,26,0,0,0,0,0,0,3,0,3,64,63,2,61,1,1,2,67,3,2,0,5,0,0,0,0,0,0,0,230,0,242,148,94,472,0,0,0,0,1,0,0,1,3,0,0,0,3,0,0,0,0,0,0,0,0,0,0,0,0,0,1,0,0,0,0,0,0,0,0,0,0,0,0,0,0,0,1,6,584
1,Odisha,Angul,0,1,0,0,1,93,4,3,0,0,0,100,0,0,0,0,0,0,0,0,0,11,0,0,0,11,4,2,17,22,0,0,22,0,0,0,0,130,0,130,0,302,20,20,0,322,0,0,0,0,0,0,0,0,0,0,0,0,0,0,0,0,0,0,0,0,0,1,0,0,1,0,6,0,0,0,0,0,0,0,0,0,0,0,0,0,0,0,6,0,599
2,Odisha,Balasore,0,0,0,0,0,96,1,1,0,0,0,98,0,0,0,0,0,0,0,0,0,9,0,0,0,9,5,2,16,26,0,0,26,0,0,0,0,10,0,10,0,897,30,0,30,927,0,0,0,0,0,0,0,0,0,0,0,0,0,0,0,0,0,0,0,0,0,1,0,0,1,0,11,3,0,0,0,0,0,0,0,0,0,0,0,0,0,0,14,0,1092
3,Odisha,Baragarh,0,0,0,0,0,36,0,0,0,0,0,36,0,0,0,0,0,0,0,0,0,2,2,0,2,0,7,0,9,16,0,0,16,0,0,0,0,0,0,0,0,1451,18,0,18,1469,0,0,0,0,0,0,0,0,0,0,0,0,0,0,0,0,0,0,0,0,0,1,0,0,1,0,147,0,0,0,0,0,0,0,0,0,0,0,0,0,0,0,147,0,1678
4,Odisha,Berhampur,0,2,0,0,2,80,3,3,0,0,0,86,0,0,0,0,0,0,0,0,0,0,0,0,0,0,20,18,38,28,0,0,28,0,0,0,0,0,0,0,0,409,12,0,12,421,0,0,0,0,0,0,0,0,0,0,0,0,0,0,0,0,0,0,0,0,0,1,0,0,1,0,82,0,0,0,0,0,0,0,0,0,0,0,0,0,0,0,82,2,660
5,Odisha,Bhadrak,0,0,0,0,0,72,0,0,0,0,0,72,0,0,0,0,0,0,0,0,0,0,0,0,0,0,5,0,5,34,0,0,34,0,0,0,0,0,0,0,0,881,9,0,9,890,0,0,0,0,0,0,0,0,0,0,0,0,0,0,0,0,0,0,0,0,0,0,0,0,0,0,11,2,0,0,0,0,0,0,0,0,0,0,0,0,0,0,13,0,1014
6,Odisha,Bolangir,0,1,0,0,1,78,0,0,0,0,0,78,0,0,0,0,0,0,0,0,0,0,0,0,0,0,3,3,6,39,0,0,39,0,0,0,0,0,0,0,0,1093,19,0,19,1112,0,0,0,0,0,0,0,0,0,0,0,0,0,0,0,0,0,0,0,0,0,2,0,0,2,0,67,0,0,0,0,0,0,0,0,0,0,0,0,0,0,0,67,0,1305
7,Odisha,Boudh,0,0,0,0,0,16,8,0,0,0,0,24,0,0,0,0,0,0,0,0,0,4,0,0,0,4,7,4,15,3,0,0,3,0,0,0,0,5,0,5,0,157,235,0,235,392,0,0,0,0,0,0,0,0,0,0,0,0,0,0,0,0,0,0,0,0,0,0,0,0,0,0,4,0,0,0,0,0,0,0,0,0,0,0,0,0,0,0,4,0,443
8,Odisha,Cuttack,0,0,0,0,0,47,10,2,0,0,0,59,0,0,0,0,0,0,0,0,0,1,0,0,0,1,31,1,33,20,0,0,20,0,0,0,0,3,0,3,0,399,2,0,2,401,0,0,0,0,0,0,0,0,0,0,0,0,0,0,0,0,0,0,0,0,0,0,0,0,0,0,5,0,0,0,0,0,0,0,0,0,0,0,0,0,0,0,5,0,521
9,Odisha,DCP BBSR,0,2,0,0,2,79,11,0,0,0,0,90,0,0,0,0,0,0,0,0,0,0,0,0,0,0,10,3,13,31,0,0,31,0,0,0,0,7,0,7,0,1001,139,0,139,1140,0,0,0,0,0,0,0,0,0,0,0,0,0,0,0,0,0,0,0,0,0,0,0,0,0,0,8,0,0,0,0,0,0,0,0,0,0,0,0,0,0,0,8,0,1291
10,Odisha,DCP CTC,0,2,0,0,2,82,2,0,0,0,0,84,0,0,0,0,0,0,0,0,0,6,6,0,6,0,1,11,18,42,0,0,42,0,0,0,0,0,0,0,0,771,28,0,28,799,0,0,0,0,0,0,0,0,0,0,0,0,0,0,0,0,0,0,0,0,0,1,0,0,1,0,14,2,0,0,0,0,0,0,0,0,0,0,0,0,0,0,16,0,962
11,Odisha,Deogarh,0,1,0,0,1,37,0,0,0,0,0,37,0,0,0,0,0,0,0,0,0,13,0,0,0,13,0,0,13,4,0,0,4,0,0,0,0,2,0,2,0,818,8,1,7,826,0,0,0,0,0,0,0,0,0,0,0,0,0,0,0,0,0,0,0,0,0,0,0,0,0,0,3,0,0,0,0,0,0,0,0,0,0,0,0,0,0,0,3,0,886
12,Odisha,Dhenkanal,0,0,0,0,0,50,0,2,0,0,0,52,0,0,0,0,0,0,0,0,0,3,3,0,3,0,1,2,6,15,0,0,15,0,0,0,0,4,0,4,0,732,4,4,0,736,0,0,0,0,0,0,0,0,0,0,0,0,0,0,0,0,0,0,0,0,0,0,0,0,0,0,8,0,0,0,0,0,0,0,0,0,0,0,0,0,0,0,8,0,821
13,Odisha,Gajapati,0,0,0,0,0,38,0,0,0,0,0,38,0,0,0,0,0,0,0,0,0,6,0,0,0,6,7,0,13,16,0,0,16,0,0,0,0,0,0,0,0,445,96,0,96,541,0,0,0,0,0,0,0,0,0,0,0,0,0,0,0,0,0,0,0,0,0,0,0,0,0,0,37,0,0,0,0,0,0,0,0,0,0,0,0,0,0,0,37,0,645
14,Odisha,Ganjam,0,0,0,0,0,68,4,1,0,0,0,73,0,0,0,0,0,0,0,0,0,0,0,0,0,0,52,0,52,24,0,0,24,0,0,0,0,0,0,0,0,2105,40,0,40,2145,0,0,0,0,0,0,0,0,0,0,0,0,0,0,0,0,0,0,0,0,0,0,0,0,0,0,266,3,0,0,0,0,0,0,0,0,0,0,0,0,0,0,269,0,2563
15,Odisha,Jagatsinghpur,0,0,0,1,1,47,4,1,0,0,0,52,0,0,0,0,0,0,0,0,0,0,0,0,0,0,0,0,0,32,0,0,32,0,0,0,0,0,0,0,0,629,180,0,180,809,0,0,0,0,0,0,0,0,0,0,0,0,0,0,0,0,0,0,0,0,0,1,0,0,1,0,5,1,0,0,0,0,0,0,0,0,0,0,0,0,0,0,6,180,1081
16,Odisha,Jajpur,0,1,0,0,1,130,5,0,0,0,0,135,0,0,0,0,0,0,0,0,0,0,0,0,0,0,2,24,26,41,0,0,41,0,0,0,0,0,0,0,0,1002,22,0,22,1024,0,0,0,0,0,0,0,0,0,0,0,0,0,0,0,0,0,0,0,0,0,8,0,0,8,0,7,0,0,0,0,0,0,0,0,0,0,0,0,0,0,0,7,0,1242
17,Odisha,Jharsuguda,0,0,0,0,0,54,1,0,0,0,0,55,0,0,0,0,0,0,0,0,0,4,4,0,4,0,6,1,11,6,0,0,6,0,0,0,0,2,0,2,0,923,1,0,1,924,0,0,0,0,0,0,0,0,0,0,0,0,0,0,0,0,0,0,0,0,0,1,0,0,1,0,38,0,0,0,0,0,0,0,0,0,0,0,0,0,0,0,38,21,1058
18,Odisha,Kalahandi,0,1,0,0,1,95,5,1,0,0,0,101,0,0,0,0,0,0,0,0,0,0,0,0,0,0,0,6,6,26,0,0,26,0,0,0,0,0,0,0,0,664,16,0,16,680,0,0,0,0,0,0,0,0,0,0,0,0,0,0,0,0,0,0,0,0,0,3,0,0,3,0,34,22,0,0,0,0,0,0,0,0,0,0,0,0,0,0,56,0,873
19,Odisha,Kandhamal,0,0,0,0,0,104,0,2,0,0,0,106,0,0,0,0,0,0,0,0,0,0,0,0,0,0,0,4,4,9,0,0,9,0,0,0,0,0,0,0,0,801,162,0,162,963,0,0,0,0,0,0,0,0,0,0,0,0,0,0,0,0,0,0,0,0,0,0,0,0,0,0,14,0,0,0,0,0,0,0,0,0,0,0,0,0,0,0,14,0,1096
20,Odisha,Kendrapara,0,0,0,0,0,101,0,2,0,0,0,103,0,0,0,0,0,0,0,0,0,0,0,0,0,0,1,3,4,46,0,0,46,0,0,0,0,3,0,3,0,255,10,0,10,265,0,0,0,0,0,0,0,0,0,0,0,0,0,0,0,0,0,0,0,0,0,3,0,0,3,0,2,0,0,0,0,0,0,0,0,0,0,0,0,0,0,0,2,0,426
21,Odisha,Keonjhar,0,1,0,0,1,110,1,2,0,0,0,113,0,0,0,0,0,0,0,0,0,1,1,0,1,0,2,1,4,24,0,0,24,0,0,0,0,5,0,5,0,1060,2,0,2,1062,0,0,0,0,0,0,0,0,0,0,0,0,0,0,0,0,0,0,0,0,0,2,0,0,2,0,17,4,0,0,0,0,0,0,0,0,0,0,0,0,0,0,21,0,1232
22,Odisha,Khurda,0,2,0,0,2,50,1,0,0,0,0,51,0,0,0,0,0,0,0,0,0,1,0,0,0,1,0,8,9,8,0,0,8,0,0,0,0,374,0,374,0,95,37,0,37,132,0,0,0,0,0,0,0,0,0,0,0,0,0,0,0,0,0,0,0,0,0,0,0,0,0,0,14,0,0,0,0,0,0,0,0,0,0,0,0,0,0,0,14,0,590
23,Odisha,Koraput,0,0,0,0,0,110,0,0,0,0,0,110,0,0,0,0,0,0,0,0,0,0,0,0,0,0,0,4,4,20,0,0,20,0,0,0,0,0,0,0,0,1173,131,0,131,1304,0,0,0,0,0,0,0,0,0,0,0,0,0,0,0,0,0,0,0,0,0,0,0,0,0,0,124,1,0,0,0,0,0,0,0,0,0,0,0,0,0,0,125,0,1563
24,Odisha,Malkangiri,0,1,0,0,1,58,4,0,0,0,0,62,0,0,0,0,0,0,0,0,0,0,0,0,0,0,1,0,1,17,0,0,17,0,0,0,0,0,0,0,0,343,228,0,228,571,0,0,0,0,0,0,0,0,0,0,0,0,0,0,0,0,0,0,0,0,0,0,0,0,0,0,82,0,0,0,0,0,0,0,0,0,0,0,0,0,0,0,82,0,734
25,Odisha,Mayurbhanj,1,0,0,0,1,193,0,7,0,0,0,200,0,0,0,0,0,0,0,0,0,8,0,0,0,8,0,24,32,50,0,0,50,0,0,0,0,0,0,0,0,1609,14,14,0,1623,0,0,0,0,0,0,0,0,0,0,0,0,0,0,0,0,0,0,0,0,0,2,0,0,2,0,90,1,0,0,0,0,0,0,0,0,0,0,0,0,0,0,91,0,1999
26,Odisha,Nayagarh,0,0,0,0,0,33,0,4,0,0,0,37,0,0,0,0,0,0,0,0,0,0,0,0,0,0,2,3,5,5,0,0,5,0,0,0,0,0,0,0,0,565,20,0,20,585,0,0,0,0,0,0,0,0,0,0,0,0,0,0,0,0,0,0,0,0,0,3,0,0,3,0,3,0,0,0,0,0,0,0,0,0,0,0,0,0,0,0,3,0,638
27,Odisha,Nabarangpur,0,0,0,0,0,83,0,0,0,0,0,83,0,0,0,0,0,0,0,0,0,0,0,0,0,0,0,0,0,10,0,0,10,0,0,0,0,0,0,0,0,815,21,0,21,836,0,0,0,0,0,0,0,0,0,0,0,0,0,0,0,0,0,0,0,0,0,1,0,0,1,0,91,0,0,0,0,0,0,0,0,0,0,0,0,0,0,0,91,0,1021
28,Odisha,Nuapada,33,0,0,0,33,14,0,0,0,0,0,14,0,0,0,0,0,0,0,0,0,0,0,0,0,0,0,0,0,7,0,0,7,0,0,0,0,0,0,0,0,644,3,0,3,647,0,0,0,0,0,0,0,0,0,0,0,0,0,0,0,0,0,0,0,0,0,0,0,0,0,0,16,0,0,0,0,0,0,0,0,0,0,0,0,0,0,0,16,0,717
29,Odisha,Puri,0,1,0,0,1,74,3,1,0,0,0,78,0,0,0,0,0,0,0,0,0,0,0,0,0,0,32,16,48,43,0,0,43,0,0,0,0,27,0,27,0,590,65,0,65,655,0,0,0,0,0,0,0,0,0,0,0,0,0,0,0,0,0,0,0,0,0,2,0,0,2,0,20,0,0,0,0,0,0,0,0,0,0,0,0,0,0,0,20,0,874
30,Odisha,Rayagada,0,2,0,0,2,60,1,2,0,0,0,63,0,0,0,0,0,0,0,0,0,1,1,0,1,0,1,1,3,8,0,0,8,0,0,0,0,0,0,0,0,821,109,0,109,930,0,0,0,0,0,0,0,0,0,0,0,0,0,0,0,0,0,0,0,0,0,3,0,0,3,0,29,0,0,0,0,0,0,0,0,0,0,0,0,0,0,0,29,0,1038
31,Odisha,Rourkela,0,1,0,0,1,87,0,0,0,0,0,87,0,0,0,0,0,0,0,0,0,1,0,0,0,1,3,0,4,28,0,0,28,0,0,0,0,5,0,5,0,550,18,0,18,568,0,0,0,0,0,0,0,0,0,0,0,0,0,0,0,0,0,0,0,0,0,0,0,0,0,0,13,0,0,0,0,0,0,0,0,0,0,0,0,0,0,0,13,0,706
32,Odisha,Sambalpur,0,0,0,0,0,71,1,0,0,0,0,72,0,0,0,0,0,0,0,0,0,6,0,0,0,6,2,1,9,53,0,0,53,0,0,0,0,0,0,0,0,1278,17,0,17,1295,0,0,0,0,0,0,0,0,0,0,0,0,0,0,0,0,0,0,0,0,0,0,0,0,0,0,74,0,0,0,0,0,0,0,0,0,0,0,0,0,0,0,74,0,1503
33,Odisha,Sonepur,0,0,0,0,0,25,1,12,0,0,0,38,0,0,0,0,0,0,0,0,0,1,1,0,1,0,2,0,3,0,0,0,0,0,0,0,0,0,0,0,0,481,45,0,45,526,0,0,0,0,0,0,0,0,0,0,0,0,0,0,0,0,0,0,0,0,0,2,0,0,2,0,6,1,0,0,0,0,0,0,0,0,0,0,0,0,0,0,7,0,576
34,Odisha,SRP(Cuttack),0,0,0,0,0,1,0,0,0,0,0,1,0,0,0,0,0,0,0,0,0,1,0,0,0,1,0,0,1,1,0,0,1,0,0,0,0,0,0,0,0,7,66,0,66,73,0,0,0,0,0,0,0,0,0,0,0,0,0,0,0,0,0,0,0,0,0,0,0,0,0,0,0,0,0,0,0,0,0,0,0,0,0,0,0,0,0,0,0,0,76
35,Odisha,SRP(Rourkela),0,0,0,0,0,0,0,0,0,0,0,0,0,0,0,0,0,0,0,0,0,0,0,0,0,0,0,0,0,1,0,0,1,0,0,0,0,0,0,0,0,7,36,25,11,43,0,0,0,0,0,0,0,0,0,0,0,0,0,0,0,0,0,0,0,0,0,0,0,0,0,0,1,0,0,0,0,0,0,0,0,0,0,0,0,0,0,0,1,1,46
36,Odisha,Sundargarh,0,0,0,0,0,51,0,0,0,0,0,51,0,0,0,0,0,1,0,0,1,2,2,0,2,0,0,0,2,0,0,0,0,0,0,0,0,0,0,0,0,1089,7,0,7,1096,0,0,0,0,0,0,0,0,0,0,0,0,0,0,0,0,0,0,0,0,0,0,0,0,0,0,32,1,0,0,0,0,0,0,0,0,0,0,0,0,0,0,33,2,1185
37,Odisha,CID CB,0,0,0,0,0,0,0,0,0,0,0,0,0,0,0,0,0,0,0,0,0,1,0,0,0,1,0,0,1,0,0,0,0,0,0,0,0,0,0,0,0,0,21,0,21,21,0,0,0,0,0,0,0,0,0,0,0,0,0,0,0,0,0,0,0,0,0,0,0,0,0,0,0,0,0,0,0,0,0,0,0,0,0,0,0,0,0,0,0,0,22
Total Districts,Total Districts,Total Districts,34,19,0,1,54,2423,70,46,0,0,0,2539,0,0,0,0,0,1,0,0,1,82,20,0,20,62,207,142,431,755,0,0,755,0,0,0,0,577,0,577,0,26862,1891,64,1827,28753,0,0,0,0,0,0,0,0,0,0,0,0,0,0,0,0,0,0,0,0,0,38,0,0,38,0,1381,41,0,0,0,0,0,0,0,0,0,0,0,0,0,0,1422,206,34776
1,Punjab,Amritsar Rural,0,1,0,0,1,27,0,0,0,1,0,28,3,0,0,0,3,0,0,3,3,37,37,0,37,0,0,0,37,4,0,0,4,0,0,0,0,140,2,142,0,775,396,105,291,1171,0,0,0,0,0,0,0,0,0,7,0,0,7,0,0,0,0,0,0,0,0,1,0,0,1,0,3,0,0,0,0,0,0,0,0,2,0,0,0,0,0,0,5,4,1406
2,Punjab,Barnala,0,1,0,0,1,14,0,0,0,0,0,14,4,0,0,0,4,1,0,0,1,12,12,3,9,0,0,0,12,14,0,0,14,0,0,0,0,1,0,1,0,218,197,95,102,415,0,0,0,0,0,0,0,0,0,0,0,0,0,0,0,0,0,0,0,0,0,0,0,0,0,0,50,0,0,0,0,0,0,0,0,1,0,0,0,0,0,0,51,64,577
3,Punjab,Batala,0,0,0,0,0,30,3,0,0,0,0,33,6,0,0,0,6,0,0,0,0,18,18,0,18,0,2,0,20,3,0,0,3,0,0,0,0,14,1,15,0,447,328,328,0,775,0,0,0,0,0,0,0,0,0,0,0,0,0,0,0,0,0,0,0,0,0,0,0,0,0,0,5,0,0,0,0,0,0,0,0,0,0,0,0,0,0,0,5,3,860
4,Punjab,Bathinda,0,2,0,0,2,49,0,1,0,4,0,54,1,0,0,0,1,1,1,0,2,20,20,0,20,0,0,0,20,9,1,1,11,0,0,0,0,0,1,1,0,358,582,133,449,940,0,1,0,0,0,0,0,1,0,0,0,0,0,0,0,0,0,0,0,0,0,1,0,0,1,0,74,0,0,0,0,0,0,0,0,0,0,0,0,0,0,0,74,99,1206
5,Punjab,CP Amritsar,0,9,0,0,9,43,0,0,1,0,0,44,3,0,0,0,3,0,0,0,0,46,46,0,46,0,0,21,67,12,4,0,16,0,0,0,0,1,1,2,0,603,800,129,671,1403,0,0,0,0,9,0,0,9,0,1,0,0,1,0,0,0,0,0,0,0,0,0,0,0,0,0,103,0,0,0,0,0,0,0,0,13,0,0,0,0,0,0,116,474,2144
6,Punjab,CP Jalandhar,0,4,0,0,4,29,1,1,0,0,0,31,2,0,0,0,2,0,1,0,1,11,11,0,11,0,3,0,14,47,2,2,51,0,0,0,0,2,1,3,0,278,337,52,285,615,0,0,0,0,10,0,0,10,0,1,0,0,1,0,0,0,0,0,0,0,0,5,0,0,5,0,264,0,0,0,0,0,0,0,0,11,0,0,0,0,0,0,275,25,1037
7,Punjab,CP Ludhiana,0,3,0,0,3,120,1,0,2,2,0,125,2,0,0,0,2,7,0,0,7,45,45,0,45,0,2,0,47,5,17,0,22,0,0,0,0,47,1,48,0,413,687,623,64,1100,0,11,2,0,13,0,0,26,0,2,61,0,63,0,0,0,1,0,0,0,1,14,0,0,14,0,311,1,0,6,0,0,0,0,0,0,0,0,0,2,0,0,320,305,2083
8,Punjab,Faridkot,0,0,0,0,0,20,0,0,0,0,0,20,0,0,0,0,0,0,1,0,1,11,11,0,11,0,0,0,11,6,0,0,6,0,0,0,0,3,0,3,0,171,227,68,159,398,0,0,0,0,0,0,0,0,0,0,0,0,0,0,0,0,0,0,0,0,0,0,0,0,0,0,40,1,0,0,0,0,0,0,0,5,0,0,0,1,0,0,47,173,659
9,Punjab,Fatehgarh Sahib,0,4,0,0,4,26,0,0,0,0,1,27,2,0,0,0,2,0,0,0,0,11,11,1,10,0,0,0,11,0,4,0,4,0,0,0,0,5,2,7,0,74,265,42,223,339,0,0,0,0,0,0,0,0,0,0,0,0,0,0,0,0,0,0,0,0,0,0,0,0,0,0,15,0,0,0,0,0,0,0,0,1,0,0,0,0,0,0,16,6,416
10,Punjab,Fazilka,0,0,0,0,0,59,0,0,1,0,0,60,1,0,0,0,1,6,0,0,6,7,7,0,7,0,0,0,7,8,3,0,11,0,0,0,0,127,1,128,0,378,300,0,300,678,0,0,0,0,0,0,0,0,0,3,0,0,3,0,0,0,0,0,0,0,0,1,0,0,1,0,152,0,0,1,0,0,0,0,0,0,0,0,0,0,0,0,153,61,1109
11,Punjab,Ferozepur,0,0,0,0,0,19,0,1,0,0,0,20,1,0,0,0,1,0,6,0,6,40,2,0,2,38,0,0,40,0,1,0,1,0,0,0,0,0,0,0,0,427,799,68,731,1226,0,0,0,0,0,0,0,0,0,4,0,0,4,0,0,0,0,0,0,0,0,0,0,0,0,0,70,0,0,0,0,0,0,0,0,0,0,0,0,0,0,0,70,373,1741
12,Punjab,GRP,0,0,0,0,0,0,0,0,0,0,0,0,0,0,0,0,0,0,0,0,0,29,3,0,3,26,0,0,29,1,0,0,1,0,0,0,0,0,0,0,0,120,104,1,103,224,0,0,0,0,0,0,0,0,0,0,0,0,0,6,0,6,0,0,0,0,0,0,0,0,0,0,6,0,0,0,0,0,0,0,1,0,0,0,0,0,0,0,7,0,267
13,Punjab,Gurdaspur,0,2,0,0,2,22,0,0,0,0,0,22,3,0,0,0,3,0,1,0,1,18,18,0,18,0,1,0,19,13,0,0,13,0,0,0,0,10,1,11,0,320,264,264,0,584,0,2,0,0,0,0,0,2,0,0,0,0,0,0,0,0,0,0,0,0,0,0,0,0,0,0,1,0,0,0,0,0,0,0,0,1,0,0,0,0,0,0,2,23,682
14,Punjab,Hoshiarpur,0,0,0,0,0,32,0,0,1,0,0,33,2,0,0,0,2,1,0,0,1,15,15,2,13,0,0,0,15,4,3,0,7,0,0,0,0,136,0,136,0,234,599,548,51,833,5,0,0,0,0,0,0,5,0,0,0,0,0,0,0,0,0,0,0,0,0,0,0,0,0,0,84,0,0,0,0,0,0,0,0,1,0,0,0,0,0,0,85,118,1235
15,Punjab,Jalandhar Rural,1,0,0,0,1,26,0,0,0,0,0,26,5,0,0,0,5,1,0,0,1,14,14,0,14,0,3,0,17,5,1,0,6,0,0,0,0,90,1,91,0,354,490,91,399,844,0,0,0,0,0,0,0,0,0,0,0,0,0,0,0,0,0,0,0,0,0,0,0,0,0,0,37,0,0,2,0,0,0,0,0,12,0,0,0,0,0,0,51,8,1050
16,Punjab,Kapurthala,0,1,0,0,1,28,0,0,0,0,0,28,0,0,0,0,0,0,0,0,0,11,11,0,11,0,0,0,11,13,1,0,14,0,0,0,0,0,4,4,0,313,543,490,53,856,0,0,0,0,0,0,0,0,0,0,0,0,0,0,0,0,0,0,0,0,0,1,0,0,1,0,75,0,0,0,0,0,0,0,0,0,0,0,0,0,0,0,75,250,1240
17,Punjab,Khanna,0,0,0,0,0,10,0,0,0,0,0,10,0,0,0,0,0,0,0,0,0,16,16,0,16,0,0,0,16,3,1,0,4,0,0,0,0,13,2,15,0,87,316,263,53,403,0,2,0,0,0,0,0,2,0,0,0,0,0,0,0,0,0,0,0,0,0,0,0,0,0,0,82,0,0,0,1,1,0,0,1,0,0,0,0,0,0,0,84,2,536
18,Punjab,Ludhiana Rural,0,0,0,0,0,26,0,0,0,0,0,26,0,0,0,0,0,1,0,0,1,15,15,1,14,0,0,0,15,10,0,1,11,0,0,0,0,46,0,46,0,199,382,127,255,581,0,0,0,0,0,0,0,0,0,2,13,0,15,0,0,0,0,0,0,0,0,0,0,0,0,0,19,0,0,0,0,0,0,0,0,0,0,0,0,0,0,0,19,9,723
19,Punjab,Mansa,1,1,0,0,2,22,0,0,0,5,0,27,0,0,0,0,0,0,0,0,0,10,0,0,0,10,0,0,10,1,1,0,2,0,0,0,0,2,0,2,0,487,465,90,375,952,0,0,0,0,0,0,0,0,0,0,0,0,0,0,0,0,0,0,0,0,0,0,0,0,0,0,107,0,0,0,0,0,0,0,0,0,0,0,0,0,0,0,107,90,1192
20,Punjab,Moga,0,1,0,0,1,27,0,0,1,0,0,28,4,0,0,0,4,4,3,0,7,23,23,0,23,0,0,1,24,19,1,0,20,0,0,0,0,55,3,58,0,349,502,66,436,851,0,0,0,0,1,0,0,1,0,6,0,0,6,0,0,0,0,0,0,0,0,0,0,0,0,0,42,0,0,0,0,0,0,0,0,1,0,0,0,0,0,1,44,16,1060
21,Punjab,Muktsar,0,3,0,0,3,26,0,0,0,0,0,26,0,0,0,0,0,4,0,0,4,14,14,0,14,0,0,2,16,1,2,0,3,0,0,0,0,12,0,12,0,387,477,57,420,864,0,0,0,1,0,0,0,1,0,0,0,0,0,0,0,0,0,0,0,0,0,0,0,0,0,0,163,0,0,0,0,0,0,0,0,0,0,0,0,0,0,0,163,13,1105
22,Punjab,Pathankot,0,4,0,0,4,12,0,0,0,0,0,12,0,0,0,0,0,1,1,2,4,3,3,0,3,0,3,0,6,23,1,0,24,0,0,0,0,35,4,39,0,141,139,38,101,280,1,1,0,0,0,0,0,2,1,0,0,0,1,0,0,0,0,0,0,0,0,0,0,0,0,0,22,0,0,0,0,0,0,0,0,0,0,0,0,0,0,0,22,11,405
23,Punjab,Patiala,0,2,0,0,2,68,3,0,1,1,0,73,4,0,0,0,4,0,0,0,0,25,25,0,25,0,0,1,26,5,3,0,8,0,0,0,0,56,3,59,0,455,684,87,597,1139,0,0,0,0,0,0,0,0,0,0,0,0,0,0,0,0,0,0,0,0,0,4,0,0,4,0,138,0,0,4,0,0,0,0,0,0,0,0,0,0,0,0,142,244,1701
24,Punjab,Ropar,0,1,0,0,1,29,0,0,0,0,0,29,0,0,0,0,0,2,2,0,4,14,14,0,14,0,0,1,15,0,3,0,3,0,0,0,0,95,0,95,0,63,195,170,25,258,0,0,0,0,0,0,0,0,0,0,0,0,0,0,0,0,0,0,0,0,0,1,0,0,1,0,22,0,0,0,0,0,0,0,0,0,0,0,0,0,0,0,22,18,446
25,Punjab,Sangrur,1,2,0,0,3,25,0,1,2,0,0,28,3,0,0,0,3,3,2,0,5,21,21,0,21,0,0,0,21,22,1,0,23,0,0,0,0,3,2,5,0,423,402,352,50,825,0,0,0,0,0,0,0,0,0,0,0,0,0,0,0,0,0,0,0,0,0,11,0,0,11,0,40,0,0,1,0,0,0,0,0,2,0,0,0,0,0,0,43,41,1008
26,Punjab,SAS Nagar,0,1,0,0,1,43,0,0,0,0,0,43,0,0,0,0,0,3,2,0,5,27,27,0,27,0,0,0,27,22,11,0,33,0,0,0,0,68,0,68,0,305,392,0,392,697,0,0,0,0,0,0,0,0,0,0,0,0,0,0,0,0,0,0,0,0,0,4,0,0,4,0,33,0,0,0,0,0,0,0,0,0,0,0,0,0,0,0,33,67,978
27,Punjab,SBS Nagar,0,1,0,0,1,14,0,0,0,0,0,14,1,0,0,0,1,1,0,0,1,17,17,0,17,0,0,0,17,0,1,0,1,0,0,0,0,55,0,55,0,120,386,360,26,506,0,0,0,0,0,1,0,1,0,0,0,0,0,0,0,0,0,0,0,0,0,1,0,0,1,0,23,0,0,0,0,0,0,0,0,0,0,0,0,0,0,0,23,22,643
28,Punjab,Tarn Taran,0,0,0,0,0,29,0,0,0,0,0,29,2,0,0,0,2,4,0,0,4,30,30,0,30,0,0,3,33,5,1,0,6,0,0,0,0,44,7,51,0,666,519,87,432,1185,0,0,0,0,0,0,0,0,0,4,0,0,4,0,0,0,0,0,0,0,0,0,0,0,0,0,5,0,0,1,1,0,0,1,0,0,0,0,0,0,0,0,7,138,1459
29,Punjab,Bureau of Investigation,0,0,0,0,0,0,0,0,0,0,0,0,1,0,0,0,1,0,1,0,1,0,0,0,0,0,0,0,0,10,0,0,10,0,0,0,0,0,0,0,0,0,0,0,0,0,0,0,0,0,0,0,0,0,0,0,0,0,0,0,0,0,0,0,0,0,0,0,0,0,0,0,0,0,0,0,0,0,0,0,0,0,0,0,0,0,0,0,0,0,12
30,Punjab,Intelligence Wing,0,0,0,0,0,0,0,0,0,0,0,0,0,0,0,0,0,0,4,2,6,19,19,0,19,0,0,0,19,0,0,0,0,0,0,0,0,0,0,0,0,0,24,0,24,24,0,0,0,0,0,0,0,0,0,1,0,0,1,0,0,0,0,0,0,0,0,0,0,0,0,0,0,0,0,0,0,0,0,0,0,0,0,0,0,0,0,0,0,1,51
31,Punjab,NRI Wing,1,0,0,0,1,0,0,0,0,0,0,0,0,0,0,0,0,0,0,0,0,0,0,0,0,0,0,0,0,0,0,0,0,0,0,0,0,0,0,0,0,0,0,0,0,0,0,0,0,0,0,0,0,0,0,0,0,0,0,0,0,0,0,0,0,0,0,0,0,0,0,0,0,0,0,0,0,0,0,0,0,0,0,0,0,0,0,0,0,0,1
32,Punjab,Special Task Force,0,0,0,0,0,0,0,0,0,0,0,0,0,0,0,0,0,0,0,0,0,0,0,0,0,0,0,0,0,0,0,0,0,0,0,0,0,0,0,0,0,0,322,0,322,322,0,0,0,0,0,0,0,0,0,0,0,0,0,0,0,0,0,0,0,0,0,0,0,0,0,0,0,0,0,0,0,0,0,0,0,0,0,0,0,0,0,0,0,0,322
33,Punjab,Malerkotla,0,1,0,0,1,8,0,0,0,0,0,8,0,0,0,0,0,0,0,0,0,12,12,0,12,0,0,0,12,3,0,0,3,0,0,0,0,0,0,0,0,63,319,275,44,382,0,0,0,0,0,0,0,0,0,0,0,0,0,0,0,0,0,0,0,0,0,1,0,0,1,0,61,0,0,0,1,1,0,0,0,59,0,0,0,0,0,0,121,5,533
Total Districts,Total Districts,Total Districts,4,44,0,0,48,883,8,4,9,13,1,918,50,0,0,0,50,40,25,7,72,591,517,7,510,74,14,29,634,268,63,4,335,0,0,0,0,1060,37,1097,0,9228,12442,5009,7433,21670,6,17,2,1,33,1,0,60,1,31,74,0,106,6,0,6,1,0,0,0,1,45,0,0,45,0,2047,2,0,15,3,2,0,1,2,109,0,0,0,3,0,1,2182,2663,29887
1,Rajasthan,Ajmer,0,1,0,0,1,144,25,2,0,0,0,171,5,1,0,0,6,6,0,0,6,109,33,3,30,76,5,4,118,33,1,1,35,0,0,0,0,66,0,66,0,640,89,48,41,729,0,1,1,0,103,670,0,775,0,1,0,0,1,0,0,0,0,0,0,0,0,13,0,0,13,0,737,95,0,0,0,0,0,0,0,2,0,0,0,0,0,110,944,4,2869
2,Rajasthan,Alwar,3,0,0,0,3,170,2,0,0,0,0,172,3,0,0,0,3,2,0,0,2,180,126,0,126,54,24,0,204,42,4,1,47,0,0,0,0,0,0,0,0,793,38,38,0,831,96,0,0,0,174,468,0,738,0,0,0,0,0,0,0,0,0,0,0,0,0,15,0,0,15,0,1083,210,0,0,0,0,0,0,0,0,0,0,0,0,0,0,1293,56,3364
3,Rajasthan,Banswara,0,0,0,0,0,29,13,0,0,0,0,42,0,0,0,0,0,2,0,0,2,52,0,0,0,52,3,0,55,1,0,0,1,0,0,0,0,0,0,0,0,1071,17,17,0,1088,0,0,0,0,0,0,0,0,0,0,0,0,0,0,0,0,0,0,0,0,0,13,0,0,13,0,119,9,0,0,0,0,0,0,0,0,0,0,0,0,0,0,128,418,1747
4,Rajasthan,Baran,1,0,0,0,1,130,0,0,0,0,0,130,1,1,0,0,2,1,0,0,1,439,22,0,22,417,0,1,440,4,3,0,7,0,0,0,0,0,0,0,0,335,80,70,10,415,1,1,0,0,16,83,0,101,0,0,0,0,0,0,0,0,0,0,0,0,0,2,0,0,2,0,895,53,0,0,0,0,0,0,0,0,0,0,0,0,0,20,968,10,2077
5,Rajasthan,Barmer,0,2,0,0,2,107,8,0,0,0,0,115,4,0,0,0,4,2,0,0,2,80,58,0,58,22,16,0,96,20,3,1,24,0,0,0,0,18,0,18,0,367,127,107,20,494,0,1,0,0,83,37,0,121,0,0,0,0,0,0,0,0,0,0,0,0,0,4,0,0,4,0,51,10,0,0,1,1,0,0,0,0,0,0,0,0,0,0,62,15,957
6,Rajasthan,Bharatpur,0,0,0,0,0,176,14,0,0,0,0,190,0,0,0,0,0,0,0,0,0,246,202,0,202,44,8,0,254,72,1,0,73,0,0,0,0,0,0,0,0,635,8,0,8,643,18,0,0,0,6,72,0,96,0,0,0,0,0,0,0,0,0,0,0,0,0,3,0,0,3,0,750,162,0,0,0,0,0,0,0,0,0,0,0,0,0,0,912,117,2288
7,Rajasthan,Bhilwara,0,5,0,0,5,108,15,4,0,1,0,128,6,1,0,0,7,4,0,0,4,151,41,0,41,110,23,0,174,8,0,1,9,0,0,0,0,244,0,244,0,523,146,0,146,669,0,3,0,0,127,579,0,709,0,0,0,0,0,0,0,0,0,0,0,0,0,3,0,0,3,0,631,124,0,0,0,0,0,0,0,0,0,0,0,0,0,0,755,20,2727
8,Rajasthan,Bikaner,0,0,0,0,0,119,9,0,0,1,0,129,0,0,0,0,0,1,0,0,1,71,71,0,71,0,7,0,78,32,1,0,33,0,0,0,0,0,0,0,0,387,217,217,0,604,0,0,0,0,85,340,0,425,0,0,0,0,0,0,0,0,0,0,0,0,0,6,0,0,6,0,676,46,0,0,0,0,0,0,0,0,0,0,0,0,0,0,722,257,2255
9,Rajasthan,Bundi,0,0,0,0,0,52,3,0,0,0,0,55,0,0,0,0,0,1,0,0,1,253,253,0,253,0,2,0,255,0,1,0,1,0,0,0,0,0,0,0,0,255,89,89,0,344,0,1,0,0,0,0,0,1,0,0,0,0,0,0,0,0,0,0,0,0,0,0,0,0,0,0,511,39,0,0,0,0,0,0,0,0,0,0,0,0,0,0,550,585,1792
10,Rajasthan,Chittorgarh,0,0,0,0,0,89,17,1,0,0,0,107,5,0,0,0,5,0,0,0,0,320,271,0,271,49,3,0,323,2,1,0,3,0,0,0,0,0,0,0,0,338,218,0,218,556,20,1,0,0,0,10,0,31,0,0,0,0,0,0,0,0,0,0,0,0,0,10,0,0,10,0,335,130,0,0,0,0,0,0,0,0,0,0,0,0,0,0,465,328,1828
11,Rajasthan,Churu,0,0,0,0,0,82,0,0,0,0,0,82,0,0,0,0,0,0,0,0,0,70,61,0,61,9,0,0,70,14,4,0,18,0,0,0,0,0,0,0,0,563,106,0,106,669,0,1,0,0,0,238,0,239,0,0,0,0,0,0,0,0,0,0,0,0,0,7,0,0,7,0,449,16,0,0,0,0,0,0,0,0,0,0,0,0,0,0,465,89,1639
12,Rajasthan,Dausa,0,0,0,0,0,42,0,0,0,0,0,42,0,0,0,0,0,0,0,0,0,35,35,0,35,0,0,0,35,7,4,0,11,0,0,0,0,0,0,0,0,252,46,46,0,298,0,0,0,0,0,0,0,0,0,0,0,0,0,0,0,0,0,0,0,0,0,2,0,0,2,0,457,93,0,0,0,0,0,0,0,0,0,0,0,0,0,0,550,329,1267
13,Rajasthan,Dholpur,0,0,0,0,0,85,9,0,0,0,0,94,1,0,0,0,1,0,0,0,0,231,218,0,218,13,8,0,239,11,0,0,11,0,0,0,0,0,0,0,0,279,6,0,6,285,8,135,0,0,28,93,0,264,0,0,0,0,0,0,0,0,0,0,0,0,0,4,2,0,6,0,423,54,0,0,0,0,0,0,1,0,0,0,0,0,0,0,478,68,1446
14,Rajasthan,Dungarpur,0,0,0,0,0,73,6,0,0,0,0,79,0,1,0,0,1,0,0,0,0,46,2,0,2,44,12,0,58,1,0,0,1,0,0,0,0,0,0,0,0,711,15,15,0,726,0,1,0,0,0,69,0,70,0,0,0,0,0,0,0,0,0,0,0,0,0,8,0,0,8,0,63,15,0,0,0,0,0,0,0,0,0,0,0,0,0,0,78,260,1281
15,Rajasthan,GRP Ajmer,0,0,0,0,0,1,0,0,0,0,0,1,3,1,0,0,4,0,0,0,0,57,3,0,3,54,0,0,57,0,0,0,0,0,0,0,0,0,0,0,0,48,29,4,25,77,0,0,0,0,3,0,0,3,0,0,0,0,0,2,0,2,0,0,0,0,0,0,0,0,0,0,129,0,0,0,0,0,0,0,0,5,0,0,0,0,0,26,160,231,535
16,Rajasthan,GRP Jodhpur,0,0,0,0,0,0,0,0,0,0,0,0,0,1,0,0,1,0,0,0,0,2,0,0,0,2,0,0,2,0,0,0,0,0,0,0,0,0,0,0,0,18,5,5,0,23,0,0,0,0,0,0,0,0,0,0,0,0,0,0,0,0,0,0,0,0,0,0,0,0,0,0,54,0,0,0,0,0,0,0,0,55,0,0,0,0,0,12,121,0,147
17,Rajasthan,Ganganagar,0,0,0,0,0,124,2,1,0,9,0,136,3,0,0,0,3,4,0,0,4,172,140,2,138,32,0,0,172,10,4,1,15,0,0,0,0,0,0,0,0,775,393,132,261,1168,0,0,0,0,10,21,0,31,5,2,0,0,7,0,0,0,0,0,0,0,0,1,0,0,1,0,1262,11,0,0,0,0,0,0,0,0,0,0,0,0,0,47,1320,49,2906
18,Rajasthan,Hanumangarh,0,0,0,0,0,135,0,0,0,6,0,141,1,0,0,0,1,14,0,0,14,161,78,0,78,83,1,0,162,26,4,0,30,0,0,0,0,0,0,0,0,706,311,48,263,1017,0,0,0,0,0,173,0,173,0,1,0,0,1,1,0,1,0,0,0,0,0,8,0,0,8,0,1228,6,0,0,0,0,0,0,0,0,0,0,0,0,0,0,1234,199,2981
19,Rajasthan,Jaipur East,0,0,0,0,0,80,9,0,0,0,0,89,3,0,0,0,3,1,0,0,1,70,63,0,63,7,1,3,74,29,2,0,31,0,0,0,0,8,0,8,0,374,90,87,3,464,0,0,0,0,65,286,0,351,0,4,0,0,4,0,0,0,0,0,0,0,0,3,0,0,3,0,567,35,0,0,0,0,0,0,0,91,0,0,0,0,0,0,693,170,1891
20,Rajasthan,Jaipur North,0,0,0,0,0,61,78,0,0,6,0,145,1,0,0,0,1,0,0,0,0,90,14,0,14,76,0,0,90,24,5,3,32,0,0,0,0,0,0,0,0,195,176,0,176,371,0,0,0,32,313,0,0,345,0,0,0,0,0,0,0,0,0,0,0,0,0,2,0,0,2,0,661,2,0,0,0,0,0,0,0,163,0,0,0,0,0,0,826,798,2610
21,Rajasthan,Jaipur Rural,0,0,0,0,0,122,8,0,0,0,0,130,4,0,0,0,4,0,0,0,0,61,56,1,55,5,4,4,69,34,10,0,44,0,0,0,0,113,0,113,0,655,36,16,20,691,0,1,0,0,67,503,0,571,0,0,0,0,0,0,0,0,0,0,0,0,0,1,0,0,1,0,323,194,0,0,0,0,0,0,0,0,0,0,0,0,0,0,517,119,2259
22,Rajasthan,Jaipur South,0,0,0,0,0,46,8,0,0,1,0,55,5,0,0,0,5,0,0,0,0,50,42,0,42,8,0,0,50,90,6,2,98,0,0,0,0,0,0,0,0,441,71,14,57,512,0,1,0,0,261,250,0,512,0,1,0,0,1,0,0,0,0,0,0,0,0,1,0,0,1,0,545,30,0,0,0,0,0,0,0,35,0,0,0,0,0,7,617,141,1992
23,Rajasthan,Jaipur West,0,1,0,0,1,90,14,0,0,0,0,104,3,1,0,0,4,0,0,0,0,49,49,0,49,0,1,0,50,59,10,3,72,0,0,0,0,0,0,0,0,506,114,0,114,620,0,0,0,0,174,290,0,464,0,0,0,0,0,0,0,0,0,0,0,0,0,1,0,0,1,0,392,67,0,0,0,0,0,0,0,497,0,0,0,0,0,0,956,3,2275
24,Rajasthan,Jaisalmer,0,0,0,0,0,19,4,0,0,0,0,23,8,3,0,0,11,7,0,0,7,7,7,0,7,0,4,0,11,1,1,0,2,0,0,0,0,2,0,2,0,88,19,18,1,107,0,0,0,0,3,20,0,23,0,0,0,0,0,0,0,0,0,0,0,0,0,2,0,0,2,0,27,111,0,0,0,0,0,0,0,0,0,0,0,0,0,13,151,0,339
25,Rajasthan,Jalore,0,2,0,0,2,100,3,0,0,0,0,103,2,2,0,0,4,3,0,0,3,46,46,0,46,0,9,0,55,11,3,0,14,0,0,0,0,0,0,0,0,344,103,0,103,447,0,0,0,0,0,36,0,36,0,1,0,0,1,0,0,0,0,0,0,0,0,0,0,0,0,0,152,5,0,0,0,0,0,0,0,0,0,0,0,0,0,0,157,76,898
26,Rajasthan,Jhalawar,0,0,0,0,0,113,22,1,0,0,0,136,0,0,0,0,0,4,0,0,4,233,50,0,50,183,2,0,235,6,0,0,6,0,0,0,0,101,0,101,0,689,118,35,83,807,14,1,0,0,0,581,0,596,0,0,0,0,0,0,0,0,0,0,0,0,0,3,0,0,3,0,1220,63,0,0,0,0,0,0,0,0,0,0,0,0,0,85,1368,0,3256
27,Rajasthan,Jhunjhunu,0,3,0,0,3,42,1,0,0,0,0,43,0,0,0,0,0,1,0,0,1,65,65,0,65,0,9,0,74,14,4,0,18,0,0,0,0,0,0,0,0,429,20,20,0,449,0,0,0,0,0,301,0,301,0,0,0,0,0,0,0,0,0,0,0,0,0,7,0,0,7,0,255,96,0,0,0,0,0,0,0,0,0,0,0,0,0,0,351,362,1609
28,Rajasthan,Jodhpur East,0,1,0,0,1,69,9,0,0,1,0,79,1,0,0,0,1,2,0,0,2,168,51,0,51,117,5,0,173,13,8,1,22,0,0,0,0,6,0,6,0,150,70,4,66,220,0,0,0,0,0,72,0,72,1,0,0,0,1,0,0,0,0,0,0,0,0,8,0,0,8,0,305,4,0,0,0,0,0,0,0,0,0,0,0,0,0,192,501,0,1086
29,Rajasthan,Jodhpur West,0,1,0,0,1,78,20,0,0,0,0,98,6,0,0,0,6,2,0,0,2,152,29,0,29,123,2,0,154,8,3,0,11,0,0,0,0,0,0,0,0,171,67,67,0,238,0,0,0,0,0,98,0,98,0,0,0,0,0,0,0,0,0,0,0,0,0,14,0,0,14,0,270,2,0,0,0,0,0,0,0,0,0,0,0,0,0,0,272,165,1059
30,Rajasthan,Jodhpur Rural,0,0,0,0,0,88,1,0,0,0,0,89,10,3,0,0,13,3,0,0,3,37,37,0,37,0,0,39,76,10,1,0,11,0,0,0,0,15,0,15,0,169,111,95,16,280,0,0,0,0,51,38,0,89,0,0,0,0,0,0,0,0,0,0,0,0,0,6,0,0,6,0,37,73,0,0,0,0,0,0,0,0,0,0,0,0,0,0,110,3,695
31,Rajasthan,Karauli,0,0,0,0,0,55,0,0,0,0,0,55,1,0,0,0,1,0,0,0,0,117,117,0,117,0,3,0,120,53,0,0,53,0,0,0,0,0,0,0,0,303,47,47,0,350,0,1,0,0,0,0,0,1,0,0,0,0,0,1,0,1,0,0,0,0,0,1,0,0,1,0,539,60,0,0,0,0,0,0,0,0,0,0,0,0,0,0,599,255,1436
32,Rajasthan,Kota City,4,1,0,0,5,90,16,0,0,0,0,106,1,0,0,0,1,1,0,0,1,506,84,0,84,422,0,0,506,6,3,0,9,0,0,0,0,4,0,4,0,378,93,13,80,471,0,0,0,0,0,10,0,10,0,0,0,0,0,0,0,0,0,0,0,0,0,4,0,0,4,0,615,1,0,0,0,0,0,0,0,0,0,0,0,0,0,98,714,4,1835
33,Rajasthan,Kota Rural,0,0,0,0,0,54,2,0,0,0,0,56,1,0,0,0,1,0,0,0,0,451,37,0,37,414,1,0,452,5,1,0,6,0,0,0,0,0,0,0,0,391,117,0,117,508,1,3,0,0,0,82,0,86,0,0,0,0,0,0,0,0,0,0,0,0,0,2,0,0,2,0,1015,51,0,0,3,0,0,3,0,0,0,0,0,0,0,298,1367,0,2478
34,Rajasthan,Nagaur,0,6,0,0,6,126,6,1,0,0,0,133,0,0,0,0,0,9,0,0,9,45,38,0,38,7,0,16,61,40,3,0,43,0,0,0,0,64,0,64,0,617,126,0,126,743,0,1,0,0,0,49,0,50,0,0,0,0,0,0,0,0,0,0,0,0,0,8,0,0,8,0,285,126,0,0,0,0,0,0,0,0,0,0,0,0,0,0,411,262,1790
35,Rajasthan,Pali,0,6,0,0,6,83,5,0,0,0,0,88,2,0,0,0,2,0,0,0,0,52,0,0,0,52,44,0,96,4,5,0,9,0,0,0,0,0,0,0,0,611,86,0,86,697,1,0,0,0,0,0,0,1,0,0,0,0,0,0,0,0,0,0,0,0,0,7,0,0,7,0,126,17,0,0,28,0,0,28,0,0,0,0,0,0,0,0,171,461,1538
36,Rajasthan,Pratapgarh,0,0,1,0,1,64,7,0,0,0,0,71,0,0,0,0,0,0,0,0,0,157,24,0,24,133,2,0,159,6,0,0,6,0,0,0,0,7,0,7,0,368,78,3,75,446,3,1,0,0,76,33,0,113,0,0,0,0,0,0,0,0,0,0,0,0,0,0,0,0,0,0,221,24,0,0,0,0,0,0,0,0,0,0,0,0,0,58,303,13,1119
37,Rajasthan,Rajsamand,0,4,0,0,4,44,75,0,0,0,0,119,8,1,0,0,9,1,0,0,1,119,21,0,21,98,120,0,239,9,0,0,9,0,0,0,0,33,0,33,0,281,59,21,38,340,0,0,0,0,66,123,0,189,0,0,0,0,0,0,0,0,0,0,0,0,0,0,0,0,0,0,39,44,0,0,0,0,0,0,0,0,0,0,0,0,0,31,114,0,1057
38,Rajasthan,Sawai Madhopur,0,0,0,0,0,111,3,0,0,3,0,117,0,2,0,0,2,0,0,0,0,65,52,0,52,13,0,0,65,15,2,0,17,0,0,0,0,0,0,0,0,156,14,14,0,170,1,1,0,0,0,0,0,2,0,0,0,0,0,0,0,0,0,0,0,0,0,0,0,0,0,0,212,84,0,0,0,0,0,0,0,0,0,0,0,0,0,0,296,370,1039
39,Rajasthan,Sikar,0,0,0,0,0,155,8,0,0,0,0,163,1,0,0,0,1,1,0,0,1,56,56,0,56,0,8,0,64,18,0,0,18,0,0,0,0,0,0,0,0,535,34,20,14,569,0,0,0,0,0,31,0,31,0,0,0,0,0,0,0,0,0,0,0,0,0,1,0,0,1,0,303,166,0,0,0,0,0,0,0,0,0,0,0,0,0,115,584,9,1441
40,Rajasthan,Sirohi,0,3,0,0,3,70,53,0,0,0,0,123,4,1,0,0,5,0,0,0,0,93,12,0,12,81,8,0,101,6,1,0,7,0,0,0,0,0,0,0,0,554,69,0,69,623,0,0,0,0,0,34,0,34,0,0,0,0,0,0,0,0,0,0,0,0,0,6,0,0,6,0,209,2,0,0,0,0,0,0,0,0,0,0,0,0,0,0,211,177,1290
41,Rajasthan,Tonk,0,1,0,0,1,82,7,0,0,0,0,89,1,0,0,0,1,3,0,0,3,48,24,0,24,24,5,0,53,13,3,2,18,0,0,0,0,452,0,452,0,302,46,46,0,348,21,0,0,0,0,969,0,990,0,0,0,0,0,0,0,0,0,0,0,0,0,2,0,0,2,0,364,101,0,0,0,0,0,0,0,0,0,0,0,0,0,0,465,16,2438
42,Rajasthan,Udaipur,0,2,2,0,4,163,65,0,0,0,0,228,5,4,0,0,9,0,0,0,0,393,43,0,43,350,18,0,411,21,2,1,24,0,0,0,0,22,0,22,0,1163,98,20,78,1261,3,2,0,0,0,221,0,226,0,0,0,0,0,0,0,0,0,0,0,0,0,9,0,0,9,0,323,29,0,0,1,0,1,0,0,0,0,0,0,0,0,198,551,373,3118
43,Rajasthan,Jaipur Metro,0,0,0,0,0,0,0,0,0,0,0,0,0,0,0,0,0,0,0,0,0,0,0,0,0,0,0,0,0,0,0,0,0,0,0,0,0,0,0,0,0,0,0,0,0,0,0,0,0,0,0,0,0,0,0,0,0,0,0,0,0,0,0,0,0,0,0,0,0,0,0,0,0,0,0,0,0,0,0,0,0,0,0,0,0,0,0,0,0,1,1
44,Rajasthan,SCRB,0,0,0,0,0,0,0,0,0,0,0,0,0,0,0,0,0,0,0,0,0,0,0,0,0,0,0,0,0,16,0,0,16,0,0,0,0,0,0,0,0,0,0,0,0,0,0,0,0,0,0,0,0,0,0,0,0,0,0,0,0,0,0,0,0,0,0,0,0,0,0,0,0,0,0,0,0,0,0,0,0,0,0,0,0,0,0,0,0,0,16
45,Rajasthan,SOG,0,0,0,0,0,0,0,0,0,0,0,0,0,0,0,0,0,0,0,0,0,1,1,0,1,0,0,0,1,0,0,0,0,0,0,0,0,0,0,0,0,0,2,0,2,2,0,1,0,0,0,0,0,1,0,0,0,0,0,0,0,0,0,0,0,0,0,0,0,0,0,0,0,0,0,0,0,0,0,0,0,0,0,0,0,0,0,0,0,0,4
46,Rajasthan,SSB,0,0,0,0,0,0,0,0,0,0,0,0,0,0,0,0,0,0,0,10,10,0,0,0,0,0,0,0,0,0,0,0,0,0,0,0,0,0,0,0,0,0,0,0,0,0,0,0,0,0,0,0,0,0,0,0,0,0,0,0,0,0,0,0,0,0,0,0,0,0,0,0,0,0,0,0,0,0,0,0,0,0,0,0,0,0,0,0,0,0,10
47,Rajasthan,Jaipur Crime,0,0,0,0,0,0,0,0,0,0,0,0,0,0,0,0,0,0,0,0,0,0,0,0,0,0,0,0,0,21,0,0,21,0,0,0,0,0,0,0,0,0,0,0,0,0,0,0,0,0,0,0,0,0,0,0,0,0,0,0,0,0,0,0,0,0,0,0,0,0,0,0,0,0,0,0,0,0,0,0,0,0,0,0,0,0,0,0,0,0,21
48,Rajasthan,Bhiwadi,0,3,0,0,3,60,0,0,0,0,0,60,2,0,0,0,2,0,0,0,0,186,104,0,104,82,0,0,186,10,3,0,13,0,0,0,0,0,0,0,0,569,17,17,0,586,32,1,0,0,107,420,0,560,0,0,0,0,0,0,0,0,0,0,0,0,0,2,0,0,2,0,341,156,0,0,1,0,0,1,0,0,0,0,0,0,0,0,498,98,2008
Total Districts,Total Districts,Total Districts,8,42,3,0,53,3731,547,10,0,28,0,4316,101,23,0,0,124,75,0,10,85,5992,2736,6,2730,3256,358,67,6417,825,107,17,949,0,0,0,0,1155,0,1155,0,19135,3821,1393,2428,22956,219,159,1,32,1818,7300,0,9529,6,10,0,0,16,4,0,4,0,0,0,0,0,189,2,0,191,0,19199,2616,0,0,34,1,1,32,1,848,0,0,0,0,0,1310,24008,6911,76714
1,Sikkim,Gangtok (East),0,0,0,0,0,31,1,0,0,0,0,32,2,3,0,0,5,4,0,0,4,3,0,0,0,3,0,0,3,26,0,0,26,0,0,0,0,0,0,0,0,0,16,6,10,16,0,0,0,0,0,0,0,0,0,0,0,0,0,0,0,0,0,0,0,0,0,0,0,0,0,0,0,0,0,0,0,0,0,0,1,0,0,0,0,0,0,16,17,1,104
2,Sikkim,Mangan (North),0,0,0,0,0,9,0,0,0,0,0,9,0,0,0,0,0,0,0,0,0,0,0,0,0,0,0,0,0,0,0,0,0,0,0,0,0,0,0,0,0,0,0,0,0,0,0,0,0,0,0,0,0,0,0,0,0,0,0,0,0,0,0,0,0,0,0,0,0,0,0,0,0,0,0,0,0,0,0,0,0,0,0,0,0,0,0,0,0,5,14
3,Sikkim,Namchi (South),0,0,0,0,0,24,0,0,0,0,0,24,0,0,0,0,0,0,0,0,0,1,1,0,1,0,0,0,1,0,0,0,0,0,0,0,0,0,0,0,0,0,13,11,2,13,0,0,0,0,0,0,0,0,0,0,0,0,0,0,0,0,0,0,0,0,0,0,0,0,0,0,0,0,0,0,0,0,0,0,0,0,0,0,0,0,0,23,23,0,61
4,Sikkim,Soreng (West),0,0,0,0,0,12,0,0,0,0,0,12,0,0,0,0,0,0,0,0,0,0,0,0,0,0,0,0,0,0,0,0,0,0,0,0,0,0,0,0,0,0,6,0,6,6,0,0,0,0,0,0,0,0,0,0,0,0,0,0,0,0,0,0,0,0,0,0,0,0,0,0,0,0,0,0,0,0,0,0,0,0,0,0,0,0,0,0,0,4,22
5,Sikkim,Pakyong (East),0,0,0,0,0,13,0,0,0,0,0,13,0,0,0,0,0,0,0,0,0,1,0,0,0,1,0,0,1,0,0,0,0,0,0,0,0,0,0,0,8,0,6,5,1,14,0,0,0,0,0,0,0,0,0,0,0,0,0,0,0,0,0,0,0,0,0,0,0,0,0,0,0,0,0,0,0,0,0,0,0,0,0,0,0,0,0,0,0,22,50
6,Sikkim,Gyalshing (West),0,0,0,0,0,14,0,0,0,0,0,14,1,0,0,0,1,0,0,0,0,0,0,0,0,0,0,0,0,0,0,0,0,0,0,0,0,0,0,0,0,0,0,0,0,0,0,0,0,0,0,0,0,0,0,0,0,0,0,0,0,0,0,0,0,0,0,0,0,0,0,0,0,0,0,0,0,0,0,0,0,0,0,0,0,0,0,0,0,4,19
Total Districts,Total Districts,Total Districts,0,0,0,0,0,103,1,0,0,0,0,104,3,3,0,0,6,4,0,0,4,5,1,0,1,4,0,0,5,26,0,0,26,0,0,0,0,0,0,0,8,0,41,22,19,49,0,0,0,0,0,0,0,0,0,0,0,0,0,0,0,0,0,0,0,0,0,0,0,0,0,0,0,0,0,0,0,0,0,0,1,0,0,0,0,0,0,39,40,36,270
1,Tamil Nadu,Ariyalur,0,3,0,0,3,100,1,1,0,0,0,102,0,0,0,0,0,5,0,0,5,2,1,0,1,1,0,0,2,1,0,0,1,19,0,0,0,127,0,146,1667,0,53,53,0,1720,0,0,0,0,179,0,0,179,0,0,0,0,0,0,0,0,0,0,0,0,0,0,0,0,0,0,25,0,0,0,0,0,0,0,0,0,0,0,0,0,0,337,362,31,2551
2,Tamil Nadu,Chennai,8,58,0,0,66,310,7,5,0,13,0,335,17,0,0,0,17,63,0,0,63,10,3,1,2,7,6,9,25,99,9,7,115,168,10,0,0,8,0,186,4929,0,890,874,16,5819,0,0,0,22,4361,0,0,4383,4,59,2,0,65,0,0,0,0,0,0,0,0,0,0,0,0,0,102,0,0,7,0,0,0,0,2,0,0,0,1,2,10969,452,11535,1443,24052
3,Tamil Nadu,Coimbatore,2,24,0,0,26,220,0,1,0,9,0,230,2,0,0,0,2,14,0,0,14,0,0,0,0,0,0,0,0,43,0,0,43,324,0,0,0,41,0,365,7465,0,497,491,6,7962,0,0,0,0,904,0,0,904,0,0,0,0,0,0,0,0,0,0,0,0,0,0,0,0,0,0,278,0,0,0,1,0,0,1,0,0,0,0,0,0,33,278,590,51,10187
4,Tamil Nadu,Coimbatore City,0,8,0,0,8,75,3,0,0,0,0,78,0,0,0,0,0,9,1,0,10,5,1,0,1,4,0,7,12,4,3,0,7,58,0,0,0,0,0,58,1934,0,169,169,0,2103,0,0,0,0,541,0,0,541,2,2,0,0,4,0,0,0,0,0,0,0,0,0,0,0,0,0,58,0,0,0,0,0,0,0,0,0,0,0,0,0,1450,241,1749,138,4708
5,Tamil Nadu,Cuddalore,0,3,0,0,3,190,0,24,0,0,0,214,0,5,0,0,5,49,0,0,49,1,0,0,0,1,0,10,11,53,0,0,53,179,0,0,0,270,0,449,7025,0,667,0,667,7692,0,0,0,0,817,0,0,817,0,0,0,0,0,0,0,0,0,0,0,0,0,0,0,0,0,0,200,0,0,0,0,0,0,0,0,150,0,0,0,0,0,135,485,1487,11265
6,Tamil Nadu,Dharmapuri,0,1,0,0,1,118,0,5,0,0,0,123,0,0,0,0,0,3,0,0,3,6,6,0,6,0,3,1,10,44,0,0,44,130,0,0,0,50,0,180,4706,0,156,156,0,4862,0,0,0,0,297,0,0,297,1,0,0,0,1,0,0,0,0,0,0,0,0,1,0,0,1,0,66,1,0,1,0,0,0,0,0,0,0,0,0,0,0,90,158,23,5703
7,Tamil Nadu,Dindigul,1,6,0,0,7,116,0,7,0,0,0,123,2,0,0,0,2,22,0,0,22,15,8,0,8,7,0,6,21,42,1,0,43,101,0,0,0,50,0,151,3816,0,170,0,170,3986,0,0,0,0,283,0,0,283,0,0,0,0,0,0,0,0,0,0,0,0,0,0,0,0,0,0,96,0,0,0,0,0,0,0,1,0,0,0,1,0,721,168,987,248,5873
8,Tamil Nadu,Erode,2,13,0,0,15,171,0,7,0,0,0,178,6,0,0,0,6,0,0,0,0,9,9,1,8,0,0,12,21,29,0,0,29,133,0,0,0,16,0,149,4359,0,245,245,0,4604,0,0,0,0,384,0,0,384,4,0,0,0,4,0,0,0,0,0,0,0,0,0,0,0,0,0,123,0,0,0,0,0,0,0,0,0,0,0,0,0,0,117,240,143,5773
9,Tamil Nadu,Kanchipuram,1,0,0,0,1,40,0,0,0,0,0,40,1,0,0,0,1,5,0,0,5,1,1,0,1,0,0,1,2,19,2,0,21,51,0,0,0,84,0,135,1363,0,427,427,0,1790,0,0,0,0,498,0,0,498,0,0,0,0,0,0,0,0,0,0,0,0,0,1,0,0,1,0,66,0,0,0,0,0,0,0,0,0,0,0,0,0,0,90,156,158,2808
10,Tamil Nadu,Kanyakumari,37,9,0,0,46,103,0,0,0,0,0,103,0,0,0,0,0,7,0,0,7,0,0,0,0,0,0,7,7,0,1,0,1,14,0,0,0,123,0,137,3002,0,209,128,81,3211,0,0,0,0,415,0,0,415,0,2,0,0,2,0,0,0,0,0,0,0,0,0,0,0,0,0,30,0,0,1,0,0,0,0,0,0,0,0,0,0,225,454,710,62,4701
11,Tamil Nadu,Karur,4,7,5,0,16,73,0,6,0,0,0,79,0,0,0,0,0,17,0,0,17,4,1,0,1,3,0,0,4,11,0,0,11,137,0,0,0,67,0,204,3644,0,89,83,6,3733,0,0,0,0,346,0,0,346,0,0,0,0,0,0,0,0,0,0,0,0,0,0,0,0,0,0,79,0,0,0,3,0,0,3,0,0,0,0,2,0,210,189,483,0,4893
12,Tamil Nadu,Krishnagiri,0,2,0,0,2,96,2,6,0,0,0,104,1,0,0,0,1,2,0,0,2,6,6,0,6,0,3,1,10,47,0,0,47,79,1,0,0,117,0,197,4190,0,250,250,0,4440,1,0,0,0,527,0,0,528,0,0,0,0,0,0,0,0,0,0,0,0,0,0,0,0,0,0,102,0,0,0,3,1,0,2,0,0,0,0,0,0,238,196,539,0,5870
13,Tamil Nadu,Madurai,11,0,0,0,11,180,1,4,0,0,0,185,0,0,0,0,0,21,0,0,21,31,2,1,1,29,0,6,37,82,0,0,82,29,0,0,0,110,0,139,3764,0,245,229,16,4009,0,0,0,0,343,0,0,343,0,0,0,0,0,0,0,0,0,0,0,0,0,0,0,0,0,0,82,0,0,0,0,0,0,0,0,33,0,0,0,0,0,387,502,104,5433
14,Tamil Nadu,Madurai City,0,8,0,0,8,135,1,3,0,0,0,139,1,0,0,0,1,16,0,0,16,51,0,0,0,51,15,0,66,113,1,0,114,5,0,0,0,0,0,5,1998,0,332,332,0,2330,0,0,0,0,493,0,0,493,0,1,0,0,1,0,0,0,0,0,0,0,0,0,0,0,0,0,36,0,0,0,0,0,0,0,0,85,0,0,0,0,4865,4,4990,5,8168
15,Tamil Nadu,Nagapattinam,4,2,0,0,6,110,1,4,0,0,0,115,2,0,0,0,2,15,1,0,16,38,0,0,0,38,2,0,40,17,0,0,17,89,0,0,0,49,0,138,5951,0,146,141,5,6097,0,0,0,0,732,0,0,732,0,1,0,0,1,0,0,0,0,0,0,0,0,0,0,0,0,0,57,0,0,0,0,0,0,0,0,0,0,0,0,0,0,209,266,1678,9108
16,Tamil Nadu,Namakkal,3,5,0,0,8,120,2,4,0,0,0,126,2,0,0,0,2,5,0,0,5,2,2,0,2,0,0,2,4,34,0,0,34,194,0,0,0,57,0,251,3335,0,84,84,0,3419,0,0,0,0,414,0,0,414,0,0,0,0,0,0,0,0,0,0,0,0,0,0,0,0,0,0,67,0,0,0,0,0,0,0,0,0,0,0,1,0,53,63,184,91,4538
17,Tamil Nadu,Nilgiris,0,2,0,0,2,65,0,0,0,0,0,65,1,1,0,0,2,3,0,0,3,3,0,0,0,3,2,0,5,31,0,0,31,30,0,0,0,1,0,31,961,0,220,220,0,1181,0,0,0,0,288,0,0,288,0,1,0,0,1,0,0,0,0,0,0,0,0,0,0,0,0,0,25,0,0,0,0,0,0,0,0,0,0,0,0,0,0,58,83,167,1859
18,Tamil Nadu,Perambalur,3,0,0,0,3,69,0,0,0,0,0,69,0,0,0,0,0,4,0,0,4,2,2,0,2,0,0,4,6,10,0,0,10,8,0,0,0,44,0,52,1291,0,17,17,0,1308,0,0,0,0,273,0,0,273,0,1,0,0,1,0,0,0,1,0,0,0,1,0,0,0,0,0,7,0,0,0,0,0,0,0,0,0,0,0,1,0,0,218,226,0,1953
19,Tamil Nadu,Pudukottai,0,5,0,0,5,70,0,0,0,0,0,70,0,0,0,0,0,7,0,0,7,11,0,0,0,11,0,2,13,16,0,0,16,273,2,0,0,346,0,621,4059,0,97,96,1,4156,0,0,0,0,470,0,0,470,0,3,0,0,3,0,0,0,0,0,0,0,0,0,0,0,0,0,127,0,0,0,0,0,0,0,0,0,0,0,0,0,0,198,325,36,5722
20,Tamil Nadu,Ramnathapuram,24,1,0,0,25,111,0,3,0,0,0,114,0,0,0,0,0,22,0,0,22,31,0,0,0,31,0,2,33,73,0,0,73,21,0,0,0,123,0,144,4385,0,95,92,3,4480,0,0,0,0,575,0,0,575,3,4,0,0,7,0,0,0,0,0,0,0,0,0,0,0,0,0,52,0,0,0,0,0,0,0,0,172,0,0,0,0,13,626,863,44,6380
21,Tamil Nadu,Railway Chennai,0,0,0,0,0,6,1,0,0,0,0,7,0,0,0,0,0,0,0,0,0,0,0,0,0,0,0,0,0,0,0,0,0,0,0,0,0,0,0,0,10,0,226,8,218,236,0,0,0,0,132,0,0,132,0,0,0,0,0,4,0,4,0,0,0,0,0,16,0,0,16,0,0,0,0,0,0,0,0,0,0,0,0,0,0,0,1,5,6,0,401
22,Tamil Nadu,Railway Trichy,0,0,0,0,0,0,0,0,0,0,0,0,0,0,0,0,0,0,0,0,0,0,0,0,0,0,0,0,0,0,0,0,0,4,0,0,0,0,0,4,220,0,77,19,58,297,0,0,0,0,228,0,0,228,0,0,0,0,0,8,0,8,0,0,0,0,0,17,0,0,17,0,0,0,0,0,0,0,0,0,0,0,0,0,0,0,2,5,7,0,561
23,Tamil Nadu,Salem,2,7,0,0,9,173,0,10,0,0,0,183,0,0,0,0,0,16,0,0,16,16,16,0,16,0,0,2,18,44,0,0,44,290,0,0,0,58,0,348,6474,0,129,129,0,6603,0,0,0,0,278,0,0,278,0,0,0,0,0,0,0,0,0,0,0,0,0,0,0,0,0,0,131,0,0,0,0,0,0,0,0,0,0,0,0,0,0,259,390,80,7969
24,Tamil Nadu,Salem City,7,15,0,0,22,76,15,7,0,0,0,98,2,0,0,0,2,8,0,0,8,1,1,0,1,0,2,0,3,62,0,0,62,316,0,0,0,0,0,316,2761,0,224,224,0,2985,0,0,0,0,325,0,0,325,0,0,0,0,0,0,0,0,0,0,0,0,0,0,0,0,0,0,24,0,0,0,0,0,0,0,0,0,0,0,0,0,1240,115,1379,26,5226
25,Tamil Nadu,Sivagangai,10,5,0,0,15,113,0,2,0,0,0,115,1,0,0,0,1,16,0,0,16,95,0,0,0,95,0,0,95,40,0,0,40,47,0,0,0,90,0,137,2361,0,121,121,0,2482,0,0,0,0,311,0,0,311,0,1,0,0,1,0,0,0,0,0,0,0,0,0,0,0,0,0,56,0,0,0,0,0,0,0,0,0,0,0,0,0,100,414,570,286,4069
26,Tamil Nadu,Thanjavur,15,1,0,0,16,146,0,4,0,0,0,150,0,0,0,0,0,24,0,0,24,72,0,0,0,72,2,0,74,58,0,0,58,110,0,0,0,629,0,739,10593,0,122,76,46,10715,0,0,0,0,747,0,0,747,1,1,0,0,2,0,0,0,0,0,0,0,0,0,0,0,0,0,58,0,0,0,4,0,0,4,0,253,0,0,0,0,215,302,832,0,13357
27,Tamil Nadu,Theni,1,4,0,0,5,195,0,3,0,0,0,198,0,0,0,0,0,8,0,0,8,3,1,1,0,2,3,2,8,0,1,0,1,57,0,0,0,105,0,162,4827,0,200,198,2,5027,0,0,0,0,385,0,0,385,0,0,0,0,0,0,0,0,0,0,0,0,0,0,0,0,0,0,51,0,0,2,0,0,0,0,1,0,0,0,0,0,76,86,216,152,6162
28,Tamil Nadu,Thirunelveli,0,3,0,0,3,92,1,9,0,0,0,102,22,0,0,0,22,5,0,0,5,6,0,0,0,6,0,1,7,5,0,0,5,7,0,0,0,209,0,216,1157,0,107,105,2,1264,0,0,0,0,330,0,0,330,0,0,0,0,0,0,0,0,1,0,0,0,1,0,0,0,0,0,63,0,0,0,0,0,0,0,0,11,0,1,0,95,27,148,345,3,2303
29,Tamil Nadu,Thirunelveli City,3,8,0,0,11,38,0,1,0,0,0,39,0,0,0,0,0,2,0,0,2,7,3,0,3,4,0,1,8,21,0,0,21,9,0,0,0,7,0,16,688,0,160,160,0,848,0,0,0,0,271,0,0,271,0,0,0,0,0,0,0,0,0,0,0,0,0,0,0,0,0,0,5,0,0,0,0,0,0,0,0,0,0,0,0,0,663,64,732,42,1990
30,Tamil Nadu,Thiruvallur,0,2,0,0,2,57,2,1,0,0,0,60,1,0,0,0,1,17,1,0,18,8,3,0,3,5,0,1,9,88,0,0,88,12,0,0,0,181,0,193,2221,0,220,204,16,2441,0,0,0,0,663,0,0,663,0,1,0,0,1,0,0,0,0,0,0,0,0,0,0,0,0,0,152,0,0,0,1,0,1,0,0,15,0,0,0,0,0,88,256,71,3803
31,Tamil Nadu,Thiruvannamalai,9,4,0,0,13,145,4,5,0,0,0,154,3,0,0,0,3,17,0,0,17,6,6,0,6,0,0,4,10,43,0,0,43,75,0,0,0,467,0,542,6188,0,269,269,0,6457,0,0,0,0,1755,0,0,1755,0,0,0,0,0,0,0,0,0,0,0,0,0,0,0,0,0,0,61,4,0,0,1,1,0,0,0,0,0,0,0,0,0,150,216,226,9436
32,Tamil Nadu,Thiruvarur,0,1,0,0,1,78,0,0,0,0,0,78,0,0,0,0,0,11,0,0,11,1,0,0,0,1,2,9,12,19,0,0,19,48,0,0,0,92,0,140,3625,0,105,105,0,3730,0,0,0,0,2170,0,0,2170,0,0,0,0,0,0,0,0,0,0,0,0,0,0,0,0,0,0,35,0,0,0,2,0,0,2,0,0,0,0,0,0,1,87,125,608,6894
33,Tamil Nadu,Thoothukudi,12,5,0,0,17,134,4,1,0,0,0,139,0,0,0,0,0,14,0,0,14,7,3,0,3,4,0,7,14,14,0,0,14,32,0,0,0,75,0,107,3870,0,182,125,57,4052,0,0,0,0,1117,0,0,1117,0,1,0,0,1,0,0,0,0,0,0,0,0,4,0,0,4,0,88,0,0,2,0,0,0,0,0,45,0,0,1,1,600,523,1260,101,6840
34,Tamil Nadu,Tiruppur,0,5,0,0,5,122,0,3,0,0,0,125,4,0,0,0,4,4,0,0,4,2,0,0,0,2,0,0,2,33,2,0,35,128,0,0,0,19,0,147,4514,0,287,287,0,4801,0,0,0,0,635,0,0,635,2,0,0,0,2,0,0,0,0,0,0,0,0,0,0,0,0,0,247,0,0,0,0,0,0,0,0,0,0,0,0,0,0,189,436,29,6225
35,Tamil Nadu,Tiruppur City,2,2,0,0,4,74,1,1,0,1,0,77,0,0,0,0,0,7,0,0,7,0,0,0,0,0,0,2,2,0,0,0,0,88,0,0,0,0,0,88,2072,0,131,130,1,2203,0,0,0,0,1157,0,0,1157,8,0,0,0,8,1,0,1,0,0,0,0,0,0,0,0,0,0,71,0,0,0,0,0,0,0,0,0,0,0,0,0,844,70,985,75,4607
36,Tamil Nadu,Trichy,0,4,0,0,4,103,0,3,0,0,0,106,0,0,0,0,0,10,0,0,10,6,2,0,2,4,2,4,12,6,0,0,6,123,0,0,0,149,0,272,3485,0,127,127,0,3612,0,0,0,0,259,0,0,259,0,0,0,0,0,0,0,0,0,0,0,0,0,0,0,0,0,0,93,0,0,0,1,0,0,1,0,14,0,0,0,0,0,215,323,131,4735
37,Tamil Nadu,Trichy City,3,17,0,0,20,51,2,0,0,1,0,54,1,0,0,0,1,6,0,0,6,3,0,0,0,3,0,1,4,17,0,0,17,111,0,0,0,4,0,115,1705,0,220,158,62,1925,0,0,0,0,777,0,0,777,0,20,0,0,20,0,0,0,0,0,0,0,0,0,0,0,0,0,35,0,0,0,0,0,0,0,0,0,0,0,0,0,12366,250,12651,12,15602
38,Tamil Nadu,Vellore,0,0,0,0,0,67,0,0,0,0,0,67,1,0,0,0,1,19,0,0,19,5,5,0,5,0,4,0,9,0,0,0,0,39,0,0,0,309,0,348,2833,0,142,142,0,2975,0,0,0,0,475,0,0,475,0,0,0,0,0,0,0,0,0,0,0,0,0,0,0,0,0,0,79,0,0,0,0,0,0,0,0,0,0,0,0,52,0,164,295,181,4370
39,Tamil Nadu,Villupuram,5,8,0,0,13,86,0,7,0,0,0,93,0,0,0,0,0,24,0,0,24,4,4,0,4,0,0,12,16,80,1,0,81,81,0,0,0,357,0,438,3891,0,281,281,0,4172,0,0,0,0,777,0,0,777,0,0,0,0,0,0,0,0,0,0,0,0,0,0,0,0,0,0,113,10,1,0,1,0,0,1,0,0,0,0,0,0,2,173,300,443,6357
40,Tamil Nadu,Virudhunagar,13,0,0,0,13,184,3,2,0,0,0,189,0,0,0,0,0,12,0,0,12,31,0,0,0,31,248,7,286,39,0,1,40,59,0,0,0,114,0,173,4516,0,170,170,0,4686,0,0,0,0,815,0,0,815,0,1,0,0,1,0,0,0,0,0,0,0,0,0,0,0,0,0,127,0,0,1,0,0,0,0,0,30,0,0,0,0,183,557,898,77,7190
41,Tamil Nadu,Cyber Cell,0,0,0,0,0,0,0,0,0,0,0,0,0,0,0,0,0,0,0,0,0,0,0,0,0,0,0,0,0,3,0,0,3,0,0,0,0,0,0,0,0,0,0,0,0,0,0,0,0,0,0,0,0,0,0,0,0,0,0,0,0,0,0,0,0,0,0,0,0,0,0,0,0,0,0,0,0,0,0,0,0,0,0,0,0,0,0,0,0,0,3
42,Tamil Nadu,Other Units,0,0,0,0,0,0,0,0,0,0,0,0,0,0,0,0,0,0,0,0,0,0,0,0,0,0,0,0,0,1,0,0,1,0,0,0,0,0,0,0,0,0,510,30,480,510,0,0,0,0,0,0,0,0,0,0,0,0,0,0,0,0,0,0,0,0,0,0,0,0,0,0,0,0,0,0,0,0,0,0,0,0,0,0,0,0,0,0,0,0,511
43,Tamil Nadu,Chengalpattu,1,0,0,0,1,46,1,0,0,0,0,47,0,0,0,0,0,5,0,0,5,3,0,0,0,3,0,0,3,36,0,0,36,40,0,0,0,70,0,110,3504,0,252,0,252,3756,0,0,0,0,699,0,0,699,0,0,0,0,0,0,0,0,0,0,0,0,0,0,0,0,0,0,39,0,0,0,0,0,0,0,0,0,0,0,0,0,0,174,213,4,4874
44,Tamil Nadu,Kallakurichi,7,2,0,0,9,77,0,3,0,0,0,80,3,0,0,0,3,21,0,0,21,4,3,0,3,1,0,2,6,9,0,0,9,26,0,0,0,114,0,140,2163,0,83,83,0,2246,0,1,0,0,212,0,0,213,0,0,0,0,0,0,0,0,0,0,0,0,0,0,0,0,0,0,37,0,0,0,0,0,0,0,0,36,0,0,0,0,0,130,203,142,3072
45,Tamil Nadu,Ranipet,1,1,0,0,2,31,0,0,0,0,0,31,0,0,0,0,0,7,0,0,7,0,0,0,0,0,2,0,2,46,0,0,46,4,0,0,0,41,0,45,2631,0,157,157,0,2788,0,0,0,0,717,0,0,717,0,0,0,0,0,0,0,0,0,0,0,0,0,0,0,0,0,0,30,0,0,0,0,0,0,0,0,0,0,0,0,0,0,86,116,439,4193
46,Tamil Nadu,Tiruppattur,6,2,0,0,8,62,0,2,0,0,0,64,0,0,0,0,0,8,1,0,9,3,2,0,2,1,5,1,9,0,0,0,0,40,0,0,0,135,0,175,2089,0,78,78,0,2167,0,0,0,0,175,0,0,175,0,0,0,0,0,0,0,0,0,0,0,0,0,2,0,0,2,0,64,0,0,0,0,0,0,0,0,0,0,0,0,36,0,124,224,78,2911
47,Tamil Nadu,Tenkasi,7,4,0,0,11,132,0,2,0,0,0,134,0,0,0,0,0,6,0,0,6,6,1,0,1,5,1,1,8,14,1,1,16,141,0,0,0,76,0,217,1149,0,125,125,0,1274,0,0,0,0,569,0,0,569,0,0,0,0,0,0,0,0,0,0,0,0,0,0,0,0,0,0,59,0,0,0,0,0,0,0,1,65,0,0,0,0,686,170,981,51,3267
48,Tamil Nadu,Avadi,15,6,0,0,21,137,0,5,0,2,0,144,0,0,0,0,0,26,0,0,26,1,0,0,0,1,1,1,3,22,0,0,22,12,1,0,0,18,0,31,599,0,378,145,233,977,0,0,0,0,1289,0,0,1289,0,1,0,0,1,0,0,0,0,0,0,0,0,0,0,0,0,0,36,0,0,0,0,0,0,0,0,0,0,0,0,0,2537,261,2834,122,5470
49,Tamil Nadu,Tambaram,1,14,0,0,15,71,1,4,0,3,0,79,4,0,0,0,4,28,0,4,32,7,0,0,0,7,0,6,13,16,0,0,16,25,1,0,0,16,0,42,1570,0,244,52,192,1814,0,0,0,0,438,0,0,438,2,1,0,0,3,0,0,0,0,0,0,0,0,0,0,0,0,0,23,0,0,0,0,0,0,0,0,0,0,0,0,0,2882,136,3041,103,5600
Total Districts,Total Districts,Total Districts,220,277,5,0,502,4968,53,155,0,29,0,5205,77,6,0,0,83,610,4,4,618,525,92,4,88,433,303,134,962,1484,22,9,1515,3966,15,0,0,5018,0,8999,155560,0,10385,7795,2590,165945,1,1,0,22,30846,0,0,30870,27,101,2,0,130,13,0,13,2,0,0,0,2,41,0,0,41,0,3455,15,1,14,17,2,1,14,5,909,0,1,7,186,41202,9455,55267,9391,279543
1,Telangana,Cyberabad Commissionerate,0,0,0,0,0,323,107,0,0,83,0,513,10,3,0,0,13,3,0,0,3,17,8,0,8,9,0,18,35,29,1,0,30,0,0,0,0,3,0,3,0,231,198,129,69,429,0,0,0,0,4,0,0,4,2,0,0,0,2,0,0,0,0,0,0,0,0,49,0,0,49,0,292,0,0,0,0,0,0,0,0,0,0,0,28,0,0,0,320,24,1425
2,Telangana,Hyderabad Commissionerate,0,52,0,0,52,401,28,4,0,35,0,468,9,3,0,0,12,44,0,0,44,63,2,1,1,61,9,0,72,282,38,4,324,0,2,0,0,0,0,2,8,176,307,68,239,491,0,0,9,0,288,0,0,297,10,7,5,0,22,0,0,0,0,0,1,0,1,92,0,0,92,0,436,0,0,1,2,0,0,2,0,2,0,0,76,0,0,1,518,120,2515
3,Telangana,Karimnagar Commissionerate,0,1,0,0,1,23,11,1,0,0,0,35,3,0,0,0,3,0,0,0,0,0,0,0,0,0,1,0,1,0,0,0,0,0,0,0,0,0,0,0,5,1,22,22,0,28,0,0,0,0,0,0,0,0,0,0,0,0,0,0,0,0,0,0,0,0,0,0,0,0,0,0,34,0,0,0,0,0,0,0,0,0,0,0,11,0,0,0,45,5,118
4,Telangana,Khammam Commissionerate,0,8,0,0,8,100,55,21,0,0,0,176,1,0,0,0,1,0,0,0,0,1,0,0,0,1,0,3,4,1,0,0,1,0,0,0,0,0,0,0,1,6,41,32,9,48,0,0,0,0,0,0,0,0,0,0,0,0,0,0,0,0,0,0,1,0,1,0,0,0,0,0,134,0,0,0,0,0,0,0,0,0,0,0,0,0,0,0,134,30,403
5,Telangana,Nizamabad Commissionerate,0,4,0,0,4,64,0,3,0,0,0,67,1,0,0,0,1,1,0,0,1,2,2,0,2,0,0,0,2,4,0,0,4,0,0,0,0,0,0,0,0,11,19,19,0,30,0,0,0,0,0,0,0,0,0,0,0,0,0,0,0,0,0,0,0,0,0,31,0,0,31,0,385,0,0,0,0,0,0,0,0,0,0,0,16,0,0,0,401,11,552
6,Telangana,Rachakonda Commissionerate,0,0,0,0,0,518,0,1,0,0,0,519,9,3,0,0,12,0,0,0,0,9,9,0,9,0,8,0,17,12,5,0,17,0,0,0,0,0,0,0,129,341,233,233,0,703,0,0,0,0,113,0,0,113,0,3,0,0,3,0,0,0,0,0,0,0,0,0,0,0,0,0,218,0,0,0,0,0,0,0,0,0,1,0,0,0,0,0,219,162,1765
7,Telangana,Ramagundam Commissionerate,0,1,0,0,1,77,0,0,0,1,0,78,3,1,0,0,4,0,0,0,0,0,0,0,0,0,0,0,0,0,0,0,0,0,0,0,0,0,0,0,0,0,22,0,22,22,0,0,0,0,0,0,0,0,0,0,0,0,0,0,0,0,0,0,0,0,0,6,0,0,6,0,53,0,0,0,0,0,0,0,0,0,0,0,29,0,0,0,82,14,207
8,Telangana,Siddipet Commissionerate,0,0,0,0,0,80,7,0,0,0,1,88,3,0,0,0,3,36,0,0,36,2,2,0,2,0,1,4,7,0,0,0,0,0,0,0,0,0,0,0,1,7,26,26,0,34,0,0,0,0,2,0,0,2,0,0,0,0,0,0,0,0,0,0,0,0,0,63,0,0,63,0,24,8,0,0,0,0,0,0,0,0,0,0,0,0,0,0,32,65,330
9,Telangana,Warangal Commissionerate,5,2,0,0,7,136,2,6,0,26,0,170,8,3,0,0,11,0,0,0,0,0,0,0,0,0,8,0,8,1,0,0,1,0,0,0,0,0,0,0,288,280,82,6,76,650,1,0,0,0,0,0,0,1,0,0,0,0,0,0,0,0,0,0,0,0,0,13,0,0,13,0,183,0,0,0,0,0,0,0,0,0,0,0,12,0,0,0,195,92,1148
10,Telangana,Adilabad,1,0,0,0,1,43,0,0,0,0,0,43,1,1,0,0,2,0,0,0,0,0,0,0,0,0,0,0,0,1,0,0,1,0,0,0,0,0,0,0,0,11,18,0,18,29,0,0,0,0,0,0,0,0,0,0,0,0,0,0,0,0,0,0,0,0,0,0,0,0,0,0,204,0,0,0,0,0,0,0,1,0,0,0,17,0,0,0,222,16,314
11,Telangana,Bhadradri Kothagudem,0,0,0,0,0,91,69,0,0,0,0,160,1,1,0,0,2,0,0,0,0,2,0,0,0,2,0,0,2,0,0,0,0,0,0,0,0,0,0,0,0,4,50,12,38,54,0,0,0,0,0,0,0,0,0,0,0,0,0,0,0,0,0,0,0,0,0,0,0,0,0,0,183,0,0,0,0,0,0,0,0,0,0,0,1,0,0,1,185,19,422
12,Telangana,Jagityal,0,1,0,0,1,48,0,0,0,0,0,48,4,0,0,0,4,0,0,0,0,0,0,0,0,0,0,2,2,1,0,0,1,0,0,0,0,0,0,0,0,4,11,11,0,15,0,0,0,0,0,0,0,0,0,0,0,0,0,0,0,0,0,0,0,0,0,0,0,0,0,0,1,0,0,0,0,0,0,0,0,0,0,0,0,0,0,0,1,147,219
13,Telangana,Jayashankar Bhupalpalli,0,0,0,0,0,7,0,0,0,0,0,7,1,0,0,0,1,0,0,0,0,2,0,0,0,2,0,0,2,0,0,0,0,0,0,0,0,0,0,0,168,6,9,9,0,183,2,0,0,0,0,0,0,2,0,0,0,0,0,0,0,0,0,0,0,0,0,0,0,0,0,0,31,0,0,0,1,1,0,0,0,0,0,0,0,0,0,0,32,5,232
14,Telangana,Jogulamba Gadwal,0,0,0,0,0,66,0,3,0,0,0,69,0,0,0,0,0,0,0,0,0,0,0,0,0,0,0,0,0,1,0,0,1,0,0,0,0,0,0,0,1,4,2,2,0,7,0,0,0,0,0,0,0,0,0,0,0,0,0,0,0,0,0,0,0,0,0,0,0,0,0,0,48,0,0,0,0,0,0,0,0,0,0,0,1,0,0,0,49,1,127
15,Telangana,Kamareddy,0,0,0,0,0,44,3,0,0,0,0,47,1,0,0,0,1,0,0,0,0,1,1,0,1,0,0,0,1,2,0,0,2,0,0,0,0,0,0,0,0,12,7,7,0,19,0,0,0,0,0,0,0,0,0,0,0,0,0,0,0,0,0,0,0,0,0,0,0,0,0,0,174,0,0,0,0,0,0,0,1,0,0,0,0,0,0,0,175,9,254
16,Telangana,Kumaram Bheem Asifabad,0,1,0,0,1,15,0,0,0,0,0,15,0,0,0,0,0,0,0,0,0,0,0,0,0,0,0,0,0,0,0,0,0,0,0,0,0,0,0,0,107,37,22,22,0,166,0,0,0,0,0,0,0,0,0,0,0,0,0,0,0,0,0,0,0,0,0,0,0,0,0,0,90,0,0,0,0,0,0,0,0,0,0,0,11,0,0,0,101,14,297
17,Telangana,Mahabubabad,0,0,0,0,0,44,0,0,0,0,0,44,0,0,0,0,0,0,0,0,0,0,0,0,0,0,4,2,6,3,0,0,3,0,0,0,0,0,0,0,71,102,11,11,0,184,0,0,0,0,0,0,0,0,0,0,0,0,0,0,0,0,0,0,0,0,0,0,0,0,0,0,38,0,0,0,0,0,0,0,0,0,0,0,8,0,0,0,46,0,283
18,Telangana,Mahabubnagar,0,3,0,0,3,96,2,0,0,0,0,98,0,0,0,0,0,0,0,0,0,0,0,0,0,0,0,1,1,15,2,0,17,0,0,0,0,0,0,0,713,0,6,0,6,719,0,0,0,0,90,0,0,90,0,0,0,0,0,0,0,0,0,0,0,0,0,0,0,0,0,0,35,0,1,0,0,0,0,0,0,0,0,0,5,0,0,0,41,256,1225
19,Telangana,Medak,0,0,0,0,0,68,1,1,0,3,0,73,1,0,0,0,1,0,0,0,0,1,0,0,0,1,1,2,4,1,0,0,1,0,0,0,0,0,0,0,0,25,5,5,0,30,0,0,0,0,0,0,0,0,0,0,0,0,0,0,0,0,0,0,0,0,0,0,0,0,0,0,46,0,0,0,1,1,0,0,1,0,0,0,6,0,0,0,54,47,210
20,Telangana,Nagarkurnool,0,0,0,0,0,70,0,2,0,0,0,72,3,0,0,0,3,0,0,0,0,0,0,0,0,0,2,0,2,4,0,0,4,0,0,0,0,0,0,0,0,12,7,7,0,19,0,0,0,0,0,0,0,0,0,0,0,0,0,0,0,0,0,0,0,0,0,0,0,0,0,0,21,0,0,0,0,0,0,0,1,0,0,0,0,0,0,0,22,25,147
21,Telangana,Nalgonda,0,0,0,0,0,91,0,0,0,13,0,104,0,0,0,0,0,0,0,0,0,0,0,0,0,0,0,3,3,1,0,0,1,0,0,0,0,0,0,0,2,15,23,0,23,40,0,0,0,0,0,0,0,0,0,0,0,0,0,0,0,0,0,0,0,0,0,0,0,0,0,0,28,0,0,0,0,0,0,0,0,0,0,0,12,0,0,0,40,81,269
22,Telangana,Nirmal,0,0,0,0,0,9,0,0,0,0,0,9,0,0,0,0,0,0,0,0,0,2,0,0,0,2,0,0,2,0,0,0,0,0,0,0,0,0,0,0,0,2,5,0,5,7,0,0,0,0,0,0,0,0,0,0,0,0,0,0,0,0,0,0,0,0,0,0,0,0,0,0,40,0,0,0,0,0,0,0,0,0,0,0,21,0,0,0,61,9,88
23,Telangana,Rajanna Siricilla,0,0,0,0,0,21,0,2,0,4,0,27,0,0,0,0,0,0,0,0,0,1,0,0,0,1,1,0,2,0,0,0,0,0,0,0,0,0,0,0,1,3,16,16,0,20,1,0,0,0,0,0,0,1,0,0,0,0,0,0,0,0,0,0,0,0,0,1,0,0,1,0,12,0,0,0,0,0,0,0,0,0,0,0,11,0,0,0,23,26,100
24,Telangana,Sangareddy,0,0,0,0,0,60,0,0,0,0,0,60,2,1,0,0,3,12,0,0,12,6,3,0,3,3,0,0,6,2,0,0,2,0,0,0,0,0,0,0,0,4,11,11,0,15,0,0,0,0,33,0,0,33,0,0,0,0,0,0,0,0,0,0,0,0,0,0,0,0,0,0,109,0,0,0,0,0,0,0,0,0,0,0,10,0,0,0,119,42,292
25,Telangana,Suryapet,0,1,0,0,1,81,0,0,0,0,0,81,0,0,0,0,0,0,0,0,0,0,0,0,0,0,0,1,1,0,0,0,0,0,0,0,0,0,0,0,0,12,59,45,14,71,0,0,0,0,0,0,0,0,0,0,0,0,0,0,0,0,0,0,0,0,0,0,0,0,0,0,48,0,0,0,0,0,0,0,0,0,0,0,4,0,0,0,52,15,221
26,Telangana,Vikarabad,0,0,0,0,0,53,41,5,0,8,0,107,0,0,0,0,0,0,0,0,0,2,1,0,1,1,1,0,3,0,0,0,0,0,0,0,0,0,0,0,2,1,14,14,0,17,0,0,0,0,1,0,0,1,0,0,0,0,0,0,0,0,0,0,0,0,0,0,0,0,0,0,151,0,0,0,0,0,0,0,0,0,0,0,5,0,0,0,156,4,288
27,Telangana,Wanaparthy,0,0,0,0,0,25,0,1,0,0,0,26,0,0,0,0,0,0,0,0,0,0,0,0,0,0,0,3,3,0,0,0,0,0,0,0,0,0,0,0,0,1,1,1,0,2,0,0,0,0,0,0,0,0,0,0,0,0,0,0,0,0,0,0,0,0,0,0,0,0,0,0,20,0,0,0,0,0,0,0,0,0,0,0,0,0,0,0,20,11,62
28,Telangana,Railway Police Secunderabad,0,0,0,0,0,0,4,0,0,2,0,6,0,0,0,0,0,0,0,0,0,1,0,0,0,1,0,0,1,0,0,0,0,0,0,0,0,0,0,0,0,0,44,44,0,44,0,0,0,0,0,0,0,0,0,0,0,0,0,2,0,2,0,0,0,0,0,0,0,0,0,0,0,0,0,0,0,0,0,0,0,0,0,0,0,0,0,0,0,0,53
29,Telangana,Mulug,0,0,0,0,0,26,1,3,0,0,0,30,0,0,0,0,0,0,0,0,0,0,0,0,0,0,0,1,1,0,0,0,0,0,0,0,0,0,0,0,12,1,5,0,5,18,0,0,0,0,0,0,0,0,0,0,0,0,0,0,0,0,0,0,0,0,0,0,0,0,0,0,10,0,0,0,0,0,0,0,0,0,0,0,5,0,0,0,15,12,76
30,Telangana,Narayanpet,0,0,0,0,0,46,2,0,0,0,0,48,1,0,0,0,1,0,0,0,0,0,0,0,0,0,0,0,0,0,0,0,0,0,0,0,0,0,0,0,0,0,3,3,0,3,0,0,0,0,97,0,0,97,0,0,0,0,0,0,0,0,0,0,0,0,0,0,0,0,0,0,20,0,0,0,0,0,0,0,0,0,0,0,0,0,0,0,20,170,339
Total Districts,Total Districts,Total Districts,6,74,0,0,80,2726,333,53,0,175,1,3288,62,16,0,0,78,96,0,0,96,112,28,1,27,84,36,40,188,360,46,4,410,0,2,0,0,3,0,5,1509,1309,1279,755,524,4097,4,0,9,0,628,0,0,641,12,10,5,0,27,2,0,2,0,0,2,0,2,255,0,0,255,0,3068,8,1,1,4,2,0,2,4,2,1,0,289,0,0,2,3380,1432,13981
1,Tripura,Dhalai,0,0,0,0,0,9,0,0,0,0,0,9,0,0,0,0,0,0,1,0,1,0,0,0,0,0,0,0,0,0,0,0,0,0,0,0,0,0,0,0,0,0,68,0,68,68,0,0,0,0,0,0,0,0,0,4,0,0,4,0,0,0,0,0,0,0,0,1,0,0,1,0,0,0,0,0,0,0,0,0,0,0,0,0,0,0,0,0,0,1,84
2,Tripura,Gomati,0,0,0,0,0,23,0,0,0,0,0,23,0,0,0,0,0,4,2,0,6,0,0,0,0,0,0,0,0,1,0,0,1,0,0,0,0,0,0,0,0,0,27,8,19,27,0,0,0,0,0,0,0,0,0,5,0,0,5,0,0,0,0,0,0,0,0,1,0,0,1,0,0,0,0,0,0,0,0,0,0,0,0,0,0,0,0,0,0,4,67
3,Tripura,GRP,0,0,0,0,0,0,0,0,0,0,0,0,0,0,0,0,0,0,0,0,0,0,0,0,0,0,0,0,0,0,0,0,0,0,0,0,0,0,0,0,0,0,21,2,19,21,0,0,0,0,0,0,0,0,0,14,0,0,14,0,0,0,0,0,0,0,0,0,0,0,0,0,0,0,0,0,0,0,0,0,0,0,0,0,0,0,0,0,0,0,35
4,Tripura,Kowai,0,0,0,0,0,11,0,0,0,0,0,11,0,0,0,0,0,3,0,0,3,0,0,0,0,0,0,0,0,2,0,0,2,0,0,0,0,0,2,2,0,0,71,0,71,71,0,0,0,0,0,0,0,0,0,5,0,0,5,0,0,0,0,0,0,0,0,0,0,0,0,0,0,0,0,0,0,0,0,0,0,0,0,0,0,0,0,0,0,0,94
5,Tripura,North,0,0,0,0,0,18,0,0,0,0,0,18,0,0,0,0,0,9,0,0,9,0,0,0,0,0,0,0,0,0,0,0,0,0,0,0,0,0,0,0,0,0,71,15,56,71,0,0,0,0,0,0,0,0,1,11,0,0,12,0,0,0,0,0,0,0,0,4,0,0,4,0,0,0,0,0,0,0,0,0,0,0,0,0,0,0,0,0,0,9,123
6,Tripura,Sipahijala,0,0,0,0,0,3,0,0,0,0,0,3,0,0,0,0,0,3,2,0,5,0,0,0,0,0,0,0,0,3,0,0,3,0,0,0,0,0,0,0,0,0,123,0,123,123,0,0,0,0,0,0,0,0,0,2,0,0,2,0,0,0,0,0,0,0,0,0,0,0,0,0,0,0,0,0,0,0,0,0,0,0,0,0,0,0,0,0,0,0,136
7,Tripura,South,0,0,0,0,0,10,0,1,0,0,0,11,0,1,0,0,1,1,0,0,1,0,0,0,0,0,0,0,0,2,0,0,2,0,0,0,0,0,0,0,0,0,35,2,33,35,0,1,0,0,0,0,0,1,0,0,0,0,0,0,0,0,0,0,0,0,0,0,0,0,0,0,0,0,0,0,0,0,0,0,0,0,0,0,0,0,0,0,0,1,52
8,Tripura,Unakoti,0,0,0,0,0,20,0,1,0,0,0,21,0,0,0,0,0,0,0,0,0,0,0,0,0,0,0,0,0,4,0,0,4,0,0,0,0,0,1,1,0,0,21,14,7,21,0,0,0,0,0,0,0,0,0,9,0,0,9,0,0,0,0,0,0,0,0,1,0,0,1,0,0,0,0,0,0,0,0,0,0,0,0,0,0,0,0,0,0,1,58
9,Tripura,West,0,0,0,0,0,26,0,0,0,0,0,26,2,2,0,0,4,2,0,0,2,3,3,0,3,0,0,0,3,18,0,1,19,0,0,0,0,0,1,1,0,0,125,0,125,125,0,0,0,0,0,0,0,0,1,45,0,0,46,0,0,0,0,0,0,0,0,2,0,0,2,0,0,0,0,0,0,0,0,0,0,1,0,0,0,0,0,1,2,0,230
Total Districts,Total Districts,Total Districts,0,0,0,0,0,120,0,2,0,0,0,122,2,3,0,0,5,22,5,0,27,3,3,0,3,0,0,0,3,30,0,1,31,0,0,0,0,0,4,4,0,0,562,41,521,562,0,1,0,0,0,0,0,1,2,95,0,0,97,0,0,0,0,0,0,0,0,9,0,0,9,0,0,0,0,0,0,0,0,0,0,1,0,0,0,0,0,1,2,16,879
1,Uttar Pradesh,Agra,11,8,0,0,19,80,0,0,0,0,0,80,0,0,0,0,0,5,0,0,5,608,608,7,601,0,0,1,609,160,5,0,165,0,0,0,0,7,0,7,0,655,0,0,0,655,8,0,0,0,0,0,0,8,0,0,0,0,0,0,0,0,0,0,0,0,0,25,0,0,25,0,240,16,0,0,159,159,0,0,0,0,0,0,0,0,0,607,1022,0,2595
2,Uttar Pradesh,Aligarh,2,1,0,0,3,276,0,0,0,0,0,276,0,0,0,0,0,61,0,0,61,602,510,11,499,92,7,0,609,154,5,0,159,0,0,0,0,0,2,2,0,711,204,204,0,915,40,3,0,0,0,0,0,43,0,0,0,0,0,0,0,0,0,0,0,0,0,53,0,0,53,0,328,6065,0,0,0,0,0,0,0,0,0,0,0,0,0,0,6393,275,8789
3,Uttar Pradesh,Prayagraj,2,1,0,3,6,84,0,0,0,0,0,84,0,0,0,0,0,131,0,2,133,440,371,8,363,69,0,499,939,891,0,0,891,0,0,0,0,38,2,40,0,995,320,320,0,1315,66,0,0,0,4,0,0,70,0,0,0,0,0,0,0,0,0,0,0,0,0,18,0,0,18,0,201,9115,0,0,0,0,0,0,0,0,0,0,0,0,0,625,9941,82,13519
4,Uttar Pradesh,Ambedkar Nagar,183,1,0,0,184,20,0,0,0,0,0,20,0,0,0,0,0,14,0,0,14,353,166,0,166,187,0,2,355,54,0,0,54,0,0,0,0,0,1,1,0,773,78,0,78,851,37,0,0,0,0,0,0,37,0,0,0,0,0,0,0,0,0,0,0,0,0,7,0,0,7,0,23,2007,0,0,0,0,0,0,0,0,0,0,0,0,0,80,2110,591,4224
5,Uttar Pradesh,Amethi,0,0,0,0,0,50,0,0,0,0,0,50,0,0,0,0,0,162,0,0,162,209,178,0,178,31,4,0,213,11,0,0,11,0,0,0,0,0,0,0,0,762,162,162,0,924,44,2,0,0,0,0,0,46,0,0,0,0,0,0,0,0,0,0,0,0,0,3,0,0,3,0,12,189,0,0,0,0,0,0,0,0,0,0,0,0,0,60,261,0,1670
6,Uttar Pradesh,Auraiya,4,1,0,0,5,138,0,0,0,0,0,138,0,0,0,0,0,4,0,0,4,219,219,0,219,0,3,0,222,71,4,0,75,0,0,0,0,0,0,0,0,618,57,57,0,675,6,3,0,0,0,0,0,9,0,0,0,0,0,0,0,0,0,0,0,0,0,5,0,0,5,0,162,4,0,0,0,0,0,0,0,0,0,0,0,0,0,0,166,330,1629
7,Uttar Pradesh,Azamgarh,0,0,0,0,0,183,0,0,0,0,0,183,0,0,0,0,0,0,0,0,0,501,501,0,501,0,1,0,502,130,0,0,130,0,0,0,0,0,4,4,0,779,177,0,177,956,15,0,0,0,0,0,0,15,0,0,0,0,0,0,0,0,0,0,0,0,0,23,0,0,23,0,0,5,0,0,0,0,0,0,0,0,0,0,0,0,0,0,5,747,2565
8,Uttar Pradesh,Badaun,21,1,0,0,22,247,0,3,0,0,0,250,18,0,0,0,18,16,0,0,16,916,916,0,916,0,0,0,916,61,6,0,67,0,0,0,0,2,4,6,0,2409,197,197,0,2606,9,8,2,0,0,0,0,19,0,0,0,0,0,0,0,0,0,0,0,0,0,13,0,0,13,0,250,3078,0,0,0,0,0,0,0,0,0,0,0,0,0,60,3388,119,7440
9,Uttar Pradesh,Baghpat,0,0,0,0,0,107,0,0,0,0,0,107,0,0,0,0,0,0,0,0,0,343,343,0,343,0,10,0,353,259,0,0,259,0,0,0,0,0,0,0,0,255,37,37,0,292,0,0,0,0,0,0,0,0,0,0,0,0,0,0,0,0,0,0,0,0,0,9,0,0,9,0,44,11,0,0,0,0,0,0,0,0,0,0,0,0,0,0,55,413,1488
10,Uttar Pradesh,Bahraich,900,0,0,0,900,184,0,0,0,0,0,184,0,0,0,0,0,32,0,0,32,274,274,0,274,0,3,0,277,34,0,0,34,0,0,0,0,6,1,7,0,1094,183,0,183,1277,44,3,0,0,0,0,0,47,0,0,0,0,0,0,0,0,0,0,0,0,0,16,0,0,16,0,57,2,0,0,347,347,0,0,0,0,0,0,0,0,0,85,491,0,3265
11,Uttar Pradesh,Ballia,0,0,0,0,0,84,0,0,0,0,0,84,0,0,0,0,0,7,0,0,7,560,560,0,560,0,1,0,561,71,0,0,71,0,0,0,0,4,1,5,0,1789,110,0,110,1899,3,0,0,0,0,0,0,3,0,0,0,0,0,1,0,1,0,0,0,0,0,13,0,0,13,0,3,2,0,0,0,0,0,0,0,0,0,0,0,0,0,0,5,482,3131
12,Uttar Pradesh,Balrampur,117,0,0,0,117,67,0,0,0,0,0,67,108,0,0,0,108,16,0,0,16,174,117,1,116,57,0,0,174,25,0,0,25,0,0,0,0,30,2,32,0,572,87,86,1,659,47,3,1,0,0,0,0,51,0,0,0,0,0,0,0,0,0,0,0,0,0,14,0,0,14,0,24,891,0,0,0,0,0,0,0,0,0,0,0,0,0,56,971,0,2234
13,Uttar Pradesh,Banda,2,0,0,0,2,141,0,1,0,0,0,142,0,0,0,0,0,8,0,0,8,251,251,8,243,0,0,2,253,65,0,0,65,0,0,0,0,61,2,63,0,791,117,0,117,908,2,3,0,0,0,0,0,5,0,0,0,0,0,0,0,0,0,0,0,0,0,11,0,1,12,0,45,3,0,0,0,0,0,0,0,0,0,0,0,0,0,0,48,40,1546
14,Uttar Pradesh,Barabanki,678,0,1,0,679,176,0,0,0,0,0,176,449,0,0,0,449,97,0,0,97,526,526,3,523,0,5,2,533,97,2,0,99,0,0,0,0,4,10,14,0,1919,466,0,466,2385,141,3,0,0,2,0,0,146,0,0,0,0,0,0,0,0,0,0,0,0,0,14,0,0,14,0,381,2867,0,18,0,0,0,0,1,0,0,0,0,6,0,0,3273,255,8120
15,Uttar Pradesh,Bareilly,0,1,0,0,1,242,0,0,0,0,0,242,0,0,0,0,0,0,0,0,0,1135,1135,0,1135,0,0,1,1136,161,0,0,161,0,0,0,0,0,5,5,0,1643,244,42,202,1887,3,1,2,0,4,0,0,10,0,1,0,0,1,0,0,0,0,0,0,0,0,23,0,0,23,0,340,5558,0,0,0,0,0,0,0,0,0,0,0,0,0,183,6081,1494,11041
16,Uttar Pradesh,Basti,345,0,0,0,345,89,0,0,0,0,0,89,157,0,0,0,157,49,0,0,49,233,167,1,166,66,1,0,234,81,0,0,81,0,0,0,0,0,3,3,0,954,143,0,143,1097,7,0,0,0,0,0,0,7,0,0,0,0,0,0,0,0,0,0,0,0,0,4,0,0,4,0,32,1586,0,0,0,0,0,0,0,0,0,0,0,0,0,87,1705,222,3993
17,Uttar Pradesh,Bijnor,538,2,0,0,540,121,0,0,0,0,0,121,0,0,0,0,0,23,0,0,23,983,983,0,983,0,1,0,984,79,0,0,79,0,0,0,0,0,2,2,0,2035,158,0,158,2193,13,4,0,0,0,0,0,17,0,0,0,0,0,0,0,0,0,0,0,0,0,11,0,0,11,0,513,5158,0,0,0,0,0,0,0,0,0,0,0,0,0,0,5671,545,10186
18,Uttar Pradesh,Bulandshahar,0,0,0,0,0,256,0,3,0,0,0,259,0,0,0,0,0,2,0,0,2,1957,1957,6,1951,0,0,37,1994,221,2,0,223,0,0,0,0,3,0,3,0,1562,179,178,1,1741,28,2,0,0,0,0,0,30,0,1,0,0,1,0,0,0,0,0,0,0,0,39,0,0,39,0,615,54,0,0,2,0,0,2,0,0,0,0,0,0,0,0,671,290,5253
19,Uttar Pradesh,Chandoli,0,0,0,0,0,72,0,0,0,0,0,72,0,0,0,0,0,8,0,0,8,235,235,0,235,0,0,0,235,33,0,0,33,0,0,0,0,0,3,3,0,472,112,0,112,584,1,2,1,0,0,0,0,4,0,0,0,0,0,0,0,0,0,0,0,0,0,13,0,0,13,0,5,1911,0,0,0,0,0,0,0,0,0,0,0,0,0,168,2084,87,3123
20,Uttar Pradesh,Chitrakoot,0,0,0,0,0,51,0,0,0,0,0,51,0,0,0,0,0,0,0,0,0,125,125,0,125,0,5,0,130,25,0,0,25,0,0,0,0,14,1,15,0,467,106,0,106,573,3,0,0,0,0,0,0,3,0,0,0,0,0,0,0,0,0,0,0,0,0,11,0,0,11,0,22,1471,0,0,0,0,0,0,0,0,0,0,0,0,0,32,1525,103,2436
21,Uttar Pradesh,Deoria,0,0,0,0,0,41,0,0,0,0,0,41,189,0,0,0,189,257,0,0,257,188,188,0,188,0,0,0,188,65,0,0,65,0,0,0,0,0,2,2,0,2042,37,0,37,2079,0,0,0,0,0,0,0,0,0,0,0,0,0,0,0,0,0,0,0,0,0,10,0,0,10,0,10,1397,0,0,0,0,0,0,0,0,0,0,0,0,0,0,1407,0,4238
22,Uttar Pradesh,Etah,0,0,0,0,0,60,0,0,0,0,0,60,0,0,0,0,0,36,0,0,36,233,233,0,233,0,4,0,237,56,3,0,59,0,0,0,0,0,1,1,0,292,36,36,0,328,6,3,0,0,0,0,0,9,0,0,0,0,0,0,0,0,0,0,0,0,0,10,0,0,10,0,148,4532,0,0,0,0,0,0,0,0,0,0,0,0,0,0,4680,220,5640
23,Uttar Pradesh,Etawah,0,0,0,0,0,65,0,0,0,0,0,65,0,0,0,0,0,1,0,0,1,373,254,9,245,119,3,0,376,27,2,0,29,0,0,0,0,0,1,1,0,528,19,19,0,547,5,5,0,0,0,0,0,10,0,0,0,0,0,0,0,0,0,0,0,0,0,9,0,0,9,0,116,3559,0,0,0,0,0,0,0,0,0,0,0,0,0,115,3790,0,4828
24,Uttar Pradesh,Ayodhya,244,1,0,0,245,24,0,0,0,0,0,24,199,0,0,0,199,140,0,0,140,387,231,3,228,156,0,10,397,77,1,0,78,0,0,0,0,5,3,8,0,1196,264,253,11,1460,49,0,0,0,0,0,0,49,0,0,0,0,0,0,0,0,0,0,0,0,0,10,0,0,10,0,77,959,0,5,0,0,0,0,0,0,0,0,0,0,0,107,1148,22,3780
25,Uttar Pradesh,Fatehgarh,0,0,0,0,0,79,0,0,0,0,0,79,0,0,0,0,0,0,0,0,0,279,279,0,279,0,0,5,284,113,0,0,113,0,0,0,0,0,1,1,0,562,26,0,26,588,0,0,0,0,0,0,0,0,0,0,0,0,0,0,0,0,0,0,0,0,0,6,0,0,6,0,166,2353,0,0,0,0,0,0,0,0,0,0,0,0,0,0,2519,1274,4864
26,Uttar Pradesh,Fatehpur,0,0,0,0,0,111,0,0,0,0,0,111,0,0,0,0,0,98,0,0,98,411,356,3,353,55,116,0,527,71,0,0,71,0,0,0,0,0,1,1,0,1505,200,196,4,1705,40,1,0,0,0,0,0,41,0,0,0,0,0,0,0,0,0,0,0,0,0,10,0,0,10,0,140,1261,0,0,0,0,0,0,0,0,0,0,0,0,0,79,1480,45,4089
27,Uttar Pradesh,Firozabad,0,0,0,0,0,149,0,0,0,0,0,149,0,0,0,0,0,12,0,0,12,667,640,12,628,27,0,8,675,57,0,0,57,0,0,0,0,12,1,13,0,980,0,0,0,980,17,2,0,0,0,0,0,19,0,0,0,0,0,0,0,0,0,0,0,0,0,26,0,0,26,0,348,7,0,0,0,0,0,0,0,0,0,0,0,0,0,0,355,146,2432
28,Uttar Pradesh,GRP,0,0,0,0,0,5,0,0,0,0,0,5,0,0,0,0,0,0,8,0,8,74,18,0,18,56,0,0,74,1,0,0,1,0,0,0,0,0,0,0,93,405,163,53,110,661,0,0,0,0,0,0,0,0,0,0,0,0,0,87,0,87,0,0,0,0,0,0,0,0,0,0,7,0,0,0,0,0,0,0,0,0,0,0,0,0,0,59,66,120,1022
29,Uttar Pradesh,Gautambudh Nagar,0,0,0,0,0,75,0,0,0,0,0,75,0,0,0,0,0,6,0,0,6,1378,892,6,886,486,0,10,1388,123,16,0,139,0,0,0,0,0,3,3,0,988,469,450,19,1457,0,0,1,0,0,0,0,1,0,0,0,0,0,0,0,0,0,0,0,0,0,3,0,0,3,0,71,3999,0,0,0,0,0,0,0,0,0,0,0,0,0,0,4070,1588,8730
30,Uttar Pradesh,Ghaziabad,3,6,0,0,9,239,0,1,5,2,0,247,0,0,0,0,0,11,0,5,16,1736,685,8,677,1051,39,0,1775,810,0,0,810,0,0,0,0,0,4,4,0,964,708,677,31,1672,3,3,8,0,24,0,0,38,0,3,0,0,3,0,0,0,0,0,0,0,0,5,0,0,5,0,208,55,0,0,0,0,0,0,2,0,0,0,0,0,0,0,265,408,5252
31,Uttar Pradesh,Ghazipur,0,0,0,0,0,112,0,0,0,0,0,112,0,0,0,0,0,33,0,0,33,345,345,0,345,0,0,0,345,147,0,0,147,0,0,0,0,0,3,3,0,541,119,0,119,660,2,2,0,0,0,0,0,4,0,0,0,0,0,2,0,2,0,0,0,0,0,13,0,0,13,0,14,1,0,0,0,0,0,0,0,0,0,0,0,0,0,0,15,361,1695
32,Uttar Pradesh,Gonda,246,0,0,0,246,116,0,0,0,0,0,116,252,0,0,0,252,0,0,0,0,502,0,0,0,502,2,0,504,85,0,0,85,0,0,0,0,0,1,1,0,1829,210,210,0,2039,0,0,0,0,0,0,0,0,0,0,0,0,0,0,0,0,0,0,0,0,0,14,0,0,14,0,35,1284,0,0,0,0,0,0,0,0,0,0,0,0,0,0,1319,277,4853
33,Uttar Pradesh,Gorakhpur,26,0,0,0,26,188,0,0,0,0,0,188,0,0,0,0,0,10,0,0,10,329,329,0,329,0,0,0,329,222,0,0,222,0,0,0,0,0,9,9,0,754,170,170,0,924,4,0,0,0,0,0,0,4,0,0,0,0,0,0,0,0,0,0,0,0,0,12,0,0,12,0,0,0,0,0,428,428,0,0,0,0,0,0,0,0,0,0,428,929,3081
34,Uttar Pradesh,Hamirpur,0,0,0,0,0,77,0,0,0,0,0,77,0,0,0,0,0,0,0,0,0,350,350,0,350,0,0,5,355,39,0,0,39,0,0,0,0,91,2,93,0,992,186,0,186,1178,1,0,0,0,0,0,0,1,0,0,0,0,0,0,0,0,0,0,0,0,0,2,0,0,2,0,329,3319,0,0,0,0,0,0,0,0,0,0,0,0,0,0,3648,216,5609
35,Uttar Pradesh,Hapur,0,0,0,0,0,32,0,0,0,0,0,32,0,0,0,0,0,0,0,0,0,818,818,2,816,0,7,0,825,45,0,0,45,0,0,0,0,0,3,3,0,341,113,0,113,454,8,4,0,0,0,0,0,12,0,0,0,0,0,1,0,1,0,0,0,0,0,10,0,0,10,0,105,3698,0,0,0,0,0,0,0,0,0,0,0,0,0,0,3803,218,5403
36,Uttar Pradesh,Hardoi,47,0,0,0,47,105,0,0,0,0,0,105,0,0,0,0,0,13,0,0,13,695,695,0,695,0,1,0,696,0,0,0,0,0,0,0,0,0,3,3,0,4306,114,114,0,4420,0,0,0,0,0,0,0,0,0,0,0,0,0,0,0,0,0,0,0,0,0,14,0,0,14,0,207,15,0,0,0,0,0,0,0,0,0,0,0,0,0,0,222,0,5520
37,Uttar Pradesh,Hathras,0,0,0,0,0,73,0,0,0,0,0,73,0,0,0,0,0,5,0,0,5,260,260,6,254,0,1,0,261,44,0,0,44,0,0,0,0,0,0,0,0,371,152,152,0,523,6,1,0,0,0,0,0,7,0,0,0,0,0,0,0,0,0,0,0,0,0,11,0,0,11,0,149,4777,0,0,0,0,0,0,0,0,0,0,0,0,0,0,4926,65,5915
38,Uttar Pradesh,Jalaun,0,0,0,0,0,73,0,0,0,0,0,73,0,0,0,0,0,2,0,0,2,165,0,0,0,165,0,0,165,54,0,0,54,0,0,0,0,26,1,27,0,697,69,69,0,766,3,1,0,0,0,0,0,4,0,0,0,0,0,0,0,0,0,0,0,0,0,10,0,0,10,0,183,0,0,0,1,0,0,1,0,0,0,0,0,0,0,0,184,66,1351
39,Uttar Pradesh,Jaunpur,0,1,0,0,1,159,0,0,0,0,0,159,253,0,0,0,253,8,0,0,8,410,308,4,304,102,0,0,410,94,11,0,105,0,0,0,0,0,3,3,0,814,180,179,1,994,7,4,0,0,0,0,0,11,0,0,0,0,0,0,0,0,0,0,0,0,0,13,0,0,13,0,17,2065,0,0,267,267,0,0,0,0,0,0,0,0,0,0,2349,450,4756
40,Uttar Pradesh,Jhansi,0,0,0,0,0,69,0,0,0,0,0,69,9,0,0,0,9,118,0,0,118,316,258,0,258,58,0,2,318,92,3,0,95,0,0,0,0,35,5,40,0,2368,79,0,79,2447,8,3,45,0,0,0,0,56,0,0,0,0,0,0,0,0,0,0,0,0,0,14,0,0,14,0,285,3287,0,0,0,0,0,0,0,0,0,0,0,0,0,53,3625,237,7028
41,Uttar Pradesh,Kannauj,0,0,0,0,0,82,0,0,0,0,0,82,0,0,0,0,0,16,0,0,16,358,276,3,273,82,0,1,359,37,0,0,37,0,0,0,0,0,4,4,0,805,52,52,0,857,0,2,0,0,0,0,0,2,0,0,0,0,0,0,0,0,0,0,0,0,0,5,0,0,5,0,76,0,0,0,0,0,0,0,0,0,0,0,0,0,0,0,76,179,1617
42,Uttar Pradesh,Kanpur Dehat,0,0,0,0,0,96,0,0,0,0,0,96,0,0,0,0,0,0,0,0,0,255,255,2,253,0,2,0,257,43,61,0,104,0,0,0,0,7,1,8,0,537,52,0,52,589,14,0,0,0,0,0,0,14,0,0,0,0,0,0,0,0,0,0,0,0,0,10,0,0,10,0,121,2302,0,0,0,0,0,0,0,0,0,0,0,0,0,0,2423,137,3638
43,Uttar Pradesh,Kanpur Commissionarate,0,5,0,0,5,279,0,0,0,0,0,279,350,0,0,0,350,5,0,0,5,424,0,0,0,424,0,5,429,541,19,0,560,0,0,0,0,0,2,2,0,1009,200,0,200,1209,8,3,0,0,20,0,0,31,0,0,0,0,0,0,0,0,0,0,0,0,0,20,0,0,20,0,322,0,0,0,0,0,0,0,0,0,0,0,0,0,0,0,322,677,3889
44,Uttar Pradesh,Kasganj,0,0,0,0,0,59,0,0,0,0,0,59,0,0,0,0,0,0,0,0,0,182,182,0,182,0,0,0,182,51,0,0,51,0,0,0,0,0,0,0,0,249,66,26,40,315,0,0,0,0,0,0,0,0,0,0,0,0,0,0,0,0,0,0,0,0,0,9,0,0,9,0,175,1675,0,0,0,0,0,0,0,0,0,0,0,0,0,1599,3449,61,4126
45,Uttar Pradesh,Kaushambi,0,0,0,0,0,67,0,0,0,0,0,67,0,0,0,0,0,17,0,0,17,316,0,0,0,316,24,0,340,55,0,0,55,0,0,0,0,9,1,10,0,1506,0,0,0,1506,24,1,0,0,0,0,0,25,0,0,0,0,0,0,0,0,0,0,0,0,0,8,0,0,8,0,221,1301,0,0,0,0,0,0,0,0,0,0,0,0,0,0,1522,204,3754
46,Uttar Pradesh,Khiri,0,0,0,0,0,99,0,0,0,0,0,99,0,0,0,0,0,0,0,0,0,932,653,10,643,279,3,0,935,71,0,0,71,0,0,0,0,0,3,3,0,4675,286,286,0,4961,17,2,0,0,0,0,0,19,0,0,0,0,0,0,0,0,0,0,0,0,0,12,0,0,12,0,266,2052,0,0,0,0,0,0,0,0,0,0,0,0,0,429,2747,0,8847
47,Uttar Pradesh,Kushi Nagar,0,1,0,0,1,97,0,0,0,0,0,97,0,0,0,0,0,18,0,0,18,206,133,0,133,73,1,0,207,100,0,0,100,0,0,0,0,2,9,11,0,970,99,0,99,1069,5,8,0,0,0,0,0,13,0,0,0,0,0,1,0,1,0,0,0,0,0,21,0,0,21,0,16,891,0,0,0,0,0,0,0,0,0,0,0,0,0,0,907,1113,3558
48,Uttar Pradesh,Lalitpur,0,0,0,0,0,40,0,0,0,0,0,40,0,0,0,0,0,8,0,0,8,109,109,0,109,0,0,0,109,36,0,0,36,0,0,0,0,5,0,5,0,1178,28,28,0,1206,3,1,0,0,0,0,0,4,0,0,0,0,0,0,0,0,0,0,0,0,0,0,0,0,0,0,48,6015,0,0,16,16,0,0,0,0,0,0,0,2,0,0,6081,123,7612
49,Uttar Pradesh,Lucknow Commissionarate,0,0,0,0,0,270,0,0,0,0,0,270,0,0,0,0,0,63,0,0,63,493,419,23,396,74,5,4,502,1134,0,0,1134,0,0,10,0,6,8,24,0,1116,388,388,0,1504,9,6,0,0,0,0,0,15,0,3,0,0,3,0,0,0,0,0,0,0,0,14,0,0,14,0,335,0,0,0,0,0,0,0,0,0,0,0,0,0,0,0,335,79,3943
50,Uttar Pradesh,Maharajganj,2,0,0,0,2,70,0,0,0,2,0,72,0,0,0,0,0,21,0,0,21,110,46,1,45,64,6,0,116,52,2,0,54,0,0,0,0,19,3,22,0,1703,103,0,103,1806,12,0,0,0,0,0,0,12,5,0,0,0,5,0,0,0,0,0,0,0,0,23,0,0,23,0,37,0,0,0,0,0,0,0,1,0,0,0,0,0,0,584,622,0,2755
51,Uttar Pradesh,Mahoba,0,0,0,0,0,61,0,0,0,0,0,61,0,0,0,0,0,11,0,0,11,298,263,6,257,35,0,2,300,20,0,0,20,0,0,0,0,39,11,50,0,909,85,85,0,994,1,0,0,0,0,0,0,1,0,0,0,0,0,0,0,0,0,0,0,0,0,6,0,3,9,0,228,1652,0,0,0,0,0,0,0,0,0,0,0,0,0,21,1901,12,3359
52,Uttar Pradesh,Mainpuri,2,0,0,0,2,84,0,0,0,0,0,84,0,0,0,0,0,0,0,0,0,516,516,0,516,0,5,0,521,26,0,0,26,0,0,0,0,0,3,3,0,993,27,20,7,1020,2,11,0,0,0,0,0,13,0,0,0,0,0,0,0,0,0,0,0,0,0,5,0,0,5,0,186,4149,0,0,1,0,0,1,0,0,0,0,0,0,0,0,4336,373,6383
53,Uttar Pradesh,Mathura,0,2,0,0,2,173,0,0,0,0,0,173,0,0,0,0,0,0,0,0,0,651,651,0,651,0,3,0,654,166,0,0,166,0,0,0,0,0,4,4,0,823,263,0,263,1086,0,0,0,0,0,0,0,0,0,0,0,0,0,0,0,0,0,0,0,0,0,13,0,0,13,0,214,0,0,0,0,0,0,0,0,0,0,0,0,0,0,0,214,289,2601
54,Uttar Pradesh,Mau,293,0,0,0,293,107,0,0,0,0,0,107,0,0,0,0,0,10,0,0,10,215,215,0,215,0,1,0,216,123,0,0,123,0,0,0,0,0,3,3,0,220,51,0,51,271,0,0,0,0,0,0,0,0,0,0,0,0,0,0,0,0,0,0,0,0,0,4,0,0,4,0,5,0,0,0,0,0,0,0,0,0,0,0,0,0,0,0,5,77,1109
55,Uttar Pradesh,Meerut,0,2,0,0,2,146,0,0,0,2,0,148,0,0,0,0,0,17,91,0,108,800,800,12,788,0,0,27,827,190,21,0,211,0,0,0,0,2,8,10,0,571,156,156,0,727,22,1,0,0,1,0,0,24,0,0,0,0,0,0,0,0,0,0,0,0,0,22,0,0,22,0,286,9342,0,0,0,0,0,0,0,0,0,0,0,0,0,0,9628,747,12454
56,Uttar Pradesh,Mirzapur,0,0,0,0,0,64,0,0,0,0,0,64,0,0,0,0,0,24,0,0,24,191,108,3,105,83,1,0,192,62,0,0,62,0,0,0,0,6,3,9,0,706,68,42,26,774,2,0,0,0,0,0,0,2,0,0,0,0,0,0,0,0,0,0,0,0,0,4,0,0,4,0,41,0,0,0,0,0,0,0,0,0,0,0,0,0,0,61,102,295,1528
57,Uttar Pradesh,Moradabad,0,0,0,0,0,148,0,0,0,0,0,148,0,0,0,0,0,0,0,0,0,939,623,0,623,316,0,0,939,48,0,0,48,0,0,0,0,0,4,4,0,878,189,189,0,1067,26,0,0,0,0,0,0,26,0,0,0,0,0,0,0,0,0,0,0,0,0,13,0,0,13,0,233,1254,0,0,0,0,0,0,0,0,0,0,0,0,0,0,1487,0,3732
58,Uttar Pradesh,Muzaffarnagar,0,0,0,0,0,71,0,0,0,0,0,71,83,0,0,0,83,4,0,0,4,1167,1167,1,1166,0,0,8,1175,42,0,0,42,0,0,0,0,0,2,2,0,663,83,0,83,746,12,0,0,0,0,0,0,12,0,0,0,0,0,0,0,0,0,0,0,0,0,16,0,0,16,0,118,64,0,0,0,0,0,0,0,0,0,0,0,0,0,0,182,192,2525
59,Uttar Pradesh,Pilibhit,5,0,0,0,5,88,0,4,0,2,0,94,0,0,0,0,0,23,0,0,23,704,704,0,704,0,6,0,710,93,0,0,93,0,0,0,0,3,6,9,0,1678,133,0,133,1811,16,1,3,0,0,0,0,20,0,0,0,0,0,0,0,0,0,0,0,0,0,7,0,0,7,0,106,1466,0,0,0,0,0,0,4,0,0,0,0,0,0,0,1576,383,4731
60,Uttar Pradesh,Pratapgarh,1,0,0,0,1,126,0,0,0,0,0,126,0,0,0,0,0,28,0,0,28,302,0,0,0,302,84,0,386,82,0,0,82,0,0,0,0,0,1,1,0,464,0,0,0,464,39,2,1,0,0,0,0,42,0,0,0,0,0,0,0,0,0,0,0,0,0,9,0,0,9,0,22,2788,0,0,0,0,0,0,0,0,0,0,0,0,0,0,2810,156,4105
61,Uttar Pradesh,Raibareilly,5,0,0,0,5,115,0,0,0,0,0,115,161,0,0,0,161,60,0,0,60,567,567,0,567,0,5,0,572,101,0,0,101,0,0,0,0,0,9,9,0,2588,382,380,2,2970,73,0,15,0,0,0,0,88,0,0,0,0,0,0,0,0,0,0,0,0,0,14,0,0,14,0,91,1434,0,0,0,0,0,0,0,0,0,0,0,0,0,0,1525,229,5849
62,Uttar Pradesh,Rampur,445,2,2,0,449,67,0,0,0,0,0,67,0,0,0,0,0,30,0,0,30,669,402,2,400,267,0,0,669,36,1,0,37,0,0,0,0,19,1,20,0,780,181,181,0,961,19,2,6,6,0,0,0,33,0,1,0,0,1,0,0,0,0,0,0,0,0,13,0,0,13,0,207,8363,0,2,0,0,0,0,0,0,0,0,0,0,0,0,8572,249,11101
63,Uttar Pradesh,Saharanpur,0,0,0,0,0,111,0,0,0,0,0,111,0,0,0,0,0,30,0,0,30,1211,1211,2,1209,0,2,0,1213,79,7,0,86,0,0,0,0,0,1,1,0,1070,607,0,607,1677,21,1,0,0,0,0,0,22,0,0,0,0,0,0,0,0,0,0,0,0,0,12,0,0,12,0,240,25,0,0,0,0,0,0,0,0,0,0,0,0,0,0,265,987,4404
64,Uttar Pradesh,Sambhal,23,1,0,0,24,117,0,1,0,0,0,118,0,0,0,0,0,29,0,0,29,576,302,2,300,274,2,0,578,17,3,0,20,0,0,0,0,0,2,2,0,672,118,118,0,790,19,2,18,0,0,0,0,39,1,1,0,0,2,0,0,0,0,0,0,0,0,9,0,1,10,0,400,5515,0,1,0,0,0,0,0,0,0,0,0,0,0,15,5931,357,7900
65,Uttar Pradesh,Sant Kabirnagar,0,0,0,0,0,74,0,0,0,0,0,74,0,0,0,0,0,0,0,0,0,230,230,0,230,0,0,0,230,38,1,0,39,0,0,0,0,2,3,5,0,957,47,0,47,1004,5,0,0,0,0,0,0,5,0,0,0,0,0,0,0,0,0,0,0,0,0,4,0,0,4,21,77,1556,0,0,0,0,0,0,0,0,0,0,0,0,0,0,1654,249,3264
66,Uttar Pradesh,Shahjahanpur,13,1,0,0,14,89,0,0,0,0,0,89,81,0,0,0,81,35,0,0,35,1908,1908,0,1908,0,0,3,1911,68,0,0,68,0,0,0,0,0,4,4,0,7127,172,172,0,7299,6,2,0,0,0,0,0,8,0,0,0,0,0,0,0,0,0,0,0,0,0,6,0,0,6,0,561,1748,0,0,0,0,0,0,0,0,0,0,0,0,0,0,2309,583,12407
67,Uttar Pradesh,Shamli,0,2,0,0,2,108,0,0,3,0,0,111,0,0,0,0,0,28,0,0,28,479,479,0,479,0,10,0,489,56,2,0,58,0,0,0,0,0,0,0,0,369,114,0,114,483,8,0,0,0,0,0,0,8,0,0,0,0,0,0,0,0,1,0,0,0,1,12,0,0,12,0,113,31,0,0,0,0,0,0,1,0,0,0,0,0,0,0,145,308,1645
68,Uttar Pradesh,Shrawasti,149,0,0,0,149,40,0,3,0,0,0,43,0,0,0,0,0,13,0,1,14,118,49,0,49,69,0,0,118,17,1,0,18,0,0,0,0,2,0,2,0,321,76,0,76,397,23,3,0,0,0,0,0,26,0,1,0,0,1,0,0,0,0,0,0,0,0,3,0,0,3,0,4,331,0,0,0,0,0,0,1,0,0,0,0,0,0,0,336,39,1146
69,Uttar Pradesh,Sidharthnagar,119,0,0,0,119,167,0,0,0,0,0,167,0,0,0,0,0,5,0,0,5,119,119,0,119,0,0,0,119,76,0,0,76,0,0,0,0,0,1,1,0,1077,51,0,51,1128,5,2,0,0,0,0,0,7,0,0,0,0,0,0,0,0,7,0,0,0,7,14,0,0,14,0,12,0,0,0,0,0,0,0,0,0,0,0,0,0,0,0,12,555,2210
70,Uttar Pradesh,Sitapur,0,0,0,0,0,27,0,0,0,0,0,27,387,0,0,0,387,0,0,0,0,1346,1346,0,1346,0,7,0,1353,58,0,0,58,0,0,0,0,0,0,0,0,5782,155,155,0,5937,38,0,0,0,0,0,0,38,0,0,0,0,0,0,0,0,0,0,0,0,0,10,0,0,10,0,234,1784,0,0,0,0,0,0,0,0,0,0,0,0,0,0,2018,538,10366
71,Uttar Pradesh,Sonbhadra,79,0,0,0,79,122,0,0,0,0,0,122,300,0,0,0,300,22,0,0,22,83,0,0,0,83,0,0,83,60,0,0,60,0,0,0,0,15,6,21,0,1006,291,0,291,1297,6,0,0,0,0,0,0,6,0,0,0,0,0,0,0,0,0,0,0,0,0,10,0,0,10,0,6,1578,0,0,0,0,0,0,0,0,0,0,0,0,0,0,1584,111,3695
72,Uttar Pradesh,Bhadohi,77,0,0,0,77,28,0,0,0,1,0,29,85,0,0,0,85,21,0,0,21,94,57,3,54,37,10,0,104,21,7,0,28,0,0,0,0,4,2,6,0,149,44,0,44,193,14,3,0,0,0,0,0,17,0,0,0,0,0,0,0,0,0,0,0,0,0,12,0,0,12,0,6,1391,0,2,0,0,0,0,1,0,0,0,0,0,0,0,1400,112,2084
73,Uttar Pradesh,Sultanpur,222,0,0,0,222,85,0,0,0,0,0,85,0,0,0,0,0,147,0,0,147,346,270,6,264,76,3,0,349,63,0,0,63,0,0,0,0,0,4,4,0,824,159,159,0,983,41,0,0,0,0,0,0,41,0,0,0,0,0,0,0,0,0,0,0,0,0,6,0,0,6,0,26,1588,0,0,0,0,0,0,0,0,0,0,0,0,0,127,1741,69,3710
74,Uttar Pradesh,Unnao,0,0,0,0,0,148,0,0,0,0,0,148,0,0,0,0,0,4,0,0,4,418,401,5,396,17,0,1,419,70,0,0,70,0,0,0,0,0,1,1,0,2093,185,185,0,2278,17,1,0,0,0,0,0,18,0,0,0,0,0,0,0,0,0,0,0,0,0,11,0,0,11,0,154,1995,0,0,0,0,0,0,0,0,0,0,0,0,0,988,3137,0,6086
75,Uttar Pradesh,Varanasi Commissionarate,3,3,0,0,6,91,0,1,0,1,0,93,0,0,0,0,0,24,2,0,26,202,176,0,176,26,7,0,209,315,0,0,315,0,0,0,0,1,2,3,0,436,179,138,41,615,18,0,0,0,0,1,0,19,0,0,0,0,0,0,0,0,0,0,0,0,0,9,0,2,11,0,20,2,0,2,0,0,0,0,0,0,0,0,0,0,0,0,24,101,1422
76,Uttar Pradesh,Lucknow Grameen,0,0,0,0,0,0,0,0,0,0,0,0,0,0,0,0,0,0,0,0,0,0,0,0,0,0,0,0,0,0,0,0,0,0,0,0,0,0,0,0,0,0,0,0,0,0,0,0,0,0,0,0,0,0,0,0,0,0,0,0,0,0,0,0,0,0,0,0,0,0,0,0,0,0,0,0,0,0,0,0,0,0,0,0,0,0,0,0,0,0,0
77,Uttar Pradesh,Kanpur Outer,0,0,0,0,0,0,0,0,0,0,0,0,0,0,0,0,0,0,0,0,0,0,0,0,0,0,0,0,0,0,0,0,0,0,0,0,0,0,0,0,0,0,0,0,0,0,0,0,0,0,0,0,0,0,0,0,0,0,0,0,0,0,0,0,0,0,0,0,0,0,0,0,0,0,0,0,0,0,0,0,0,0,0,0,0,0,0,0,0,0,0
78,Uttar Pradesh,Vasanasi Dehat,0,0,0,0,0,0,0,0,0,0,0,0,0,0,0,0,0,0,0,0,0,0,0,0,0,0,0,0,0,0,0,0,0,0,0,0,0,0,0,0,0,0,0,0,0,0,0,0,0,0,0,0,0,0,0,0,0,0,0,0,0,0,0,0,0,0,0,0,0,0,0,0,0,0,0,0,0,0,0,0,0,0,0,0,0,0,0,0,0,0,0
Total Districts,Total Districts,Total Districts,4807,43,3,3,4856,8136,0,17,8,10,0,8171,3081,0,0,0,3081,2098,101,8,2207,38094,31918,179,31739,6176,401,635,39130,8952,185,0,9137,0,0,10,0,479,202,691,93,90634,11541,6621,4920,102268,1201,120,103,6,55,1,0,1486,6,11,0,0,17,92,0,92,8,0,0,0,8,893,0,7,900,21,11119,138853,0,30,1221,1217,0,4,11,0,0,0,0,8,0,6280,157543,22301,351888
1,Uttarakhand,Almora,0,0,0,0,0,19,0,0,0,0,0,19,1,0,0,0,1,0,0,0,0,3,3,0,3,0,0,0,3,11,0,0,11,0,0,0,0,0,0,0,0,135,30,27,3,165,0,0,0,0,0,0,0,0,0,0,0,0,0,0,0,0,0,0,0,0,0,0,0,0,0,0,0,0,0,0,0,0,0,0,0,0,0,0,0,0,0,0,0,4,203
2,Uttarakhand,Bageshwar,0,0,0,0,0,7,0,0,0,0,0,7,0,0,0,0,0,0,0,0,0,1,1,1,0,0,0,0,1,2,0,0,2,0,0,0,0,0,0,0,0,88,31,21,10,119,1,0,0,0,0,0,0,1,0,0,0,0,0,0,0,0,0,0,0,0,0,0,0,0,0,0,3,0,0,0,2,2,0,0,0,0,0,0,0,0,0,0,5,0,135
3,Uttarakhand,Chamoli,7,0,0,0,7,13,0,0,0,0,0,13,0,0,0,0,0,0,0,0,0,0,0,0,0,0,0,0,0,6,0,0,6,0,0,0,0,0,0,0,0,90,25,25,0,115,2,1,0,0,0,0,0,3,0,0,0,0,0,0,0,0,0,0,0,0,0,0,0,0,0,0,1,0,0,0,0,0,0,0,0,0,0,0,0,0,0,0,1,10,155
4,Uttarakhand,Champawat,0,0,0,0,0,4,0,0,0,1,0,5,0,0,0,0,0,0,0,0,0,4,4,0,4,0,0,0,4,5,0,0,5,0,0,0,0,0,0,0,0,222,65,0,65,287,1,0,0,0,0,0,0,1,0,0,0,0,0,0,0,0,0,0,0,0,0,0,0,0,0,0,9,5,0,0,1,1,0,0,0,0,0,0,0,0,0,0,15,15,332
5,Uttarakhand,Dehradun,7,3,0,0,10,178,0,2,0,42,0,222,15,0,0,0,15,35,0,0,35,608,608,15,593,0,0,0,608,224,15,0,239,0,8,0,0,3,0,11,0,894,495,489,6,1389,10,2,0,0,0,0,0,12,0,0,0,0,0,0,0,0,0,1,0,0,1,1,0,0,1,32,77,233,0,0,0,0,0,0,0,0,0,0,0,0,0,0,342,59,2944
6,Uttarakhand,Haridwar,0,4,0,0,4,215,0,0,0,3,0,218,14,0,0,0,14,0,0,0,0,465,465,0,465,0,3,0,468,30,4,0,34,0,0,0,0,0,0,0,0,923,235,200,35,1158,21,0,0,0,0,0,0,21,0,0,0,0,0,0,0,0,0,0,0,0,0,4,0,0,4,0,175,4769,0,0,0,0,0,0,0,0,0,0,0,0,0,0,4944,735,7600
7,Uttarakhand,Nainital,0,2,0,0,2,115,0,0,0,0,0,115,12,0,0,0,12,0,0,0,0,83,0,0,0,83,0,0,83,22,16,0,38,0,0,0,0,0,0,0,0,500,193,174,19,693,2,0,0,0,0,0,0,2,0,0,0,0,0,0,0,0,0,0,0,0,0,6,0,0,6,0,138,127,0,0,0,0,0,0,1,0,0,0,0,0,0,0,266,28,1245
8,Uttarakhand,Pauri Garhwal,17,1,0,0,18,18,0,0,0,0,0,18,3,0,0,0,3,0,0,0,0,11,0,0,0,11,0,0,11,12,4,0,16,0,0,0,0,0,4,4,0,141,45,45,0,186,3,1,0,0,0,0,0,4,0,0,0,0,0,0,0,0,0,0,0,0,0,1,0,0,1,0,13,4,0,0,0,0,0,0,0,0,0,0,0,0,0,0,17,6,284
9,Uttarakhand,Pithoragarh,1,0,0,0,1,20,1,0,0,0,0,21,1,0,0,0,1,0,2,0,2,0,0,0,0,0,1,0,1,15,0,0,15,0,0,0,0,0,0,0,0,71,19,0,19,90,0,1,0,0,0,0,0,1,0,0,0,0,0,0,0,0,0,0,0,0,0,1,0,0,1,0,27,1,0,3,0,0,0,0,1,0,0,0,0,0,0,0,32,1,166
10,Uttarakhand,Rudra Prayag,0,0,0,0,0,0,0,0,0,0,0,0,2,0,0,0,2,0,0,0,0,0,0,0,0,0,0,0,0,3,0,0,3,0,0,0,0,0,0,0,0,75,3,3,0,78,0,0,0,0,0,0,0,0,0,0,0,0,0,0,0,0,0,0,0,0,0,0,0,0,0,0,0,0,0,0,0,0,0,0,0,0,0,0,0,0,0,0,0,5,88
11,Uttarakhand,Tehri Garhwal,6,0,0,0,6,9,0,0,0,3,0,12,4,0,0,0,4,0,0,0,0,5,2,0,2,3,0,0,5,8,0,0,8,0,0,0,0,0,1,1,0,112,31,19,12,143,6,0,0,0,0,0,0,6,0,0,0,0,0,0,0,0,0,0,0,0,0,0,0,0,0,0,1,0,0,0,0,0,0,0,0,0,0,0,0,0,0,0,1,6,192
12,Uttarakhand,Udhamsingh Nagar,0,16,0,0,16,238,3,4,0,5,0,250,0,0,0,0,0,0,0,0,0,312,250,0,250,62,0,0,312,121,0,0,121,0,0,0,0,0,1,1,0,1698,231,200,31,1929,0,5,0,0,0,0,0,5,0,0,0,0,0,0,0,0,0,0,0,0,0,3,0,0,3,0,97,849,0,0,0,0,0,0,0,0,0,0,0,0,0,0,946,89,3672
13,Uttarakhand,Uttarkashi,0,0,0,0,0,14,0,0,0,0,0,14,0,0,0,0,0,0,0,0,0,0,0,0,0,0,0,0,0,6,0,0,6,0,0,0,0,0,0,0,0,96,36,30,6,132,2,0,0,0,0,0,0,2,0,0,0,0,0,0,0,0,0,0,0,0,0,0,0,0,0,0,1,17,0,0,0,0,0,0,0,0,0,0,0,0,0,0,18,20,192
14,Uttarakhand,GRP,0,0,0,0,0,1,0,0,0,0,0,1,0,0,0,0,0,0,0,0,0,10,0,0,0,10,0,0,10,0,0,0,0,0,0,0,0,0,0,0,0,9,1,1,0,10,0,0,0,0,0,0,0,0,0,0,0,0,0,0,0,0,0,0,0,0,0,0,0,0,0,0,0,0,0,0,0,0,0,0,0,0,0,0,0,0,0,381,381,0,402
15,Uttarakhand,Cyber Cell,0,0,0,0,0,0,0,0,0,0,0,0,0,0,0,0,0,0,0,0,0,0,0,0,0,0,0,0,0,30,0,0,30,0,0,0,0,0,0,0,0,0,0,0,0,0,0,0,0,0,0,0,0,0,0,0,0,0,0,0,0,0,0,0,0,0,0,0,0,0,0,0,0,0,0,0,0,0,0,0,0,0,0,0,0,0,0,0,0,0,30
Total Districts,Total Districts,Total Districts,38,26,0,0,64,851,4,6,0,54,0,915,52,0,0,0,52,35,2,0,37,1502,1333,16,1317,169,4,0,1506,495,39,0,534,0,8,0,0,3,6,17,0,5054,1440,1234,206,6494,48,10,0,0,0,0,0,58,0,0,0,0,0,0,0,0,0,1,0,0,1,16,0,0,16,32,542,6005,0,3,3,3,0,0,2,0,0,0,0,0,0,381,6968,978,17640
1,West Bengal,Alipurduar,0,2,0,0,2,84,0,1,0,0,0,85,0,2,0,0,2,0,0,0,0,24,24,0,24,0,0,1,25,0,4,5,9,0,0,0,0,0,0,0,0,11,52,0,52,63,4,0,0,0,4,0,0,8,4,0,0,0,4,0,0,0,0,0,0,0,0,11,0,0,11,0,7,15,0,0,0,0,0,0,0,0,0,0,0,0,0,0,22,17,248
2,West Bengal,Asansol-Durgapur PC,0,1,0,0,1,59,0,0,0,0,0,59,0,1,0,0,1,0,0,0,0,162,162,0,162,0,0,5,167,2,0,0,2,0,0,0,0,0,0,0,0,9,31,31,0,40,0,0,0,0,1,0,0,1,1,0,0,0,1,0,0,0,0,0,0,0,0,0,0,0,0,0,18,391,0,0,0,0,0,0,0,0,0,0,1,0,0,0,410,5,687
3,West Bengal,Bankura,0,0,0,0,0,45,0,2,0,0,0,47,0,0,0,0,0,0,0,0,0,46,46,0,46,0,1,0,47,2,0,0,2,0,0,0,0,0,0,0,0,0,8,8,0,8,1,1,0,0,0,0,0,2,0,0,0,0,0,0,0,0,0,0,0,0,0,0,0,0,0,0,8,156,0,0,0,0,0,0,0,0,0,0,0,0,0,0,164,1,271
4,West Bengal,Barrackpur PC,0,0,0,0,0,71,0,2,0,0,0,73,3,0,0,0,3,0,0,0,0,246,246,0,246,0,0,96,342,3,13,0,16,0,0,0,0,0,0,0,0,86,109,0,109,195,1,1,0,1,0,0,0,3,0,0,0,0,0,0,0,0,0,0,0,0,0,2,0,0,2,0,48,169,0,0,0,0,0,0,0,0,0,0,0,0,0,0,217,49,900
5,West Bengal,Bidhannagar PC,0,1,0,0,1,42,0,1,0,0,0,43,2,1,0,0,3,0,0,0,0,55,55,0,55,0,0,0,55,0,0,0,0,0,0,0,0,0,0,0,0,0,15,0,15,15,0,2,0,0,0,0,0,2,3,0,0,0,3,0,0,0,0,0,0,0,0,0,0,0,0,0,5,47,0,0,0,0,0,0,0,0,0,0,0,0,0,0,52,4,178
6,West Bengal,Birbhum,0,1,0,0,1,59,2,0,0,0,0,61,0,0,0,0,0,0,0,0,0,112,112,0,112,0,0,41,153,0,1,0,1,0,0,0,0,36,0,36,0,0,20,0,20,20,0,0,0,0,0,0,0,0,0,0,0,0,0,0,0,0,0,0,0,0,0,0,0,0,0,0,2,506,0,1,0,0,0,0,0,0,0,0,0,0,0,0,509,76,857
7,West Bengal,Coochbehar,0,3,0,0,3,113,0,0,0,0,0,113,0,0,0,0,0,80,0,0,80,35,35,0,35,0,0,23,58,0,3,0,3,0,0,0,0,124,0,124,0,77,82,0,82,159,6,0,1,0,0,0,0,7,94,11,0,0,105,0,0,0,0,0,0,0,0,32,0,0,32,0,10,246,0,0,0,0,0,0,0,0,0,0,0,0,0,0,256,182,1122
8,West Bengal,Dakshin Dinajpur,0,0,0,0,0,35,0,3,0,0,0,38,0,0,0,0,0,17,0,0,17,15,15,0,15,0,0,0,15,0,0,0,0,0,0,0,0,0,0,0,0,112,99,0,99,211,0,0,0,0,0,0,0,0,50,0,0,0,50,0,0,0,0,0,0,0,0,0,0,0,0,0,13,89,0,0,0,0,0,0,0,0,0,0,0,0,0,0,102,8,441
9,West Bengal,Darjeeling,0,0,0,0,0,47,3,2,0,0,0,52,0,6,0,0,6,33,0,0,33,11,11,0,11,0,0,0,11,0,0,0,0,0,0,0,0,88,0,88,0,48,86,86,0,134,1,1,0,0,0,0,0,2,13,0,0,0,13,0,0,0,0,0,0,0,0,3,0,0,3,0,3,25,0,0,0,0,0,0,0,0,0,0,0,0,0,0,28,64,434
10,West Bengal,Hooghly Rural Police,0,0,0,0,0,78,0,0,0,0,0,78,0,1,0,0,1,0,0,0,0,50,50,0,50,0,0,0,50,1,0,0,1,0,0,0,0,1,0,1,0,0,1,0,1,1,0,1,0,0,0,0,0,1,2,0,0,0,2,0,0,0,0,0,0,0,0,0,0,0,0,0,33,112,0,0,0,0,0,0,0,0,0,0,0,0,0,0,145,3,283
11,West Bengal,Howrah GRP,0,0,0,0,0,2,0,0,0,0,0,2,0,0,0,0,0,1,0,0,1,7,7,0,7,0,0,0,7,0,0,0,0,0,0,0,0,0,0,0,0,130,15,15,0,145,0,2,0,0,0,0,0,2,0,0,0,0,0,0,0,0,0,0,0,0,0,0,0,0,0,0,0,0,0,0,0,0,0,0,0,0,0,0,0,0,0,0,0,0,157
12,West Bengal,Howrah PC,0,0,0,0,0,91,2,1,0,0,0,94,7,0,0,0,7,0,0,0,0,131,131,0,131,0,0,3,134,0,6,0,6,0,0,0,0,0,0,0,0,0,11,0,11,11,0,0,0,0,0,0,0,0,2,0,0,0,2,0,0,0,0,0,0,0,0,7,0,0,7,0,74,300,0,0,0,0,0,0,0,0,0,0,0,0,0,0,374,17,652
13,West Bengal,Howrah Rural,0,0,0,0,0,80,2,4,0,0,0,86,0,0,0,0,0,1,0,0,1,21,21,0,21,0,0,12,33,4,0,0,4,3,0,0,0,1,1,5,0,242,9,9,0,251,0,1,0,6,0,0,0,7,0,0,0,0,0,0,0,0,0,0,0,0,0,2,0,0,2,0,4,25,0,0,0,0,0,0,0,0,0,0,0,0,0,0,29,88,506
14,West Bengal,Jalpaiguri,0,0,0,0,0,104,0,3,0,0,0,107,0,1,0,0,1,27,0,0,27,31,31,0,31,0,0,0,31,0,1,0,1,0,0,0,0,338,0,338,0,0,28,28,0,28,0,0,0,0,0,0,0,0,24,1,0,0,25,0,0,0,0,0,0,0,0,13,0,0,13,0,5,96,0,0,0,0,0,0,0,0,0,0,0,0,0,0,101,204,876
15,West Bengal,Jhargram,0,0,0,0,0,22,0,2,0,0,0,24,0,0,0,0,0,0,0,0,0,15,15,0,15,0,0,1,16,0,0,0,0,0,0,0,0,12,0,12,0,5,9,9,0,14,0,1,0,0,0,0,0,1,0,0,0,0,0,0,0,0,0,0,0,0,0,0,0,0,0,0,0,88,0,0,0,0,0,0,0,0,0,0,0,0,0,0,88,1,156
16,West Bengal,Kharagpur GRP,0,0,0,0,0,0,0,0,0,0,0,0,0,0,0,0,0,0,0,0,0,2,2,0,2,0,0,0,2,0,0,0,0,0,0,0,0,0,0,0,0,0,3,3,0,3,0,0,0,0,0,0,0,0,0,0,0,0,0,0,0,0,0,0,0,0,0,0,0,0,0,0,0,0,0,0,0,0,0,0,0,0,0,0,0,0,0,0,0,0,5
17,West Bengal,Kolkata,0,8,0,0,8,188,10,7,0,0,0,205,6,1,0,0,7,12,1,3,16,89,89,0,89,0,0,92,181,11,93,5,109,0,0,0,0,0,5,5,0,46,41,0,41,87,0,4,0,0,4,0,0,8,14,1,0,0,15,0,0,0,0,0,0,0,0,2,0,0,2,0,12,255,0,0,0,0,0,0,1,0,0,0,0,0,0,114,382,150,1175
18,West Bengal,Malda,0,2,0,0,2,275,0,6,0,0,0,281,0,1,0,0,1,2,0,0,2,171,171,0,171,0,0,35,206,2,0,0,2,0,0,0,0,0,0,0,0,274,174,0,174,448,0,1,0,0,0,0,0,1,15,0,0,0,15,0,0,0,0,0,0,0,0,2,0,0,2,0,96,524,0,0,0,0,0,0,0,0,0,0,0,0,0,0,620,22,1602
19,West Bengal,Murshidabad Police District,0,0,0,1,1,182,0,6,0,0,0,188,0,1,0,0,1,3,0,0,3,201,201,0,201,0,0,56,257,1,6,0,7,0,0,0,0,51,0,51,0,21,202,0,202,223,0,1,0,0,0,0,0,1,52,12,0,0,64,0,0,0,0,0,0,0,0,1,0,0,1,0,60,226,0,0,0,0,0,0,0,0,0,0,0,0,0,0,286,101,1184
20,West Bengal,Paschim Medinipur,0,1,0,0,1,83,0,2,0,0,0,85,1,1,0,0,2,0,0,0,0,52,52,0,52,0,0,4,56,3,0,0,3,0,0,0,0,0,0,0,0,0,26,26,0,26,0,0,0,0,0,0,0,0,0,0,0,0,0,0,0,0,0,0,0,0,0,36,0,0,36,0,14,733,0,0,0,0,0,0,0,0,0,0,0,0,0,0,747,18,974
21,West Bengal,Purab Medinipur,0,2,0,0,2,78,1,12,0,0,0,91,0,0,0,0,0,0,0,0,0,30,30,0,30,0,0,15,45,3,0,0,3,0,0,0,0,0,6,6,0,0,17,0,17,17,0,0,2,0,0,0,0,2,0,0,0,0,0,0,0,0,0,0,0,0,0,6,0,0,6,0,37,1188,0,0,0,0,0,0,0,0,0,0,0,0,0,0,1225,8,1405
22,West Bengal,Purulia,0,0,0,0,0,39,0,1,0,0,0,40,0,0,0,0,0,0,0,0,0,24,24,0,24,0,0,1,25,0,0,0,0,0,0,0,0,7,0,7,0,298,3,0,3,301,0,0,0,0,0,0,0,0,0,0,0,0,0,0,0,0,0,0,0,0,0,8,0,0,8,0,4,84,0,0,0,0,0,0,0,0,0,0,0,0,0,0,88,7,476
23,West Bengal,Sealdah GRP,0,0,0,0,0,0,0,0,0,0,0,0,0,0,0,0,0,0,0,0,0,10,10,0,10,0,1,0,11,0,0,0,0,0,0,0,0,0,0,0,0,0,12,12,0,12,0,1,0,0,0,0,0,1,6,0,0,0,6,0,0,0,0,0,0,0,0,0,0,0,0,0,0,0,0,0,0,0,0,0,0,0,0,0,0,0,0,0,0,0,30
24,West Bengal,Siliguri GRP,0,0,0,0,0,1,0,0,0,0,0,1,0,0,0,0,0,0,0,0,0,12,12,0,12,0,0,0,12,0,0,0,0,0,0,0,0,0,0,0,0,17,8,0,8,25,0,1,0,0,0,0,0,1,5,0,0,0,5,0,0,0,0,0,0,0,0,1,0,0,1,0,0,0,0,0,0,0,0,0,0,0,0,0,0,0,0,0,0,0,45
25,West Bengal,Siliguri PC,0,10,0,0,10,67,1,0,0,0,0,68,1,1,0,0,2,28,0,0,28,60,60,0,60,0,0,0,60,21,2,0,23,0,0,0,0,87,0,87,0,6,118,0,118,124,2,0,0,0,1,0,0,3,7,0,0,0,7,0,0,0,0,0,0,0,0,17,0,0,17,0,15,154,1,0,0,0,0,0,0,0,0,0,0,0,0,99,269,588,1286
26,West Bengal,Baruipur Police,0,0,0,0,0,169,1,9,0,0,0,179,0,0,0,0,0,0,0,0,0,161,161,0,161,0,0,30,191,3,20,0,23,0,0,0,0,0,0,0,0,19,19,0,19,38,1,3,0,0,0,0,0,4,9,0,0,0,9,0,0,0,0,0,0,0,0,33,0,0,33,0,21,127,0,0,0,0,0,0,0,0,0,0,0,0,0,0,148,73,698
27,West Bengal,Chandannagar PC,0,0,0,0,0,45,2,0,0,0,0,47,0,0,0,0,0,0,0,0,0,86,86,0,86,0,0,4,90,2,7,0,9,0,0,0,0,0,0,0,0,17,19,0,19,36,0,0,0,0,0,0,0,0,0,0,0,0,0,0,0,0,0,0,0,0,0,8,0,0,8,0,165,49,0,0,0,0,0,0,0,0,0,0,0,0,0,0,214,9,413
28,West Bengal,Diamond Harbour Police,0,1,0,0,1,61,0,4,0,0,0,65,0,0,0,0,0,0,0,0,0,176,176,0,176,0,0,0,176,2,12,0,14,0,0,0,0,0,0,0,0,23,19,0,19,42,0,0,0,0,0,0,0,0,0,0,0,0,0,0,0,0,0,0,0,0,0,0,0,0,0,0,29,310,0,0,0,0,0,0,0,0,0,0,0,0,0,0,339,35,672
29,West Bengal,Kalimpong,0,0,0,0,0,17,2,0,0,0,0,19,1,2,0,0,3,1,0,0,1,2,0,0,0,2,0,2,4,0,0,0,0,0,0,0,0,0,0,0,0,4,10,10,0,14,1,0,0,0,0,0,0,1,0,0,0,0,0,0,0,0,0,0,0,0,0,3,0,0,3,0,2,4,0,0,0,0,0,0,0,0,0,0,0,1,0,0,7,13,65
30,West Bengal,Purba Bardhaman,0,2,0,0,2,112,4,5,0,0,0,121,2,0,0,0,2,0,0,0,0,82,82,0,82,0,0,34,116,5,8,1,14,0,0,0,0,0,0,0,0,121,35,35,0,156,0,0,0,0,0,0,0,0,0,0,0,0,0,0,0,0,0,0,0,0,0,19,0,0,19,0,36,760,0,0,0,0,0,0,0,0,0,0,0,0,0,0,796,15,1241
31,West Bengal,Sundarban Police,0,2,0,0,2,99,3,6,0,0,0,108,0,0,0,0,0,1,0,0,1,30,30,0,30,0,0,2,32,5,1,0,6,0,0,0,0,0,0,0,0,90,4,4,0,94,0,0,0,0,0,0,0,0,3,0,0,0,3,0,0,0,0,0,0,0,0,2,0,0,2,0,21,173,0,0,0,0,0,0,0,0,0,0,0,0,0,0,194,13,455
32,West Bengal,Barasat,0,0,0,0,0,87,0,9,0,0,0,96,2,0,0,0,2,0,1,0,1,151,151,0,151,0,0,4,155,4,6,0,10,0,0,0,0,0,0,0,0,151,10,0,10,161,0,0,0,0,0,0,0,0,8,0,0,0,8,0,0,0,0,0,0,0,0,0,0,0,0,0,29,129,0,0,0,0,0,0,0,0,0,0,0,0,0,0,158,21,612
33,West Bengal,Basirhat,0,0,0,2,2,64,2,17,0,0,0,83,0,0,0,0,0,5,0,0,5,248,248,0,248,0,3,0,251,15,4,0,19,2,0,0,0,0,0,2,0,172,45,45,0,217,0,6,0,0,0,0,0,6,244,30,0,0,274,0,0,0,0,0,0,0,0,3,0,0,3,0,14,72,0,0,0,0,0,0,0,0,0,0,0,0,0,0,86,7,955
34,West Bengal,Bangaon,0,0,0,0,0,35,1,0,0,0,0,36,0,0,0,0,0,0,0,0,0,37,37,0,37,0,0,1,38,0,3,0,3,0,0,0,0,0,0,0,0,26,69,0,69,95,0,0,0,0,0,0,0,0,267,2,0,0,269,0,0,0,0,0,0,0,0,9,0,0,9,0,0,121,0,0,0,0,0,0,0,0,0,0,0,0,0,0,121,34,605
35,West Bengal,Islampur,0,2,0,0,2,27,0,0,0,0,0,27,0,0,0,0,0,0,0,0,0,83,83,0,83,0,0,1,84,2,0,0,2,0,0,0,0,230,0,230,0,42,42,42,0,84,0,0,0,0,0,0,0,0,16,1,0,0,17,0,0,0,0,0,0,0,0,23,0,0,23,0,13,122,0,0,0,0,0,0,1,0,0,0,0,0,0,0,136,2,607
36,West Bengal,Jangipur Police District,0,1,0,0,1,38,0,0,0,0,0,38,0,0,0,0,0,0,0,0,0,44,44,0,44,0,0,19,63,0,1,0,1,0,0,0,0,45,0,45,0,0,33,33,0,33,0,0,0,0,0,0,0,0,14,0,0,0,14,0,0,0,0,0,0,0,0,0,0,0,0,0,30,147,0,0,0,0,0,0,0,0,0,0,0,0,0,0,177,11,383
37,West Bengal,Krishnagar,0,0,0,0,0,45,0,15,0,0,0,60,0,0,0,0,0,0,0,0,0,33,33,0,33,0,0,5,38,0,3,0,3,0,0,0,0,0,0,0,0,100,57,0,57,157,0,0,0,0,0,0,0,0,26,3,0,0,29,0,0,0,0,0,0,0,0,12,0,0,12,0,40,42,0,0,0,0,0,0,0,0,0,0,0,0,0,0,82,2,383
38,West Bengal,Raiganj,0,0,0,0,0,50,1,1,0,0,0,52,0,0,0,0,0,0,0,0,0,42,42,0,42,0,0,4,46,0,0,0,0,0,0,0,0,56,0,56,0,76,38,38,0,114,0,1,0,0,0,0,0,1,4,0,0,0,4,0,0,0,2,0,0,0,2,11,0,0,11,0,8,147,0,0,0,0,0,0,0,0,0,0,0,0,0,0,155,18,459
39,West Bengal,Ranaghat,0,1,0,0,1,67,0,0,0,0,0,67,0,0,0,0,0,0,0,0,0,83,83,0,83,0,0,1,84,0,0,0,0,0,0,0,0,0,0,0,0,251,29,0,29,280,0,1,0,0,0,0,0,1,25,3,0,0,28,0,0,0,0,0,0,0,0,0,0,0,0,0,48,29,0,0,0,0,0,0,0,0,0,0,0,0,0,0,77,0,538
Total Districts,Total Districts,Total Districts,0,40,0,3,43,2761,37,121,0,0,0,2919,25,19,0,0,44,211,2,3,216,2870,2868,0,2868,2,5,492,3367,91,194,11,296,5,0,0,0,1076,12,1093,0,2474,1608,434,1174,4082,17,29,3,7,10,0,0,66,908,64,0,0,972,0,0,0,2,0,0,0,2,266,0,0,266,0,924,7661,1,1,0,0,0,0,2,0,0,0,1,1,0,213,8804,1866,24036
1,Andaman and Nicobar Islands,South Andaman,0,0,0,0,0,63,1,0,0,0,0,64,0,0,0,0,0,2,0,0,2,1,0,0,0,1,0,0,1,8,0,0,8,0,0,0,0,0,0,0,7,544,39,18,21,590,0,0,0,0,0,0,0,0,5,0,0,0,5,0,0,0,0,0,0,0,0,0,0,0,0,0,0,0,0,0,0,0,0,0,0,0,0,0,0,0,0,2,2,2,674
2,Andaman and Nicobar Islands,North & Middle Andaman,0,0,0,0,0,19,0,0,0,0,0,19,0,0,0,0,0,0,0,0,0,0,0,0,0,0,2,0,2,0,0,0,0,0,0,0,0,0,0,0,1,264,12,2,10,277,0,0,0,0,0,0,0,0,0,0,0,0,0,0,0,0,0,0,0,0,0,0,0,0,0,0,0,0,0,0,0,0,0,0,0,0,0,0,0,0,0,2,2,0,300
3,Andaman and Nicobar Islands,Nicobar,0,0,0,0,0,27,0,0,0,0,0,27,0,0,0,0,0,0,0,0,0,0,0,0,0,0,0,0,0,0,0,0,0,0,0,0,0,0,0,0,1,125,1,0,1,127,0,0,0,0,0,0,0,0,0,0,0,0,0,0,0,0,0,0,0,0,0,0,0,0,0,0,0,0,0,0,0,0,0,0,0,0,0,0,0,0,0,1,1,0,155
Total Districts,Total Districts,Total Districts,0,0,0,0,0,109,1,0,0,0,0,110,0,0,0,0,0,2,0,0,2,1,0,0,0,1,2,0,3,8,0,0,8,0,0,0,0,0,0,0,9,933,52,20,32,994,0,0,0,0,0,0,0,0,5,0,0,0,5,0,0,0,0,0,0,0,0,0,0,0,0,0,0,0,0,0,0,0,0,0,0,0,0,0,0,0,0,5,5,2,1129
1,Chandigarh,Chandigarh,0,0,0,0,0,1,1,0,0,2,0,4,2,0,0,0,2,1,1,1,3,66,33,3,30,33,0,1,67,16,0,0,16,0,2,0,0,0,1,3,0,155,182,0,182,337,0,0,2,0,0,0,0,2,1,1,0,0,2,0,0,0,0,0,0,0,0,0,0,0,0,0,127,2,0,0,0,0,0,0,0,2,0,0,0,0,0,148,279,2,717
Total Districts,Total Districts,Total Districts,0,0,0,0,0,1,1,0,0,2,0,4,2,0,0,0,2,1,1,1,3,66,33,3,30,33,0,1,67,16,0,0,16,0,2,0,0,0,1,3,0,155,182,0,182,337,0,0,2,0,0,0,0,2,1,1,0,0,2,0,0,0,0,0,0,0,0,0,0,0,0,0,127,2,0,0,0,0,0,0,0,2,0,0,0,0,0,148,279,2,717
1,Dadra and Nagar Haveli and Daman and Diu,Dadra and Nagar Haveli,0,0,0,0,0,45,0,0,0,0,0,45,0,5,0,0,5,1,0,0,1,0,0,0,0,0,0,0,0,4,0,0,4,0,0,0,0,0,0,0,0,0,8,8,0,8,0,0,0,0,0,0,0,0,0,0,0,0,0,0,0,0,0,0,0,0,0,0,0,0,0,0,6,0,0,0,0,0,0,0,0,0,0,0,0,0,0,0,6,0,69
2,Dadra and Nagar Haveli and Daman and Diu,Daman,0,0,0,0,0,9,0,0,0,0,0,9,0,0,0,0,0,1,0,0,1,0,0,0,0,0,0,0,0,1,0,0,1,0,0,0,0,0,0,0,0,0,3,3,0,3,0,0,0,0,0,0,0,0,0,0,0,0,0,0,0,0,0,0,0,0,0,0,0,0,0,0,4,0,0,0,0,0,0,0,0,0,0,0,0,0,0,0,4,1,19
3,Dadra and Nagar Haveli and Daman and Diu,Diu,0,0,0,0,0,1,0,0,0,0,0,1,0,0,0,0,0,0,0,0,0,0,0,0,0,0,0,0,0,0,0,0,0,0,0,0,0,0,0,0,0,0,0,0,0,0,0,0,0,0,0,0,0,0,0,0,0,0,0,0,0,0,0,0,0,0,0,0,0,0,0,0,0,0,0,0,0,0,0,0,0,0,0,0,0,0,0,0,0,0,1
Total Districts,Total Districts,Total Districts,0,0,0,0,0,55,0,0,0,0,0,55,0,5,0,0,5,2,0,0,2,0,0,0,0,0,0,0,0,5,0,0,5,0,0,0,0,0,0,0,0,0,11,11,0,11,0,0,0,0,0,0,0,0,0,0,0,0,0,0,0,0,0,0,0,0,0,0,0,0,0,0,10,0,0,0,0,0,0,0,0,0,0,0,0,0,0,0,10,1,89
1,Delhi,Central,1,8,0,0,9,37,3,0,0,2,0,42,1,0,0,0,1,3,0,0,3,146,30,0,30,116,12,0,158,2,7,69,78,0,0,0,0,0,0,0,0,149,37,35,2,186,0,1,0,0,0,0,0,1,0,1,0,0,1,0,0,0,0,0,0,0,0,2,0,0,2,0,85,39,0,0,0,0,0,0,0,23,0,0,0,0,0,0,147,35,663
2,Delhi,Crime Branch,0,6,0,0,6,0,0,0,0,0,0,0,1,0,0,0,1,0,0,2,2,68,68,0,68,0,4,0,72,0,1,0,1,0,0,0,0,0,0,0,0,22,75,0,75,97,0,2,0,0,0,0,0,2,1,0,0,0,1,0,0,0,0,0,0,0,0,0,0,0,0,0,16,0,0,0,0,0,0,0,0,0,0,0,0,0,0,0,16,1,199
3,Delhi,East,0,10,1,0,11,64,1,0,0,0,0,65,0,0,0,0,0,0,0,0,0,189,189,0,189,0,2,0,191,15,2,0,17,0,0,0,0,0,0,0,0,138,59,29,30,197,0,0,0,0,0,0,0,0,0,0,0,0,0,0,0,0,0,0,0,0,0,0,0,0,0,0,107,83,0,0,0,0,0,0,0,79,0,0,0,0,0,0,269,33,783
4,Delhi,EOW,0,0,0,0,0,0,0,0,0,0,0,0,0,0,0,0,0,0,0,0,0,0,0,0,0,0,0,0,0,1,0,0,1,0,0,0,0,0,2,2,0,0,0,0,0,0,0,0,0,0,0,0,0,0,0,0,0,0,0,0,0,0,0,0,0,0,0,0,0,0,0,0,0,0,0,0,0,0,0,0,0,0,0,0,0,0,0,0,0,0,3
5,Delhi,IGI Airport,0,1,0,0,1,2,0,0,0,0,0,2,0,0,0,0,0,0,0,0,0,66,0,0,0,66,0,0,66,1,0,0,1,0,0,0,0,0,0,0,0,1,1,1,0,2,0,0,0,0,0,0,0,0,0,43,0,0,43,0,0,0,0,0,0,0,0,0,0,0,0,0,0,0,0,0,0,0,0,0,0,0,0,0,0,0,0,0,0,205,320
6,Delhi,Metro,0,0,0,0,0,1,0,0,0,0,0,1,0,0,0,0,0,0,0,0,0,18,2,0,2,16,0,0,18,0,0,0,0,0,0,0,0,0,0,0,0,1,0,0,0,1,0,0,0,0,0,0,0,0,0,0,0,0,0,0,0,0,0,0,0,0,0,0,0,0,0,0,0,0,0,0,0,0,0,0,0,0,0,0,0,0,0,0,0,0,20
7,Delhi,New Delhi,0,1,0,0,1,6,0,0,0,0,0,6,2,0,0,0,2,1,0,0,1,6,2,0,2,4,0,0,6,9,1,0,10,0,0,0,0,0,0,0,0,11,17,17,0,28,0,0,0,0,0,0,0,0,0,0,0,0,0,0,0,0,0,0,0,0,0,0,0,0,0,0,25,0,0,0,0,0,0,0,0,4,0,0,0,0,0,0,29,1,84
8,Delhi,North,1,0,0,0,1,75,3,0,0,0,0,78,12,0,0,0,12,0,0,0,0,162,47,0,47,115,0,0,162,0,80,5,85,0,0,0,0,0,0,0,0,297,61,33,28,358,0,1,0,0,0,0,0,1,1,0,0,0,1,0,0,0,0,0,0,0,0,0,0,0,0,0,163,76,0,0,0,0,0,0,0,33,0,0,0,0,0,0,272,55,1025
9,Delhi,North-East,0,0,0,0,0,119,3,0,0,0,0,122,4,0,0,0,4,0,1,0,1,457,89,0,89,368,0,0,457,5,21,8,34,0,0,0,0,0,0,0,0,202,44,12,32,246,0,0,0,0,0,0,0,0,0,0,0,0,0,0,0,0,0,0,0,0,0,0,0,0,0,0,214,609,0,0,0,0,0,0,0,81,0,0,2,0,0,0,906,9,1779
10,Delhi,North-West,0,0,0,0,0,116,6,1,0,1,0,124,4,0,0,0,4,0,0,0,0,317,51,0,51,266,0,0,317,9,2,0,11,0,0,0,0,0,0,0,0,462,83,83,0,545,0,0,0,0,0,0,0,0,0,0,0,0,0,0,0,0,0,0,0,0,0,0,0,0,0,0,436,47,0,0,0,0,0,0,0,114,0,0,0,0,0,0,597,16,1614
11,Delhi,Outer,2,1,0,0,3,115,6,0,0,0,0,121,3,0,0,0,3,0,1,0,1,262,55,0,55,207,11,0,273,19,3,3,25,0,1,0,0,0,0,1,0,678,65,38,27,743,0,0,0,0,0,0,0,0,0,0,0,0,0,0,0,0,0,0,0,0,0,2,0,0,2,0,431,63,0,0,0,0,0,0,0,25,0,0,0,0,0,0,519,6,1697
12,Delhi,RAILWAY,0,0,0,0,0,4,0,0,0,0,0,4,0,0,0,0,0,0,0,0,0,8,2,0,2,6,0,0,8,0,0,0,0,0,0,0,0,0,0,0,0,26,11,0,11,37,0,0,0,0,1,0,0,1,0,0,0,0,0,0,0,0,0,0,0,0,0,0,0,0,0,0,2,0,0,0,0,0,0,0,0,0,0,0,0,0,0,0,2,8,60
13,Delhi,South,5,8,0,0,13,137,6,0,1,8,0,152,11,0,0,0,11,0,0,0,0,273,60,0,60,213,9,0,282,17,2,0,19,0,0,0,0,0,0,0,0,549,35,29,6,584,0,0,0,0,0,0,0,0,25,0,0,0,25,0,0,0,0,0,0,0,0,0,0,0,0,0,245,56,0,0,0,0,0,0,0,4,0,0,0,0,0,0,305,202,1593
14,Delhi,South-East,7,3,0,0,10,146,3,0,0,11,0,160,9,0,0,0,9,0,1,0,1,344,52,0,52,292,5,0,349,53,5,0,58,0,0,0,0,0,0,0,0,603,171,137,34,774,0,0,0,0,0,0,0,0,2,0,0,0,2,0,0,0,0,0,0,0,0,0,0,0,0,0,224,54,0,0,0,0,0,0,0,77,0,0,0,0,0,0,355,75,1793
15,Delhi,South-West,0,6,0,0,6,92,9,0,0,0,0,101,5,0,0,0,5,0,0,0,0,179,86,0,86,93,7,1,187,16,1,0,17,0,0,0,0,0,0,0,0,449,78,78,0,527,0,1,0,0,0,0,0,1,3,0,0,0,3,0,0,0,0,0,0,0,0,0,0,0,0,1,193,7,0,0,0,0,0,0,0,140,0,0,0,0,0,0,341,7,1195
16,Delhi,Spl Cell,0,0,0,0,0,1,0,0,0,0,0,1,0,0,0,0,0,0,9,2,11,108,108,0,108,0,0,1,109,16,0,0,16,0,0,0,0,0,0,0,0,0,19,0,19,19,0,0,0,0,0,0,0,0,0,0,0,0,0,0,0,0,0,0,0,0,0,0,0,0,0,0,0,0,0,0,0,0,0,0,0,0,0,0,0,0,0,0,0,0,156
17,Delhi,SPUWAC,0,0,0,0,0,0,0,0,0,0,0,0,0,0,0,0,0,0,0,0,0,0,0,0,0,0,0,0,0,0,0,0,0,0,0,0,0,0,0,0,0,0,0,0,0,0,0,0,0,0,0,0,0,0,0,0,0,0,0,0,0,0,0,0,0,0,0,0,0,0,0,0,0,0,0,0,0,0,0,0,0,0,0,0,0,0,0,0,0,0,0
18,Delhi,Vigilance,0,0,0,0,0,0,0,0,0,0,0,0,0,0,0,0,0,0,0,0,0,0,0,0,0,0,0,0,0,0,0,0,0,0,0,0,0,0,5,5,0,0,0,0,0,0,0,0,0,0,0,0,0,0,0,0,0,0,0,0,0,0,0,0,0,0,0,0,0,0,0,0,0,0,0,0,0,0,0,0,0,0,0,0,0,0,0,0,0,0,5
19,Delhi,West,0,4,0,0,4,86,2,0,1,6,0,95,1,0,0,0,1,1,0,0,1,262,66,0,66,196,18,0,280,14,7,2,23,0,0,0,0,0,0,0,0,508,44,35,9,552,0,0,0,0,0,0,0,0,8,0,0,0,8,0,0,0,0,0,0,0,0,1,0,0,1,0,289,51,0,0,0,0,0,0,0,75,0,0,0,0,0,0,415,3,1383
20,Delhi,Rohini,0,8,0,0,8,126,2,0,0,0,0,128,5,0,0,0,5,0,0,0,0,235,84,0,84,151,0,0,235,17,19,11,47,0,0,0,0,0,0,0,0,421,66,23,43,487,0,0,0,0,0,0,0,0,0,0,0,0,0,0,0,0,0,0,0,0,0,0,0,0,0,0,177,37,0,0,0,0,0,0,0,5,0,0,0,0,0,0,219,6,1135
21,Delhi,Shahdara,1,13,1,0,15,76,4,0,0,5,0,85,2,0,0,0,2,0,0,0,0,218,40,0,40,178,0,0,218,11,52,0,63,0,0,0,0,0,0,0,0,118,138,133,5,256,0,1,0,0,0,0,0,1,0,0,0,0,0,0,0,0,0,0,0,0,0,1,0,0,1,0,413,109,0,0,0,0,0,0,0,6,0,0,1,0,0,0,529,7,1177
22,Delhi,Dwarka,1,2,1,0,4,167,2,0,0,3,0,172,17,0,0,0,17,0,0,0,0,205,205,0,205,0,0,0,205,35,13,1,49,0,0,0,0,0,0,0,0,834,110,75,35,944,0,0,0,0,0,0,0,0,49,0,0,0,49,0,0,0,0,0,0,0,0,1,0,0,1,0,184,44,0,0,0,0,0,0,0,58,0,0,0,0,0,0,286,4,1731
23,Delhi,Outer North,0,2,0,0,2,142,7,0,0,0,0,149,6,0,0,0,6,0,0,0,0,170,117,0,117,53,0,0,170,9,10,11,30,0,0,0,0,0,0,0,0,574,65,38,27,639,0,0,0,0,0,0,0,0,0,0,0,0,0,0,0,0,0,0,0,0,0,0,0,0,0,0,289,57,0,0,0,0,0,0,0,74,0,0,0,0,0,0,420,14,1430
Total Districts,Total Districts,Total Districts,18,73,3,0,94,1512,57,1,2,36,0,1608,83,0,0,0,83,5,12,4,21,3693,1353,0,1353,2340,68,2,3763,249,226,110,585,0,1,0,0,0,7,8,0,6043,1179,796,383,7222,0,6,0,0,1,0,0,7,89,44,0,0,133,0,0,0,0,0,0,0,0,7,0,0,7,1,3493,1332,0,0,0,0,0,0,0,798,0,0,3,0,0,0,5627,687,19845
1,Jammu and Kashmir,Anantnag,15,0,0,0,15,12,0,0,0,0,0,12,0,0,0,0,0,0,29,0,29,34,0,0,0,34,0,3,37,3,0,0,3,0,0,0,0,0,0,0,0,4,148,0,148,152,0,0,0,0,0,0,0,0,0,0,0,0,0,0,0,0,0,0,0,0,0,6,0,0,6,0,9,0,0,0,0,0,0,0,0,0,0,0,0,0,0,0,9,4,267
2,Jammu and Kashmir,Awantipora,0,0,0,0,0,3,0,0,0,0,0,3,0,0,0,0,0,0,41,0,41,4,4,0,4,0,0,1,5,0,0,0,0,0,0,0,0,0,0,0,0,2,68,0,68,70,0,0,0,0,0,0,0,0,0,0,0,0,0,0,0,0,0,0,0,0,0,0,0,0,0,0,1,0,0,0,0,0,0,0,0,0,0,0,0,0,0,0,1,1,121
3,Jammu and Kashmir,Bandipora,0,0,0,0,0,9,0,0,0,0,0,9,0,0,0,0,0,0,17,0,17,4,4,0,4,0,0,4,8,2,0,0,2,0,0,0,0,0,0,0,0,5,31,0,31,36,0,0,0,0,0,0,0,0,0,0,0,0,0,0,0,0,0,0,0,0,0,1,0,0,1,0,12,0,0,0,0,0,0,0,0,0,0,0,0,0,0,0,12,0,85
4,Jammu and Kashmir,Baramulla,0,0,0,0,0,8,0,0,0,0,0,8,0,0,0,0,0,0,9,0,9,27,0,0,0,27,0,3,30,1,0,0,1,0,0,0,0,0,0,0,0,4,92,92,0,96,0,0,0,0,0,0,0,0,1,0,0,0,1,0,0,0,0,0,0,0,0,3,0,0,3,0,29,0,0,0,0,0,0,0,2,0,0,0,0,0,0,0,31,0,179
5,Jammu and Kashmir,Budgam,0,0,0,0,0,22,0,0,0,0,0,22,0,0,0,0,0,0,25,0,25,1,1,0,1,0,0,2,3,0,0,0,0,0,0,0,0,0,0,0,0,0,69,46,23,69,0,1,0,0,0,0,0,1,0,0,0,0,0,0,0,0,0,0,0,0,0,0,0,0,0,0,8,0,0,0,0,0,0,0,0,0,0,0,0,0,0,0,8,11,139
6,Jammu and Kashmir,Special Crime Wing Jammu,0,0,0,0,0,0,0,0,0,0,0,0,0,0,0,0,0,0,0,0,0,0,0,0,0,0,0,0,0,0,0,0,0,0,0,0,0,0,4,4,0,0,0,0,0,0,0,0,0,0,0,0,0,0,0,0,0,0,0,0,0,0,0,0,0,0,0,0,0,0,0,0,0,0,0,0,0,0,0,0,0,0,0,0,0,0,0,0,0,0,4
7,Jammu and Kashmir,Special Crime Wing Kashmir,0,0,0,0,0,0,0,0,0,0,0,0,0,0,0,0,0,0,0,0,0,0,0,0,0,0,0,0,0,1,0,0,1,0,0,0,0,0,2,2,0,0,0,0,0,0,0,0,0,0,0,0,0,0,0,0,0,0,0,0,0,0,0,0,0,0,0,0,0,0,0,0,0,0,0,0,0,0,0,0,0,0,0,0,0,0,0,0,0,0,3
8,Jammu and Kashmir,Doda,0,0,0,0,0,6,0,0,0,0,0,6,0,0,0,0,0,0,4,0,4,4,0,0,0,4,0,0,4,0,0,0,0,0,0,0,0,0,0,0,0,40,43,43,0,83,1,1,0,0,0,0,0,2,0,0,0,0,0,0,0,0,0,0,0,0,0,0,0,0,0,0,0,0,0,0,1,1,0,0,0,0,0,0,0,0,0,0,1,0,100
9,Jammu and Kashmir,Ganderbal,1,0,0,0,1,13,1,0,0,0,0,14,0,0,0,0,0,0,14,0,14,1,1,0,1,0,0,0,1,0,0,0,0,0,0,0,0,10,0,10,0,0,38,0,38,38,0,0,0,0,0,0,0,0,0,0,0,0,0,0,0,0,0,0,0,0,0,10,0,0,10,0,4,0,0,0,0,0,0,0,0,0,0,0,0,0,0,0,4,0,92
10,Jammu and Kashmir,Handwara,0,0,0,0,0,3,0,0,0,0,0,3,0,0,0,0,0,0,3,0,3,4,4,0,4,0,0,2,6,0,0,0,0,0,0,0,0,0,0,0,0,2,52,0,52,54,0,0,0,0,0,0,0,0,0,0,0,0,0,0,0,0,0,0,0,0,0,0,0,0,0,0,0,0,0,0,0,0,0,0,0,0,0,0,0,0,0,0,0,5,71
11,Jammu and Kashmir,Jammu,0,0,0,0,0,48,0,0,0,0,0,48,0,0,0,0,0,0,10,0,10,32,0,0,0,32,0,4,36,0,9,0,9,0,0,0,0,0,0,0,0,176,296,0,296,472,0,3,0,0,0,0,0,3,6,0,0,0,6,0,0,0,0,0,0,0,0,5,0,0,5,0,8,0,0,0,0,0,0,0,0,0,0,0,0,0,0,0,8,12,609
12,Jammu and Kashmir,Kathua,0,0,0,0,0,9,0,0,0,0,0,9,0,0,1,0,1,0,4,0,4,0,0,0,0,0,1,0,1,0,1,0,1,0,0,0,0,0,0,0,0,103,61,29,32,164,0,0,0,0,0,0,0,0,0,0,0,0,0,0,0,0,0,0,0,0,0,1,0,0,1,0,0,0,0,0,0,0,0,0,0,0,0,0,0,0,0,0,0,1,182
13,Jammu and Kashmir,Kishtwar,0,0,0,0,0,6,0,0,0,0,0,6,0,0,0,0,0,0,7,0,7,4,0,0,0,4,0,4,8,0,0,0,0,0,0,0,0,0,0,0,0,32,33,0,33,65,0,0,0,0,0,0,0,0,0,0,0,0,0,0,0,0,0,0,0,0,0,0,0,0,0,0,0,0,0,0,0,0,0,0,0,0,0,0,0,0,0,0,0,2,88
14,Jammu and Kashmir,Kulgam,0,0,0,0,0,11,0,0,0,0,0,11,0,0,0,0,0,0,25,0,25,22,22,0,22,0,5,0,27,0,0,0,0,0,0,0,0,0,0,0,0,1,92,0,92,93,0,0,0,0,0,0,0,0,0,0,0,0,0,0,0,0,0,0,0,0,0,5,0,0,5,0,8,0,0,0,0,0,0,0,0,0,0,0,0,0,0,0,8,7,176
15,Jammu and Kashmir,Kupwara,0,0,0,0,0,11,0,0,0,0,0,11,0,0,0,0,0,0,25,0,25,6,0,0,0,6,0,0,6,0,0,0,0,0,0,0,0,0,0,0,0,1,85,85,0,86,0,0,0,0,0,0,0,0,0,0,0,0,0,0,0,0,0,0,0,0,0,1,0,0,1,0,2,0,0,0,0,0,0,0,0,0,0,0,0,0,0,0,2,3,134
16,Jammu and Kashmir,Poonch,0,0,0,0,0,15,0,0,0,0,0,15,0,0,0,0,0,6,7,0,13,4,4,0,4,0,0,1,5,1,0,0,1,0,0,0,0,0,0,0,0,17,51,0,51,68,1,0,0,0,0,0,0,1,0,0,0,0,0,0,0,0,0,0,0,0,0,1,0,0,1,0,0,0,0,0,0,0,0,0,0,0,0,0,0,0,0,0,0,4,108
17,Jammu and Kashmir,Pulwama,0,0,0,0,0,13,0,0,0,0,0,13,0,0,0,0,0,0,66,0,66,1,0,0,0,1,0,2,3,0,0,0,0,0,0,0,0,0,0,0,0,0,58,10,48,58,0,0,0,0,0,0,0,0,0,0,0,0,0,0,0,0,0,0,0,0,0,0,0,0,0,0,5,0,0,0,0,0,0,0,0,0,0,0,0,0,0,0,5,3,148
18,Jammu and Kashmir,Railways Jammu,0,0,0,0,0,0,0,0,0,0,0,0,0,0,0,0,0,0,0,0,0,0,0,0,0,0,0,1,1,0,0,0,0,0,0,0,0,0,0,0,0,4,4,0,4,8,0,0,0,0,0,0,0,0,0,0,0,0,0,0,0,0,0,0,0,0,0,0,0,0,0,0,0,0,0,0,0,0,0,0,0,0,0,0,0,0,0,0,0,0,9
19,Jammu and Kashmir,Railways Kashmir,0,0,0,0,0,1,0,0,0,0,0,1,0,0,0,0,0,0,0,0,0,0,0,0,0,0,0,0,0,0,0,0,0,0,0,0,0,0,0,0,0,0,0,0,0,0,0,0,0,0,0,0,0,0,0,0,0,0,0,1,0,1,0,0,0,0,0,0,0,0,0,0,0,0,0,0,0,0,0,0,0,0,0,0,0,0,0,0,0,0,2
20,Jammu and Kashmir,Railways Katra,0,0,0,0,0,0,0,0,0,0,0,0,0,0,0,0,0,0,0,0,0,0,0,0,0,0,0,0,0,0,0,0,0,0,0,0,0,0,0,0,0,0,0,0,0,0,0,0,0,0,0,0,0,0,0,0,0,0,0,0,0,0,0,0,0,0,0,0,0,0,0,0,0,0,0,0,0,0,0,0,0,0,0,0,0,0,0,0,0,0,0
21,Jammu and Kashmir,Rajouri,0,0,0,0,0,16,2,0,0,0,0,18,1,0,0,0,1,6,6,0,12,4,0,0,0,4,0,2,6,4,0,0,4,0,0,0,0,0,0,0,0,11,28,25,3,39,7,0,0,0,0,0,0,7,0,0,0,0,0,0,0,0,0,0,0,0,0,0,0,0,0,0,0,0,0,0,0,0,0,0,1,0,0,0,0,0,0,0,1,196,284
22,Jammu and Kashmir,Ramban,0,0,0,0,0,9,0,0,0,0,0,9,0,0,0,0,0,0,2,0,2,3,0,0,0,3,4,0,7,0,0,0,0,0,0,0,0,0,0,0,0,35,79,0,79,114,0,1,0,0,0,0,0,1,0,0,0,0,0,0,0,0,0,0,0,0,0,5,0,0,5,0,0,0,0,0,0,0,0,0,0,0,0,0,0,0,0,0,0,0,138
23,Jammu and Kashmir,Reasi,0,0,0,0,0,20,1,2,0,0,0,23,0,0,0,0,0,29,5,0,34,2,0,0,0,2,0,0,2,0,0,0,0,0,0,0,0,0,0,0,0,95,55,24,31,150,1,1,0,0,0,0,0,2,0,0,0,0,0,0,0,0,0,0,0,0,0,0,0,0,0,0,1,0,0,0,0,0,0,0,0,0,0,0,0,0,0,0,1,0,212
24,Jammu and Kashmir,Samba,0,0,0,0,0,14,0,0,0,0,0,14,0,0,0,0,0,0,5,0,5,7,0,0,0,7,0,0,7,1,0,0,1,0,0,0,0,0,1,1,0,21,49,40,9,70,1,0,0,0,0,0,0,1,1,0,0,0,1,0,0,0,0,0,0,0,0,3,0,0,3,0,1,0,0,0,0,0,0,0,0,0,0,0,0,0,0,0,1,8,112
25,Jammu and Kashmir,Shopian,0,0,0,0,0,9,0,0,0,0,0,9,0,0,0,0,0,0,35,0,35,27,0,0,0,27,0,7,34,0,0,0,0,0,0,0,0,0,0,0,0,1,44,0,44,45,0,0,0,0,0,0,0,0,0,0,0,0,0,0,0,0,0,0,0,0,0,2,0,0,2,0,1,0,0,0,0,0,0,0,0,0,0,0,0,0,0,0,1,2,128
26,Jammu and Kashmir,Sopore,0,0,0,0,0,12,0,0,0,0,0,12,0,0,0,0,0,0,1,0,1,20,20,0,20,0,0,2,22,0,0,0,0,0,0,0,0,0,0,0,0,2,71,0,71,73,0,0,0,0,0,0,0,0,0,0,0,0,0,0,0,0,0,0,0,0,0,0,0,0,0,0,6,0,0,0,0,0,0,0,0,0,0,0,0,0,0,0,6,0,114
27,Jammu and Kashmir,Srinagar,1,0,0,0,1,26,2,0,0,0,0,28,0,0,0,0,0,0,27,0,27,25,25,0,25,0,0,4,29,0,0,0,0,0,0,0,0,0,2,2,0,10,169,0,169,179,0,2,0,0,0,0,0,2,0,0,0,0,0,0,0,0,0,0,0,0,0,17,0,0,17,0,110,0,0,0,0,0,0,0,0,0,0,0,0,0,0,0,110,5,400
28,Jammu and Kashmir,Udhampur,0,0,0,0,0,19,0,0,0,0,0,19,0,0,4,0,4,0,4,0,4,1,0,0,0,1,0,0,1,5,0,0,5,0,0,0,0,0,0,0,0,47,97,0,97,144,9,1,0,0,0,0,0,10,0,0,0,0,0,0,0,0,0,0,0,0,0,0,0,0,0,0,0,0,0,0,0,0,0,0,0,0,0,0,0,0,0,0,0,2,189
29,Jammu and Kashmir,Cyber Crime Jammu,0,0,0,0,0,0,0,0,0,0,0,0,0,0,0,0,0,0,0,0,0,0,0,0,0,0,0,0,0,60,0,0,60,0,0,0,0,0,0,0,0,0,0,0,0,0,0,0,0,0,0,0,0,0,0,0,0,0,0,0,0,0,0,0,0,0,0,0,0,0,0,0,0,0,0,0,0,0,0,0,0,0,0,0,0,0,0,0,0,0,60
30,Jammu and Kashmir,Cyber Crime Kashmir,0,0,0,0,0,0,0,0,0,0,0,0,0,0,0,0,0,0,0,0,0,0,0,0,0,0,0,0,0,56,0,0,56,0,0,0,0,0,0,0,0,0,0,0,0,0,0,0,0,0,0,0,0,0,0,0,0,0,0,0,0,0,0,0,0,0,0,0,0,0,0,0,0,0,0,0,0,0,0,0,0,0,0,0,0,0,0,0,0,0,56
31,Jammu and Kashmir,Anti Narcotic Task Force Jammu,0,0,0,0,0,0,0,0,0,0,0,0,0,0,0,0,0,0,0,0,0,0,0,0,0,0,0,0,0,0,0,0,0,0,0,0,0,0,0,0,0,0,20,0,20,20,0,0,0,0,0,0,0,0,0,0,0,0,0,0,0,0,0,0,0,0,0,0,0,0,0,0,0,0,0,0,0,0,0,0,0,0,0,0,0,0,0,0,0,0,20
32,Jammu and Kashmir,Anti Narcotic Task Force Kashmir,0,0,0,0,0,0,0,0,0,0,0,0,0,0,0,0,0,0,0,0,0,0,0,0,0,0,0,0,0,0,0,0,0,0,0,0,0,0,0,0,0,0,3,0,3,3,0,0,0,0,0,0,0,0,0,0,0,0,0,0,0,0,0,0,0,0,0,0,0,0,0,0,0,0,0,0,0,0,0,0,0,0,0,0,0,0,0,0,0,0,3
33,Jammu and Kashmir,EOW Jammu,0,0,0,0,0,1,0,0,0,0,0,1,0,0,0,0,0,0,0,0,0,0,0,0,0,0,0,0,0,0,0,0,0,0,0,0,0,0,17,17,0,0,0,0,0,0,0,0,0,0,0,0,0,0,0,0,0,0,0,0,0,0,0,0,0,0,0,0,0,0,0,0,0,0,0,0,0,0,0,0,0,0,0,0,0,0,0,0,0,0,18
34,Jammu and Kashmir,EOW Kashmir,0,0,0,0,0,0,0,0,0,0,0,0,0,0,0,0,0,0,0,0,0,0,0,0,0,0,0,0,0,5,0,0,5,0,0,0,0,0,12,12,0,0,1,0,1,1,0,0,0,0,0,0,0,0,0,1,0,0,1,0,0,0,0,0,0,0,0,0,0,0,0,0,0,0,0,0,0,0,0,0,0,0,0,0,0,0,0,0,0,0,19
35,Jammu and Kashmir,CICE Jammu,0,0,0,0,0,0,0,0,0,0,0,0,0,0,0,0,0,0,0,0,0,0,0,0,0,0,0,0,0,6,0,0,6,0,0,0,0,0,0,0,0,0,0,0,0,0,0,0,0,0,0,0,0,0,0,0,0,0,0,0,0,0,0,0,0,0,0,0,0,0,0,0,0,0,0,0,0,0,0,0,0,0,0,0,0,0,0,0,0,0,6
36,Jammu and Kashmir,CICE Kashmir,0,0,0,0,0,0,0,0,0,0,0,0,0,0,0,0,0,0,0,0,0,0,0,0,0,0,0,0,0,6,0,0,6,0,0,0,0,0,0,0,0,0,0,0,0,0,0,0,0,0,0,0,0,0,0,0,0,0,0,0,0,0,0,0,0,0,0,0,0,0,0,0,0,0,0,0,0,0,0,0,0,0,0,0,0,0,0,0,0,0,6
Total Districts,Total Districts,Total Districts,17,0,0,0,17,316,6,2,0,0,0,324,1,0,5,0,6,41,371,0,412,237,85,0,85,152,10,42,289,151,10,0,161,0,0,0,0,10,38,48,0,613,1837,394,1443,2450,20,10,0,0,0,0,0,30,8,1,0,0,9,1,0,1,0,0,0,0,0,60,0,0,60,0,205,0,0,0,1,1,0,0,3,0,0,0,0,0,0,0,209,266,4282
1,Ladakh,Kargil,0,0,0,0,0,2,0,0,0,0,0,2,0,0,0,0,0,0,0,0,0,0,0,0,0,0,0,0,0,3,0,0,3,0,0,0,0,0,0,0,0,11,3,3,0,14,0,0,0,0,0,0,0,0,0,0,0,0,0,0,0,0,0,0,0,0,0,0,0,0,0,0,2,0,0,0,0,0,0,0,0,0,0,0,0,0,0,0,2,1,22
2,Ladakh,Leh,0,0,0,0,0,0,0,0,0,0,0,0,0,0,0,0,0,0,0,0,0,0,0,0,0,0,0,0,0,0,0,0,0,0,0,0,0,0,0,0,0,9,5,0,5,14,0,1,0,0,0,0,0,1,0,0,0,0,0,0,0,0,0,0,0,0,0,0,0,0,0,0,1,0,0,0,0,0,0,0,0,0,0,0,0,0,0,0,1,1,17
Total Districts,Total Districts,Total Districts,0,0,0,0,0,2,0,0,0,0,0,2,0,0,0,0,0,0,0,0,0,0,0,0,0,0,0,0,0,3,0,0,3,0,0,0,0,0,0,0,0,20,8,3,5,28,0,1,0,0,0,0,0,1,0,0,0,0,0,0,0,0,0,0,0,0,0,0,0,0,0,0,3,0,0,0,0,0,0,0,0,0,0,0,0,0,0,0,3,2,39
1,Lakshadweep,Lakshadweep,0,0,0,0,0,11,0,0,0,0,0,11,0,0,0,0,0,4,0,0,4,0,0,0,0,0,0,0,0,1,0,0,1,0,0,0,0,0,2,2,9,0,3,2,1,12,0,1,0,0,0,0,0,1,0,0,0,0,0,0,0,0,0,0,0,0,0,0,0,0,0,0,0,0,0,0,0,0,0,0,1,0,0,0,0,1,0,0,2,0,33
Total Districts,Total Districts,Total Districts,0,0,0,0,0,11,0,0,0,0,0,11,0,0,0,0,0,4,0,0,4,0,0,0,0,0,0,0,0,1,0,0,1,0,0,0,0,0,2,2,9,0,3,2,1,12,0,1,0,0,0,0,0,1,0,0,0,0,0,0,0,0,0,0,0,0,0,0,0,0,0,0,0,0,0,0,0,0,0,0,1,0,0,0,0,1,0,0,2,0,33
1,Puducherry,Karaikal,0,0,0,0,0,0,0,0,0,0,0,0,0,0,0,0,0,0,0,0,0,0,0,0,0,0,0,0,0,0,0,0,0,0,0,0,0,0,0,0,0,0,0,0,0,0,0,0,0,0,0,0,0,0,0,0,0,0,0,0,0,0,0,0,0,0,0,0,0,0,0,0,0,0,0,0,0,0,0,0,0,0,0,0,0,0,0,0,0,0,0
2,Puducherry,Puducherry,7,7,0,0,14,105,0,0,0,0,0,105,1,0,0,0,1,5,0,0,5,3,0,0,0,3,0,13,16,64,2,0,66,48,0,0,0,0,0,48,0,0,141,121,20,141,0,0,0,0,111,0,0,111,0,0,0,0,0,0,0,0,0,0,0,0,0,11,0,0,11,0,27,0,0,0,0,0,0,0,1,52,0,0,1,0,0,653,734,69,1321
Total Districts,Total Districts,Total Districts,7,7,0,0,14,105,0,0,0,0,0,105,1,0,0,0,1,5,0,0,5,3,0,0,0,3,0,13,16,64,2,0,66,48,0,0,0,0,0,48,0,0,141,121,20,141,0,0,0,0,111,0,0,111,0,0,0,0,0,0,0,0,0,0,0,0,0,11,0,0,11,0,27,0,0,0,0,0,0,0,1,52,0,0,1,0,0,653,734,69,1321
