Sl. No,State/UT,Districts,SC/ST (Prevention of Atrocities) Act r/w IPC (Total) (Col.4+Col.5+Col.6+Col.7+Col.12+Col.20+Col.21+Col.31+Col.34+Col.35+Col.36+Col.37+Col.40+Col.41+Col.42) - Col. ( 3),SC/ST (Prevention of Atrocities) Act - Murder (Sec. 302 IPC) - Col. ( 4),SC/ST (Prevention of Atrocities) Act - Attempt to Commit Murder (Sec. 307 IPC) - Col. ( 5),"SC/ST (Prevention of Atrocities) Act - Simple Hurt (Secs. 323 r/w IPC 324, 327, 328, 330, 332, 353 IPC) - Col. ( 6)",SC/ST (Prevention of Atrocities) Act - Grievous Hurt - Grievous Hurt (Sec. 325 & 326 IPC) (Total) (Col 8 to 11) - Col. ( 7),SC/ST (Prevention of Atrocities) Act - Grievous Hurt - Grievous Hurt - Col. ( 8),SC/ST (Prevention of Atrocities) Act - Grievous Hurt - Acid Attack (Sec. 326A IPC) - Col. ( 9),SC/ST (Prevention of Atrocities) Act - Grievous Hurt - Attempt to Acid Attack (Sec. 326B IPC) - Col. ( 10),"SC/ST (Prevention of Atrocities) Act - Grievous Hurt - Other Grievous Hurt (Secs. 329, 331, 333, 335 IPC) - Col. ( 11)",SC/ST (Prevention of Atrocities) Act - Assault on Women with Intent to Outrage her Modesty - Assault on Women with Intent to Outrage her Modesty (Adults+Children) (Col.13+Col.19) - Col. ( 12),SC/ST (Prevention of Atrocities) Act - Assault on Women with Intent to Outrage her Modesty - Assault on Women (Above 18 years) (Col.14 to 18) - Col. ( 13),SC/ST (Prevention of Atrocities) Act - Assault on Women with Intent to Outrage her Modesty - Assault on Adult Women with Intent to Outrage her Modesty (Sec. 354 IPC) - Col. ( 14),SC/ST (Prevention of Atrocities) Act - Assault on Women with Intent to Outrage her Modesty - Sexual Harassment (Sec. 354A IPC) - Col. ( 15),SC/ST (Prevention of Atrocities) Act - Assault on Women with Intent to Outrage her Modesty - Assault or use of Criminal Force on women with intent to Disrobe (Sec. 354B IPC) - Col. ( 16),SC/ST (Prevention of Atrocities) Act - Assault on Women with Intent to Outrage her Modesty - Voyeurism (Sec. 354C IPC) - Col. ( 17),SC/ST (Prevention of Atrocities) Act - Assault on Women with Intent to Outrage her Modesty - Stalking (Sec. 354D IPC) - Col. ( 18),SC/ST (Prevention of Atrocities) Act - Assault on Women with Intent to Outrage her Modesty - Assault of Children POCSO Act 8&10 or POCSO Act (Sec. 8&10 r/w 354 IPC) - Col. ( 19),SC/ST (Prevention of Atrocities) Act - Insult to the Modesty of Women (Sec. 509 IPC) - Col. ( 20),"SC/ST (Prevention of Atrocities) Act - Kidnapping and Abduction - Kidnapping and Abduction (Sec. 363, 363A, 364, 364A, 365, 366, 366A, 367, 368 & 369 IPC) (Total) (Col.22+Col.25 to 30) - Col. ( 21)",SC/ST (Prevention of Atrocities) Act - Kidnapping and Abduction - Kidnapping and Abduction (Sec. 363 IPC) (Col.23+Col.24) - Col. ( 22),SC/ST (Prevention of Atrocities) Act - Kidnapping and Abduction - A)Missing Children Deemed as Kidnapped - Col. ( 23),SC/ST (Prevention of Atrocities) Act - Kidnapping and Abduction - B)Other Kidnapping & Abduction - Col. ( 24),SC/ST (Prevention of Atrocities) Act - Kidnapping and Abduction - Kidnapping and Abduction for the Purpose of Begging (Sec. 363A IPC) - Col. ( 25),SC/ST (Prevention of Atrocities) Act - Kidnapping and Abduction - Kidnapping and Abduction in order to Murder (Sec. 364 IPC) - Col. ( 26),SC/ST (Prevention of Atrocities) Act - Kidnapping and Abduction - Kidnapping for Ransom (Sec. 364A IPC) - Col. ( 27),SC/ST (Prevention of Atrocities) Act - Kidnapping and Abduction - Kidnapping and Abduction of Women to compel her for marriage (Sec. 366 IPC) - Col. ( 28),SC/ST (Prevention of Atrocities) Act - Kidnapping and Abduction - Procuration of Minor Girls (Sec. 366A IPC) - Col. ( 29),"SC/ST (Prevention of Atrocities) Act - Kidnapping and Abduction - Other Kidnapping & Abducion (Sec.365, 366B, 367, 368, 369 IPC) - Col. ( 30)",SC/ST (Prevention of Atrocities) Act - Rape (Sec. 376 IPC) - Rape (Sec. 376 IPC) (Total) (Col.32+Col.33) - Col. ( 31),SC/ST (Prevention of Atrocities) Act - Rape (Sec. 376 IPC) - Rape of Women (Sec. 376 IPC) (Above 18 yrs) - Col. ( 32),SC/ST (Prevention of Atrocities) Act - Rape (Sec. 376 IPC) - Rape of Children (Sec. 4 & 6 of POCSO Act or POCSO 4&6 r/w 376 IPC) (Below 18 yrs) - Col. ( 33),SC/ST (Prevention of Atrocities) Act - Attempt to Commit Rape (Sec. 376/511 IPC) - Col. ( 34),SC/ST (Prevention of Atrocities) Act - Rioting (Sec. 147-151 IPC) - Col. ( 35),"SC/ST (Prevention of Atrocities) Act - Robbery (Sec. 392 to 394, 397 & 398 IPC) - Col. ( 36)","SC/ST (Prevention of Atrocities) Act - Dacoity - Dacoity (Sec. 395, 396, 397 & 398 IPC)(Col.38+ Col.39) - Col. ( 37)",SC/ST (Prevention of Atrocities) Act - Dacoity - Dacoity with Murder (Sec. 396 IPC) - Col. ( 38),"SC/ST (Prevention of Atrocities) Act - Dacoity - Dacoity (Sec. 395, 397, 398 IPC) - Col. ( 39)","SC/ST (Prevention of Atrocities) Act - Arson (Sec. 435, 436 & 438 IPC) - Col. ( 40)",SC/ST (Prevention of Atrocities) Act - Criminal Intimidation (Sec. 506 IPC) - Col. ( 41),SC/ST (Prevention of Atrocities) Act - Other IPC crimes - Col. ( 42),SC / ST (Prevention of Atrocities) Act only - SC / ST (Prevention of Atrocities) Act only (Total)(Without IPC)(Col.44 to 48) - Col. ( 43),SC / ST (Prevention of Atrocities) Act only - A) Intentionally Insult or Intimidate with Intent to Humiliate - Col. ( 44),SC / ST (Prevention of Atrocities) Act only - B) Occupy/ Disposes Land Belongs to SCs - Col. ( 45),SC / ST (Prevention of Atrocities) Act only - C) Prevent or deny or obstruct usage of public place/passage - Col. ( 46),SC / ST (Prevention of Atrocities) Act only - D) Force to leave place of Residence/Social Boycott - Col. ( 47),SC / ST (Prevention of Atrocities) Act only - E) Other Offences - Col. ( 48),Total of SC/ST (Prevention of Atrocities) Act (With & Without IPC) (Col.3+Col.43) - Col. ( 49),"Protection of Civil Rights Act, 1955 - Col. ( 50)",Total Crime/ Atrocities against Scheduled Castes (Col.49+Col.50) - Col. ( 51)
1,Andhra Pradesh,Alluri Sitharama Raju,1,0,0,1,0,0,0,0,0,0,0,0,0,0,0,0,0,0,0,0,0,0,0,0,0,0,0,0,0,0,0,0,0,0,0,0,0,0,0,0,0,0,0,0,0,0,1,0,1
2,Andhra Pradesh,Anakapalli,71,0,3,15,0,0,0,0,0,14,12,2,6,3,0,1,2,0,1,1,1,0,0,0,0,0,0,0,5,1,4,1,0,0,0,0,0,0,10,22,4,4,0,0,0,0,75,0,75
3,Andhra Pradesh,Anantapuramu,93,1,4,43,0,0,0,0,0,13,12,10,0,0,0,2,1,2,0,0,0,0,0,0,0,0,0,0,4,1,3,0,2,0,0,0,0,1,20,3,5,4,0,1,0,0,98,0,98
4,Andhra Pradesh,Annamayya,18,0,0,12,0,0,0,0,0,0,0,0,0,0,0,0,0,1,0,0,0,0,0,0,0,0,0,0,1,1,0,0,1,0,0,0,0,0,0,3,9,6,0,0,0,3,27,0,27
5,Andhra Pradesh,Bapatla,38,2,1,9,0,0,0,0,0,2,2,1,1,0,0,0,0,0,0,0,0,0,0,0,0,0,0,0,3,2,1,1,0,0,0,0,0,1,10,9,5,5,0,0,0,0,43,0,43
6,Andhra Pradesh,Chittoor,113,3,1,22,0,0,0,0,0,4,3,2,1,0,0,0,1,3,0,0,0,0,0,0,0,0,0,0,0,0,0,0,0,0,0,0,0,0,8,72,2,2,0,0,0,0,115,0,115
7,Andhra Pradesh,Dr BR Ambedkar Konaseema,75,2,4,27,0,0,0,0,0,15,15,13,2,0,0,0,0,3,0,0,0,0,0,0,0,0,0,0,5,2,3,0,0,0,0,0,0,1,6,12,8,4,0,0,0,4,83,0,83
8,Andhra Pradesh,East Godavari,107,1,2,49,0,0,0,0,0,18,18,8,4,3,1,2,0,3,2,1,0,1,0,0,0,1,0,0,11,7,4,0,0,2,0,0,0,0,6,13,3,3,0,0,0,0,110,0,110
9,Andhra Pradesh,Eluru,136,4,4,32,1,1,0,0,0,19,18,15,1,1,0,1,1,3,4,2,0,2,0,0,0,0,0,2,8,6,2,2,0,0,1,0,1,0,5,53,6,6,0,0,0,0,142,0,142
10,Andhra Pradesh,Guntakal Railway,2,0,0,1,0,0,0,0,0,0,0,0,0,0,0,0,0,0,0,0,0,0,0,0,0,0,0,0,0,0,0,0,0,0,0,0,0,0,0,1,0,0,0,0,0,0,2,0,2
11,Andhra Pradesh,Guntur,136,5,2,26,0,0,0,0,0,19,16,10,2,1,1,2,3,14,3,2,1,1,0,0,0,1,0,0,10,5,5,0,0,0,0,0,0,0,29,28,0,0,0,0,0,0,136,0,136
12,Andhra Pradesh,Kakinada,67,1,0,20,0,0,0,0,0,3,3,3,0,0,0,0,0,0,1,0,0,0,0,0,0,0,0,1,6,4,2,0,0,0,0,0,0,0,5,31,8,7,0,0,0,1,75,0,75
13,Andhra Pradesh,Krishna,80,0,5,13,0,0,0,0,0,10,10,10,0,0,0,0,0,7,0,0,0,0,0,0,0,0,0,0,9,6,3,1,0,0,0,0,0,0,23,12,1,1,0,0,0,0,81,0,81
14,Andhra Pradesh,Kurnool,137,5,14,0,0,0,0,0,0,11,11,11,0,0,0,0,0,0,1,0,0,0,0,0,0,1,0,0,3,3,0,0,0,0,0,0,0,0,14,89,4,4,0,0,0,0,141,0,141
15,Andhra Pradesh,Nandyal,133,1,5,33,0,0,0,0,0,14,13,8,3,1,0,1,1,27,1,0,0,0,0,0,0,1,0,0,3,0,3,0,3,0,0,0,0,0,0,46,3,0,0,0,0,3,136,0,136
16,Andhra Pradesh,NTR,81,1,2,12,0,0,0,0,0,3,3,1,2,0,0,0,0,3,2,2,0,2,0,0,0,0,0,0,13,5,8,0,0,0,0,0,0,0,10,35,2,2,0,0,0,0,83,0,83
17,Andhra Pradesh,Palnadu,69,1,1,29,0,0,0,0,0,5,5,4,0,1,0,0,0,4,1,0,0,0,0,0,0,0,1,0,4,1,3,1,2,0,0,0,0,1,10,10,1,1,0,0,0,0,70,0,70
18,Andhra Pradesh,Parvathipuram Manyam,28,0,4,4,0,0,0,0,0,4,4,3,0,1,0,0,0,4,0,0,0,0,0,0,0,0,0,0,4,4,0,0,0,0,0,0,0,0,5,3,2,2,0,0,0,0,30,0,30
19,Andhra Pradesh,Prakasam,172,2,3,34,0,0,0,0,0,12,11,11,0,0,0,0,1,21,3,2,0,2,0,0,0,0,1,0,5,3,2,0,2,0,0,0,0,0,57,33,4,4,0,0,0,0,176,0,176
20,Andhra Pradesh,Sri Potti Sriramulu Nellore,93,6,6,21,2,2,0,0,0,5,3,1,0,1,0,1,2,4,0,0,0,0,0,0,0,0,0,0,5,3,2,0,1,0,0,0,0,1,8,34,3,0,0,0,0,3,96,0,96
21,Andhra Pradesh,Sri Sathya Sai,58,1,0,31,0,0,0,0,0,9,9,6,1,0,0,2,0,2,2,0,0,0,0,0,0,2,0,0,2,2,0,0,0,0,0,0,0,0,11,0,1,1,0,0,0,0,59,0,59
22,Andhra Pradesh,Srikakulam,54,2,1,23,0,0,0,0,0,11,11,9,2,0,0,0,0,0,0,0,0,0,0,0,0,0,0,0,2,2,0,0,0,0,0,0,0,0,15,0,3,3,0,0,0,0,57,0,57
23,Andhra Pradesh,Tirupati,78,4,2,13,0,0,0,0,0,12,12,5,5,1,0,1,0,0,1,1,0,1,0,0,0,0,0,0,3,3,0,0,0,0,0,0,0,0,0,43,6,0,0,0,0,6,84,0,84
24,Andhra Pradesh,Viiayawada Railway,0,0,0,0,0,0,0,0,0,0,0,0,0,0,0,0,0,0,0,0,0,0,0,0,0,0,0,0,0,0,0,0,0,0,0,0,0,0,0,0,0,0,0,0,0,0,0,0,0
25,Andhra Pradesh,Visakhapatnam,94,2,7,16,2,2,0,0,0,14,13,11,2,0,0,0,1,2,1,1,0,1,0,0,0,0,0,0,19,14,5,0,0,0,0,0,0,0,3,28,11,3,0,0,0,8,105,0,105
26,Andhra Pradesh,Vizianagaram,65,2,0,21,0,0,0,0,0,14,14,12,0,1,0,1,0,1,1,1,0,1,0,0,0,0,0,0,5,4,1,0,2,0,0,0,0,0,0,19,29,9,0,0,0,20,94,0,94
27,Andhra Pradesh,West Godavari,66,3,1,16,0,0,0,0,0,6,6,3,1,0,0,2,0,2,0,0,0,0,0,0,0,0,0,0,6,4,2,0,0,0,0,0,0,0,4,28,1,1,0,0,0,0,67,0,67
28,Andhra Pradesh,YSR,125,0,5,78,0,0,0,0,0,8,8,6,2,0,0,0,0,7,1,0,0,0,0,0,0,0,0,1,8,3,5,0,0,0,0,0,0,1,3,14,4,4,0,0,0,0,129,0,129
Total Districts,Total Districts,Total Districts,2190,49,77,601,5,5,0,0,0,245,232,165,35,14,2,16,13,113,25,13,2,11,0,0,0,6,2,4,144,86,58,6,13,2,1,0,1,6,262,641,125,76,0,1,0,48,2315,0,2315
1,Arunachal Pradesh,Anjaw,0,0,0,0,0,0,0,0,0,0,0,0,0,0,0,0,0,0,0,0,0,0,0,0,0,0,0,0,0,0,0,0,0,0,0,0,0,0,0,0,0,0,0,0,0,0,0,0,0
2,Arunachal Pradesh,Changlang,0,0,0,0,0,0,0,0,0,0,0,0,0,0,0,0,0,0,0,0,0,0,0,0,0,0,0,0,0,0,0,0,0,0,0,0,0,0,0,0,0,0,0,0,0,0,0,0,0
3,Arunachal Pradesh,Crime Branch,0,0,0,0,0,0,0,0,0,0,0,0,0,0,0,0,0,0,0,0,0,0,0,0,0,0,0,0,0,0,0,0,0,0,0,0,0,0,0,0,0,0,0,0,0,0,0,0,0
4,Arunachal Pradesh,Dibang Valley,0,0,0,0,0,0,0,0,0,0,0,0,0,0,0,0,0,0,0,0,0,0,0,0,0,0,0,0,0,0,0,0,0,0,0,0,0,0,0,0,0,0,0,0,0,0,0,0,0
5,Arunachal Pradesh,Kameng East,0,0,0,0,0,0,0,0,0,0,0,0,0,0,0,0,0,0,0,0,0,0,0,0,0,0,0,0,0,0,0,0,0,0,0,0,0,0,0,0,0,0,0,0,0,0,0,0,0
6,Arunachal Pradesh,Kameng West,0,0,0,0,0,0,0,0,0,0,0,0,0,0,0,0,0,0,0,0,0,0,0,0,0,0,0,0,0,0,0,0,0,0,0,0,0,0,0,0,0,0,0,0,0,0,0,0,0
7,Arunachal Pradesh,Kurung Kumey,0,0,0,0,0,0,0,0,0,0,0,0,0,0,0,0,0,0,0,0,0,0,0,0,0,0,0,0,0,0,0,0,0,0,0,0,0,0,0,0,0,0,0,0,0,0,0,0,0
8,Arunachal Pradesh,Lohit,0,0,0,0,0,0,0,0,0,0,0,0,0,0,0,0,0,0,0,0,0,0,0,0,0,0,0,0,0,0,0,0,0,0,0,0,0,0,0,0,0,0,0,0,0,0,0,0,0
9,Arunachal Pradesh,Longding,0,0,0,0,0,0,0,0,0,0,0,0,0,0,0,0,0,0,0,0,0,0,0,0,0,0,0,0,0,0,0,0,0,0,0,0,0,0,0,0,0,0,0,0,0,0,0,0,0
10,Arunachal Pradesh,Lower Dibang Valley,0,0,0,0,0,0,0,0,0,0,0,0,0,0,0,0,0,0,0,0,0,0,0,0,0,0,0,0,0,0,0,0,0,0,0,0,0,0,0,0,0,0,0,0,0,0,0,0,0
11,Arunachal Pradesh,Papum Pare City,0,0,0,0,0,0,0,0,0,0,0,0,0,0,0,0,0,0,0,0,0,0,0,0,0,0,0,0,0,0,0,0,0,0,0,0,0,0,0,0,0,0,0,0,0,0,0,0,0
12,Arunachal Pradesh,Papum Pare Rural,0,0,0,0,0,0,0,0,0,0,0,0,0,0,0,0,0,0,0,0,0,0,0,0,0,0,0,0,0,0,0,0,0,0,0,0,0,0,0,0,0,0,0,0,0,0,0,0,0
13,Arunachal Pradesh,Siang East,0,0,0,0,0,0,0,0,0,0,0,0,0,0,0,0,0,0,0,0,0,0,0,0,0,0,0,0,0,0,0,0,0,0,0,0,0,0,0,0,0,0,0,0,0,0,0,0,0
14,Arunachal Pradesh,Siang Upper,0,0,0,0,0,0,0,0,0,0,0,0,0,0,0,0,0,0,0,0,0,0,0,0,0,0,0,0,0,0,0,0,0,0,0,0,0,0,0,0,0,0,0,0,0,0,0,0,0
15,Arunachal Pradesh,Siang West,0,0,0,0,0,0,0,0,0,0,0,0,0,0,0,0,0,0,0,0,0,0,0,0,0,0,0,0,0,0,0,0,0,0,0,0,0,0,0,0,0,0,0,0,0,0,0,0,0
16,Arunachal Pradesh,Subansiri Lower,0,0,0,0,0,0,0,0,0,0,0,0,0,0,0,0,0,0,0,0,0,0,0,0,0,0,0,0,0,0,0,0,0,0,0,0,0,0,0,0,0,0,0,0,0,0,0,0,0
17,Arunachal Pradesh,Subansiri Upper,0,0,0,0,0,0,0,0,0,0,0,0,0,0,0,0,0,0,0,0,0,0,0,0,0,0,0,0,0,0,0,0,0,0,0,0,0,0,0,0,0,0,0,0,0,0,0,0,0
18,Arunachal Pradesh,Tawang,0,0,0,0,0,0,0,0,0,0,0,0,0,0,0,0,0,0,0,0,0,0,0,0,0,0,0,0,0,0,0,0,0,0,0,0,0,0,0,0,0,0,0,0,0,0,0,0,0
19,Arunachal Pradesh,Tirap,0,0,0,0,0,0,0,0,0,0,0,0,0,0,0,0,0,0,0,0,0,0,0,0,0,0,0,0,0,0,0,0,0,0,0,0,0,0,0,0,0,0,0,0,0,0,0,0,0
20,Arunachal Pradesh,Namsai,0,0,0,0,0,0,0,0,0,0,0,0,0,0,0,0,0,0,0,0,0,0,0,0,0,0,0,0,0,0,0,0,0,0,0,0,0,0,0,0,0,0,0,0,0,0,0,0,0
21,Arunachal Pradesh,Siang,0,0,0,0,0,0,0,0,0,0,0,0,0,0,0,0,0,0,0,0,0,0,0,0,0,0,0,0,0,0,0,0,0,0,0,0,0,0,0,0,0,0,0,0,0,0,0,0,0
22,Arunachal Pradesh,Kamle,0,0,0,0,0,0,0,0,0,0,0,0,0,0,0,0,0,0,0,0,0,0,0,0,0,0,0,0,0,0,0,0,0,0,0,0,0,0,0,0,0,0,0,0,0,0,0,0,0
23,Arunachal Pradesh,Kra Dadi,0,0,0,0,0,0,0,0,0,0,0,0,0,0,0,0,0,0,0,0,0,0,0,0,0,0,0,0,0,0,0,0,0,0,0,0,0,0,0,0,0,0,0,0,0,0,0,0,0
24,Arunachal Pradesh,Lower Siang,0,0,0,0,0,0,0,0,0,0,0,0,0,0,0,0,0,0,0,0,0,0,0,0,0,0,0,0,0,0,0,0,0,0,0,0,0,0,0,0,0,0,0,0,0,0,0,0,0
25,Arunachal Pradesh,Leparada,0,0,0,0,0,0,0,0,0,0,0,0,0,0,0,0,0,0,0,0,0,0,0,0,0,0,0,0,0,0,0,0,0,0,0,0,0,0,0,0,0,0,0,0,0,0,0,0,0
26,Arunachal Pradesh,Shiyomi,0,0,0,0,0,0,0,0,0,0,0,0,0,0,0,0,0,0,0,0,0,0,0,0,0,0,0,0,0,0,0,0,0,0,0,0,0,0,0,0,0,0,0,0,0,0,0,0,0
27,Arunachal Pradesh,Pakkessang,0,0,0,0,0,0,0,0,0,0,0,0,0,0,0,0,0,0,0,0,0,0,0,0,0,0,0,0,0,0,0,0,0,0,0,0,0,0,0,0,0,0,0,0,0,0,0,0,0
Total Districts,Total Districts,Total Districts,0,0,0,0,0,0,0,0,0,0,0,0,0,0,0,0,0,0,0,0,0,0,0,0,0,0,0,0,0,0,0,0,0,0,0,0,0,0,0,0,0,0,0,0,0,0,0,0,0
1,Assam,BIEO,0,0,0,0,0,0,0,0,0,0,0,0,0,0,0,0,0,0,0,0,0,0,0,0,0,0,0,0,0,0,0,0,0,0,0,0,0,0,0,0,0,0,0,0,0,0,0,0,0
2,Assam,Barpeta,0,0,0,0,0,0,0,0,0,0,0,0,0,0,0,0,0,0,0,0,0,0,0,0,0,0,0,0,0,0,0,0,0,0,0,0,0,0,0,0,0,0,0,0,0,0,0,0,0
3,Assam,Baksa,0,0,0,0,0,0,0,0,0,0,0,0,0,0,0,0,0,0,0,0,0,0,0,0,0,0,0,0,0,0,0,0,0,0,0,0,0,0,0,0,0,0,0,0,0,0,0,0,0
4,Assam,Bongaigaon,0,0,0,0,0,0,0,0,0,0,0,0,0,0,0,0,0,0,0,0,0,0,0,0,0,0,0,0,0,0,0,0,0,0,0,0,0,0,0,0,0,0,0,0,0,0,0,0,0
5,Assam,CID,0,0,0,0,0,0,0,0,0,0,0,0,0,0,0,0,0,0,0,0,0,0,0,0,0,0,0,0,0,0,0,0,0,0,0,0,0,0,0,0,0,0,0,0,0,0,0,0,0
6,Assam,Cachar,0,0,0,0,0,0,0,0,0,0,0,0,0,0,0,0,0,0,0,0,0,0,0,0,0,0,0,0,0,0,0,0,0,0,0,0,0,0,0,0,0,0,0,0,0,0,0,0,0
7,Assam,Chirang,0,0,0,0,0,0,0,0,0,0,0,0,0,0,0,0,0,0,0,0,0,0,0,0,0,0,0,0,0,0,0,0,0,0,0,0,0,0,0,0,0,0,0,0,0,0,0,0,0
8,Assam,Darrang,1,0,0,0,0,0,0,0,0,0,0,0,0,0,0,0,0,0,0,0,0,0,0,0,0,0,0,0,0,0,0,0,0,0,0,0,0,0,0,1,0,0,0,0,0,0,1,0,1
9,Assam,Dhemaji,0,0,0,0,0,0,0,0,0,0,0,0,0,0,0,0,0,0,0,0,0,0,0,0,0,0,0,0,0,0,0,0,0,0,0,0,0,0,0,0,1,1,0,0,0,0,1,0,1
10,Assam,Dhubri,1,0,0,0,0,0,0,0,0,0,0,0,0,0,0,0,0,0,0,0,0,0,0,0,0,0,0,0,0,0,0,0,0,0,0,0,0,0,0,1,0,0,0,0,0,0,1,0,1
11,Assam,Dibrugarh,0,0,0,0,0,0,0,0,0,0,0,0,0,0,0,0,0,0,0,0,0,0,0,0,0,0,0,0,0,0,0,0,0,0,0,0,0,0,0,0,0,0,0,0,0,0,0,0,0
12,Assam,GRP,0,0,0,0,0,0,0,0,0,0,0,0,0,0,0,0,0,0,0,0,0,0,0,0,0,0,0,0,0,0,0,0,0,0,0,0,0,0,0,0,0,0,0,0,0,0,0,0,0
13,Assam,Goalpara,0,0,0,0,0,0,0,0,0,0,0,0,0,0,0,0,0,0,0,0,0,0,0,0,0,0,0,0,0,0,0,0,0,0,0,0,0,0,0,0,0,0,0,0,0,0,0,0,0
14,Assam,Golaghat,2,0,0,0,0,0,0,0,0,0,0,0,0,0,0,0,0,0,0,0,0,0,0,0,0,0,0,0,0,0,0,0,0,0,0,0,0,0,0,2,0,0,0,0,0,0,2,0,2
15,Assam,Guwahati City,0,0,0,0,0,0,0,0,0,0,0,0,0,0,0,0,0,0,0,0,0,0,0,0,0,0,0,0,0,0,0,0,0,0,0,0,0,0,0,0,0,0,0,0,0,0,0,0,0
16,Assam,Hailakandi,0,0,0,0,0,0,0,0,0,0,0,0,0,0,0,0,0,0,0,0,0,0,0,0,0,0,0,0,0,0,0,0,0,0,0,0,0,0,0,0,0,0,0,0,0,0,0,0,0
17,Assam,Hamren,0,0,0,0,0,0,0,0,0,0,0,0,0,0,0,0,0,0,0,0,0,0,0,0,0,0,0,0,0,0,0,0,0,0,0,0,0,0,0,0,0,0,0,0,0,0,0,0,0
18,Assam,Jorhat,0,0,0,0,0,0,0,0,0,0,0,0,0,0,0,0,0,0,0,0,0,0,0,0,0,0,0,0,0,0,0,0,0,0,0,0,0,0,0,0,0,0,0,0,0,0,0,0,0
19,Assam,Kamrup,0,0,0,0,0,0,0,0,0,0,0,0,0,0,0,0,0,0,0,0,0,0,0,0,0,0,0,0,0,0,0,0,0,0,0,0,0,0,0,0,0,0,0,0,0,0,0,0,0
20,Assam,Karbi Anglong,0,0,0,0,0,0,0,0,0,0,0,0,0,0,0,0,0,0,0,0,0,0,0,0,0,0,0,0,0,0,0,0,0,0,0,0,0,0,0,0,0,0,0,0,0,0,0,0,0
21,Assam,Karimganj,0,0,0,0,0,0,0,0,0,0,0,0,0,0,0,0,0,0,0,0,0,0,0,0,0,0,0,0,0,0,0,0,0,0,0,0,0,0,0,0,5,0,0,0,0,5,5,0,5
22,Assam,Kokrajhar,0,0,0,0,0,0,0,0,0,0,0,0,0,0,0,0,0,0,0,0,0,0,0,0,0,0,0,0,0,0,0,0,0,0,0,0,0,0,0,0,0,0,0,0,0,0,0,0,0
23,Assam,Lakhimpur,0,0,0,0,0,0,0,0,0,0,0,0,0,0,0,0,0,0,0,0,0,0,0,0,0,0,0,0,0,0,0,0,0,0,0,0,0,0,0,0,0,0,0,0,0,0,0,0,0
24,Assam,Morigaon,0,0,0,0,0,0,0,0,0,0,0,0,0,0,0,0,0,0,0,0,0,0,0,0,0,0,0,0,0,0,0,0,0,0,0,0,0,0,0,0,0,0,0,0,0,0,0,0,0
25,Assam,Dima Hasao,0,0,0,0,0,0,0,0,0,0,0,0,0,0,0,0,0,0,0,0,0,0,0,0,0,0,0,0,0,0,0,0,0,0,0,0,0,0,0,0,0,0,0,0,0,0,0,0,0
26,Assam,Nagaon,0,0,0,0,0,0,0,0,0,0,0,0,0,0,0,0,0,0,0,0,0,0,0,0,0,0,0,0,0,0,0,0,0,0,0,0,0,0,0,0,0,0,0,0,0,0,0,0,0
27,Assam,Nalbari,0,0,0,0,0,0,0,0,0,0,0,0,0,0,0,0,0,0,0,0,0,0,0,0,0,0,0,0,0,0,0,0,0,0,0,0,0,0,0,0,0,0,0,0,0,0,0,0,0
28,Assam,RPO,0,0,0,0,0,0,0,0,0,0,0,0,0,0,0,0,0,0,0,0,0,0,0,0,0,0,0,0,0,0,0,0,0,0,0,0,0,0,0,0,0,0,0,0,0,0,0,0,0
29,Assam,SOU,0,0,0,0,0,0,0,0,0,0,0,0,0,0,0,0,0,0,0,0,0,0,0,0,0,0,0,0,0,0,0,0,0,0,0,0,0,0,0,0,0,0,0,0,0,0,0,0,0
30,Assam,STF,0,0,0,0,0,0,0,0,0,0,0,0,0,0,0,0,0,0,0,0,0,0,0,0,0,0,0,0,0,0,0,0,0,0,0,0,0,0,0,0,0,0,0,0,0,0,0,0,0
31,Assam,Sibsagar,0,0,0,0,0,0,0,0,0,0,0,0,0,0,0,0,0,0,0,0,0,0,0,0,0,0,0,0,0,0,0,0,0,0,0,0,0,0,0,0,0,0,0,0,0,0,0,0,0
32,Assam,Sonitpur,0,0,0,0,0,0,0,0,0,0,0,0,0,0,0,0,0,0,0,0,0,0,0,0,0,0,0,0,0,0,0,0,0,0,0,0,0,0,0,0,0,0,0,0,0,0,0,0,0
33,Assam,Tinsukia,0,0,0,0,0,0,0,0,0,0,0,0,0,0,0,0,0,0,0,0,0,0,0,0,0,0,0,0,0,0,0,0,0,0,0,0,0,0,0,0,3,0,0,0,0,3,3,0,3
34,Assam,Udalguri,0,0,0,0,0,0,0,0,0,0,0,0,0,0,0,0,0,0,0,0,0,0,0,0,0,0,0,0,0,0,0,0,0,0,0,0,0,0,0,0,0,0,0,0,0,0,0,0,0
35,Assam,Sadia,0,0,0,0,0,0,0,0,0,0,0,0,0,0,0,0,0,0,0,0,0,0,0,0,0,0,0,0,0,0,0,0,0,0,0,0,0,0,0,0,0,0,0,0,0,0,0,0,0
36,Assam,Majuli,0,0,0,0,0,0,0,0,0,0,0,0,0,0,0,0,0,0,0,0,0,0,0,0,0,0,0,0,0,0,0,0,0,0,0,0,0,0,0,0,0,0,0,0,0,0,0,0,0
37,Assam,Biswanath,0,0,0,0,0,0,0,0,0,0,0,0,0,0,0,0,0,0,0,0,0,0,0,0,0,0,0,0,0,0,0,0,0,0,0,0,0,0,0,0,1,0,0,0,0,1,1,0,1
38,Assam,Hojai,0,0,0,0,0,0,0,0,0,0,0,0,0,0,0,0,0,0,0,0,0,0,0,0,0,0,0,0,0,0,0,0,0,0,0,0,0,0,0,0,0,0,0,0,0,0,0,0,0
39,Assam,South Salmara,0,0,0,0,0,0,0,0,0,0,0,0,0,0,0,0,0,0,0,0,0,0,0,0,0,0,0,0,0,0,0,0,0,0,0,0,0,0,0,0,0,0,0,0,0,0,0,0,0
40,Assam,Charaideo,0,0,0,0,0,0,0,0,0,0,0,0,0,0,0,0,0,0,0,0,0,0,0,0,0,0,0,0,0,0,0,0,0,0,0,0,0,0,0,0,0,0,0,0,0,0,0,0,0
41,Assam,Bajali,0,0,0,0,0,0,0,0,0,0,0,0,0,0,0,0,0,0,0,0,0,0,0,0,0,0,0,0,0,0,0,0,0,0,0,0,0,0,0,0,0,0,0,0,0,0,0,0,0
42,Assam,Tamulpur,0,0,0,0,0,0,0,0,0,0,0,0,0,0,0,0,0,0,0,0,0,0,0,0,0,0,0,0,0,0,0,0,0,0,0,0,0,0,0,0,0,0,0,0,0,0,0,0,0
Total Districts,Total Districts,Total Districts,4,0,0,0,0,0,0,0,0,0,0,0,0,0,0,0,0,0,0,0,0,0,0,0,0,0,0,0,0,0,0,0,0,0,0,0,0,0,0,4,10,1,0,0,0,9,14,0,14
1,Bihar,Araria,77,3,0,58,12,12,0,0,0,0,0,0,0,0,0,0,0,0,0,0,0,0,0,0,0,0,0,0,3,3,0,0,0,0,0,0,0,1,0,0,0,0,0,0,0,0,77,0,77
2,Bihar,Arwal,63,3,7,49,4,4,0,0,0,0,0,0,0,0,0,0,0,0,0,0,0,0,0,0,0,0,0,0,0,0,0,0,0,0,0,0,0,0,0,0,0,0,0,0,0,0,63,0,63
3,Bihar,Aurangabad,181,4,0,154,17,17,0,0,0,0,0,0,0,0,0,0,0,0,0,0,0,0,0,0,0,0,0,0,5,5,0,0,0,0,0,0,0,1,0,0,0,0,0,0,0,0,181,0,181
4,Bihar,Bagaha,102,1,2,65,4,4,0,0,0,12,12,8,0,4,0,0,0,0,14,0,0,0,0,0,0,12,2,0,4,4,0,0,0,0,0,0,0,0,0,0,0,0,0,0,0,0,102,0,102
5,Bihar,Banka,71,3,0,50,14,14,0,0,0,0,0,0,0,0,0,0,0,0,0,0,0,0,0,0,0,0,0,0,2,2,0,0,0,0,0,0,0,2,0,0,0,0,0,0,0,0,71,0,71
6,Bihar,Begusarai,115,4,0,101,6,6,0,0,0,0,0,0,0,0,0,0,0,0,0,0,0,0,0,0,0,0,0,0,3,2,1,0,0,0,0,0,0,1,0,0,0,0,0,0,0,0,115,0,115
7,Bihar,Bettiah,163,1,0,148,7,7,0,0,0,0,0,0,0,0,0,0,0,0,0,0,0,0,0,0,0,0,0,0,5,5,0,0,0,0,0,0,0,2,0,0,0,0,0,0,0,0,163,0,163
8,Bihar,Kaimur(Bhabhua),85,3,0,66,8,8,0,0,0,0,0,0,0,0,0,0,0,0,0,0,0,0,0,0,0,0,0,0,5,2,3,0,0,0,0,0,0,3,0,0,0,0,0,0,0,0,85,0,85
9,Bihar,Bhagalpur,160,7,0,144,6,6,0,0,0,0,0,0,0,0,0,0,0,0,0,0,0,0,0,0,0,0,0,0,2,2,0,0,0,0,0,0,0,1,0,0,0,0,0,0,0,0,160,0,160
10,Bihar,Bhojpur,198,6,31,125,15,15,0,0,0,7,7,7,0,0,0,0,0,0,5,0,0,0,0,0,0,5,0,0,3,3,0,0,0,0,0,0,0,6,0,0,0,0,0,0,0,0,198,0,198
11,Bihar,Buxar,125,1,0,109,7,7,0,0,0,0,0,0,0,0,0,0,0,0,0,0,0,0,0,0,0,0,0,0,2,2,0,0,0,0,0,0,0,6,0,0,0,0,0,0,0,0,125,0,125
12,Bihar,Darbhanga,144,4,0,119,13,13,0,0,0,0,0,0,0,0,0,0,0,0,0,0,0,0,0,0,0,0,0,0,6,6,0,0,0,0,0,0,0,2,0,0,0,0,0,0,0,0,144,0,144
13,Bihar,Gaya,495,8,0,437,26,26,0,0,0,0,0,0,0,0,0,0,0,0,0,0,0,0,0,0,0,0,0,0,21,21,0,0,0,0,0,0,0,3,0,0,0,0,0,0,0,0,495,0,495
14,Bihar,Gopalganj,263,8,0,226,20,20,0,0,0,0,0,0,0,0,0,0,0,0,0,0,0,0,0,0,0,0,0,0,2,2,0,0,0,0,0,0,0,7,0,0,0,0,0,0,0,0,263,0,263
15,Bihar,Jamalpur Railway,0,0,0,0,0,0,0,0,0,0,0,0,0,0,0,0,0,0,0,0,0,0,0,0,0,0,0,0,0,0,0,0,0,0,0,0,0,0,0,0,0,0,0,0,0,0,0,0,0
16,Bihar,Jamui,115,3,0,97,13,13,0,0,0,0,0,0,0,0,0,0,0,0,0,0,0,0,0,0,0,0,0,0,1,1,0,0,0,0,0,0,0,1,0,0,0,0,0,0,0,0,115,0,115
17,Bihar,Jehanabad,80,2,0,61,9,9,0,0,0,1,1,1,0,0,0,0,0,0,0,0,0,0,0,0,0,0,0,0,1,0,1,0,6,0,0,0,0,0,0,0,0,0,0,0,0,0,80,0,80
18,Bihar,Katihar,121,2,0,98,7,7,0,0,0,0,0,0,0,0,0,0,0,0,0,0,0,0,0,0,0,0,0,0,10,10,0,0,0,0,0,0,0,4,0,0,0,0,0,0,0,0,121,0,121
19,Bihar,Katihar Railway,1,1,0,0,0,0,0,0,0,0,0,0,0,0,0,0,0,0,0,0,0,0,0,0,0,0,0,0,0,0,0,0,0,0,0,0,0,0,0,0,0,0,0,0,0,0,1,0,1
20,Bihar,Khagaria,97,2,0,84,8,8,0,0,0,0,0,0,0,0,0,0,0,0,0,0,0,0,0,0,0,0,0,0,1,1,0,0,0,0,0,0,0,2,0,0,0,0,0,0,0,0,97,0,97
21,Bihar,Kishanganj,24,3,0,15,1,1,0,0,0,0,0,0,0,0,0,0,0,0,1,0,0,0,0,0,0,1,0,0,2,1,1,0,1,0,0,0,0,0,0,1,0,0,0,0,0,0,24,0,24
22,Bihar,Lakhisarai,89,1,0,76,7,7,0,0,0,4,4,0,4,0,0,0,0,0,0,0,0,0,0,0,0,0,0,0,1,0,1,0,0,0,0,0,0,0,0,0,0,0,0,0,0,0,89,0,89
23,Bihar,Madhepura,110,1,0,99,7,7,0,0,0,0,0,0,0,0,0,0,0,0,0,0,0,0,0,0,0,0,0,0,2,2,0,0,0,0,0,0,0,1,0,0,0,0,0,0,0,0,110,0,110
24,Bihar,Madhubani,155,1,0,136,11,11,0,0,0,0,0,0,0,0,0,0,0,0,0,0,0,0,0,0,0,0,0,0,5,5,0,0,0,0,0,0,0,2,0,0,0,0,0,0,0,0,155,0,155
25,Bihar,Motihari,293,2,16,213,20,20,0,0,0,0,0,0,0,0,0,0,0,0,36,0,0,0,0,0,0,26,0,10,3,3,0,0,0,0,0,0,0,3,0,0,0,0,0,0,0,0,293,0,293
26,Bihar,Munger,78,2,4,53,6,6,0,0,0,6,4,0,1,3,0,0,2,0,4,1,0,1,0,0,0,3,0,0,1,0,1,1,0,0,0,0,0,1,0,0,0,0,0,0,0,0,78,0,78
27,Bihar,Muzaffarpur,268,8,0,238,18,18,0,0,0,0,0,0,0,0,0,0,0,0,0,0,0,0,0,0,0,0,0,0,4,4,0,0,0,0,0,0,0,0,0,0,0,0,0,0,0,0,268,0,268
28,Bihar,Muzaffarpur Railway,1,1,0,0,0,0,0,0,0,0,0,0,0,0,0,0,0,0,0,0,0,0,0,0,0,0,0,0,0,0,0,0,0,0,0,0,0,0,0,0,0,0,0,0,0,0,1,0,1
29,Bihar,Nalanda,280,8,0,236,28,28,0,0,0,0,0,0,0,0,0,0,0,0,2,0,0,0,0,0,0,0,0,2,4,4,0,0,0,0,0,0,0,2,0,0,0,0,0,0,0,0,280,0,280
30,Bihar,Naugachia,54,2,0,47,3,3,0,0,0,0,0,0,0,0,0,0,0,0,0,0,0,0,0,0,0,0,0,0,2,2,0,0,0,0,0,0,0,0,0,0,0,0,0,0,0,0,54,0,54
31,Bihar,Nawadah,217,8,0,184,22,22,0,0,0,0,0,0,0,0,0,0,0,0,0,0,0,0,0,0,0,0,0,0,3,3,0,0,0,0,0,0,0,0,0,0,0,0,0,0,0,0,217,0,217
32,Bihar,Patna,410,16,0,346,29,29,0,0,0,0,0,0,0,0,0,0,0,0,0,0,0,0,0,0,0,0,0,0,11,11,0,0,0,0,0,0,0,8,0,0,0,0,0,0,0,0,410,0,410
33,Bihar,Patna Railway,1,0,0,1,0,0,0,0,0,0,0,0,0,0,0,0,0,0,0,0,0,0,0,0,0,0,0,0,0,0,0,0,0,0,0,0,0,0,0,0,0,0,0,0,0,0,1,0,1
34,Bihar,Purnea,143,4,0,123,8,8,0,0,0,0,0,0,0,0,0,0,0,0,0,0,0,0,0,0,0,0,0,0,6,4,2,0,0,0,0,0,0,2,0,0,0,0,0,0,0,0,143,0,143
35,Bihar,Rohtas,165,6,0,133,18,18,0,0,0,0,0,0,0,0,0,0,0,0,0,0,0,0,0,0,0,0,0,0,3,3,0,0,0,0,0,0,0,5,0,0,0,0,0,0,0,0,165,0,165
36,Bihar,Saharsa,87,2,0,77,4,4,0,0,0,0,0,0,0,0,0,0,0,0,0,0,0,0,0,0,0,0,0,0,3,3,0,0,0,0,0,0,0,1,0,0,0,0,0,0,0,0,87,0,87
37,Bihar,Samastipur,293,9,0,260,12,12,0,0,0,0,0,0,0,0,0,0,0,0,0,0,0,0,0,0,0,0,0,0,9,9,0,0,0,0,0,0,0,3,0,0,0,0,0,0,0,0,293,0,293
38,Bihar,Saran,347,5,7,303,24,24,0,0,0,0,0,0,0,0,0,0,0,0,0,0,0,0,0,0,0,0,0,0,5,5,0,0,0,0,0,0,0,3,0,0,0,0,0,0,0,0,347,0,347
39,Bihar,Sheikhpura,109,1,0,99,8,8,0,0,0,0,0,0,0,0,0,0,0,0,0,0,0,0,0,0,0,0,0,0,1,1,0,0,0,0,0,0,0,0,0,0,0,0,0,0,0,0,109,0,109
40,Bihar,Sheohar,34,2,0,30,1,1,0,0,0,0,0,0,0,0,0,0,0,0,0,0,0,0,0,0,0,0,0,0,1,1,0,0,0,0,0,0,0,0,0,0,0,0,0,0,0,0,34,0,34
41,Bihar,Sitamarhi,168,3,0,145,17,17,0,0,0,0,0,0,0,0,0,0,0,0,0,0,0,0,0,0,0,0,0,0,2,2,0,0,0,0,0,0,0,1,0,0,0,0,0,0,0,0,168,0,168
42,Bihar,Siwan,147,11,0,0,18,18,0,0,0,0,0,0,0,0,0,0,0,0,0,0,0,0,0,0,0,0,0,0,4,4,0,0,0,0,0,0,0,4,0,110,0,0,0,0,0,0,147,0,147
43,Bihar,Supaul,166,2,0,142,11,11,0,0,0,0,0,0,0,0,0,0,0,0,0,0,0,0,0,0,0,0,0,0,5,5,0,0,0,0,0,0,0,6,0,0,0,0,0,0,0,0,166,0,166
44,Bihar,Vaishali,214,4,0,188,11,11,0,0,0,0,0,0,0,0,0,0,0,0,0,0,0,0,0,0,0,0,0,0,8,8,0,0,0,0,0,0,0,3,0,0,0,0,0,0,0,0,214,0,214
45,Bihar,Economic Offences Unit,0,0,0,0,0,0,0,0,0,0,0,0,0,0,0,0,0,0,0,0,0,0,0,0,0,0,0,0,0,0,0,0,0,0,0,0,0,0,0,0,0,0,0,0,0,0,0,0,0
46,Bihar,Anti Terrorist Squad,0,0,0,0,0,0,0,0,0,0,0,0,0,0,0,0,0,0,0,0,0,0,0,0,0,0,0,0,0,0,0,0,0,0,0,0,0,0,0,0,0,0,0,0,0,0,0,0,0
Total Districts,Total Districts,Total Districts,6509,168,67,5335,480,480,0,0,0,30,28,16,5,7,0,0,2,0,62,1,0,1,0,0,0,47,2,12,161,151,10,1,7,0,0,0,0,87,0,111,0,0,0,0,0,0,6509,0,6509
1,Chhattisgarh,Balod,7,0,0,0,0,0,0,0,0,0,0,0,0,0,0,0,0,1,0,0,0,0,0,0,0,0,0,0,1,1,0,0,0,0,0,0,0,0,0,5,0,0,0,0,0,0,7,0,7
2,Chhattisgarh,Balodbazar,26,0,2,8,0,0,0,0,0,4,2,1,0,0,0,1,2,0,0,0,0,0,0,0,0,0,0,0,4,1,3,0,5,1,0,0,0,0,0,2,0,0,0,0,0,0,26,0,26
3,Chhattisgarh,Balrampur,6,0,0,0,0,0,0,0,0,1,1,1,0,0,0,0,0,0,0,0,0,0,0,0,0,0,0,0,2,1,1,0,0,0,0,0,0,0,0,3,0,0,0,0,0,0,6,0,6
4,Chhattisgarh,Bemetra,7,1,0,0,0,0,0,0,0,2,1,1,0,0,0,0,1,0,0,0,0,0,0,0,0,0,0,0,3,3,0,0,0,0,0,0,0,0,0,1,0,0,0,0,0,0,7,0,7
5,Chhattisgarh,Bilaspur,5,0,0,0,0,0,0,0,0,0,0,0,0,0,0,0,0,0,0,0,0,0,0,0,0,0,0,0,5,5,0,0,0,0,0,0,0,0,0,0,0,0,0,0,0,0,5,0,5
6,Chhattisgarh,Bizapur,1,0,0,0,0,0,0,0,0,1,1,1,0,0,0,0,0,0,0,0,0,0,0,0,0,0,0,0,0,0,0,0,0,0,0,0,0,0,0,0,0,0,0,0,0,0,1,0,1
7,Chhattisgarh,Dantewara,0,0,0,0,0,0,0,0,0,0,0,0,0,0,0,0,0,0,0,0,0,0,0,0,0,0,0,0,0,0,0,0,0,0,0,0,0,0,0,0,0,0,0,0,0,0,0,0,0
8,Chhattisgarh,Dhamtari,9,0,0,0,0,0,0,0,0,3,2,1,0,0,0,1,1,0,0,0,0,0,0,0,0,0,0,0,2,0,2,0,0,0,0,0,0,0,0,4,0,0,0,0,0,0,9,0,9
9,Chhattisgarh,Durg,25,1,0,0,0,0,0,0,0,4,3,3,0,0,0,0,1,0,0,0,0,0,0,0,0,0,0,0,17,12,5,0,1,0,0,0,0,0,2,0,1,1,0,0,0,0,26,0,26
10,Chhattisgarh,Gariyaband,19,0,2,8,0,0,0,0,0,1,1,1,0,0,0,0,0,0,0,0,0,0,0,0,0,0,0,0,4,2,2,0,0,0,0,0,0,0,0,4,0,0,0,0,0,0,19,0,19
11,Chhattisgarh,GRP Raipur,0,0,0,0,0,0,0,0,0,0,0,0,0,0,0,0,0,0,0,0,0,0,0,0,0,0,0,0,0,0,0,0,0,0,0,0,0,0,0,0,0,0,0,0,0,0,0,0,0
12,Chhattisgarh,Jagdalpur,0,0,0,0,0,0,0,0,0,0,0,0,0,0,0,0,0,0,0,0,0,0,0,0,0,0,0,0,0,0,0,0,0,0,0,0,0,0,0,0,0,0,0,0,0,0,0,0,0
13,Chhattisgarh,Janjgir,69,2,1,17,0,0,0,0,0,10,5,5,0,0,0,0,5,0,1,0,0,0,0,0,0,1,0,0,19,9,10,0,5,0,0,0,0,0,10,4,0,0,0,0,0,0,69,0,69
14,Chhattisgarh,Jashpur,8,0,0,0,0,0,0,0,0,3,3,0,3,0,0,0,0,0,0,0,0,0,0,0,0,0,0,0,5,4,1,0,0,0,0,0,0,0,0,0,0,0,0,0,0,0,8,0,8
15,Chhattisgarh,Kabirdham,13,0,1,5,0,0,0,0,0,2,2,2,0,0,0,0,0,0,0,0,0,0,0,0,0,0,0,0,5,2,3,0,0,0,0,0,0,0,0,0,0,0,0,0,0,0,13,0,13
16,Chhattisgarh,Kanker,2,0,0,0,0,0,0,0,0,1,1,0,1,0,0,0,0,0,0,0,0,0,0,0,0,0,0,0,1,0,1,0,0,0,0,0,0,0,0,0,0,0,0,0,0,0,2,0,2
17,Chhattisgarh,Kondagaon,2,0,0,0,0,0,0,0,0,1,1,0,1,0,0,0,0,0,0,0,0,0,0,0,0,0,0,0,1,0,1,0,0,0,0,0,0,0,0,0,0,0,0,0,0,0,2,0,2
18,Chhattisgarh,Korba,7,0,0,0,0,0,0,0,0,3,3,3,0,0,0,0,0,0,0,0,0,0,0,0,0,0,0,0,2,0,2,0,0,0,0,0,0,0,0,2,0,0,0,0,0,0,7,0,7
19,Chhattisgarh,Koriya,3,0,0,2,0,0,0,0,0,1,1,1,0,0,0,0,0,0,0,0,0,0,0,0,0,0,0,0,0,0,0,0,0,0,0,0,0,0,0,0,0,0,0,0,0,0,3,0,3
20,Chhattisgarh,Mahasamund,17,0,1,0,0,0,0,0,0,0,0,0,0,0,0,0,0,1,0,0,0,0,0,0,0,0,0,0,8,5,3,0,0,1,0,0,0,0,0,6,0,0,0,0,0,0,17,0,17
21,Chhattisgarh,Mungali,8,0,0,3,0,0,0,0,0,1,0,0,0,0,0,0,1,0,0,0,0,0,0,0,0,0,0,0,2,1,1,0,1,0,0,0,0,0,0,1,1,0,0,0,0,1,9,0,9
22,Chhattisgarh,Narayanpur,2,0,0,0,0,0,0,0,0,0,0,0,0,0,0,0,0,0,0,0,0,0,0,0,0,0,0,0,2,0,2,0,0,0,0,0,0,0,0,0,0,0,0,0,0,0,2,0,2
23,Chhattisgarh,Raigarh,15,1,0,2,0,0,0,0,0,4,2,2,0,0,0,0,2,0,0,0,0,0,0,0,0,0,0,0,8,5,3,0,0,0,0,0,0,0,0,0,0,0,0,0,0,0,15,0,15
24,Chhattisgarh,Raipur,22,4,0,0,1,1,0,0,0,0,0,0,0,0,0,0,0,0,0,0,0,0,0,0,0,0,0,0,14,7,7,0,0,0,0,0,0,0,0,3,0,0,0,0,0,0,22,0,22
25,Chhattisgarh,Rajnandgaon,0,0,0,0,0,0,0,0,0,0,0,0,0,0,0,0,0,0,0,0,0,0,0,0,0,0,0,0,0,0,0,0,0,0,0,0,0,0,0,0,0,0,0,0,0,0,0,0,0
26,Chhattisgarh,Sarguja,7,0,0,0,0,0,0,0,0,0,0,0,0,0,0,0,0,0,0,0,0,0,0,0,0,0,0,0,2,2,0,0,0,0,0,0,0,0,0,5,0,0,0,0,0,0,7,0,7
27,Chhattisgarh,Sukma,3,0,0,0,0,0,0,0,0,1,1,1,0,0,0,0,0,0,1,1,1,0,0,0,0,0,0,0,1,1,0,0,0,0,0,0,0,0,0,0,0,0,0,0,0,0,3,0,3
28,Chhattisgarh,Surajpur,18,1,0,7,1,1,0,0,0,2,1,1,0,0,0,0,1,0,0,0,0,0,0,0,0,0,0,0,3,1,2,0,2,0,0,0,0,1,0,1,0,0,0,0,0,0,18,0,18
29,Chhattisgarh,Gaurela-Pendra-Marwari,2,0,0,0,0,0,0,0,0,1,1,1,0,0,0,0,0,0,0,0,0,0,0,0,0,0,0,0,1,0,1,0,0,0,0,0,0,0,0,0,0,0,0,0,0,0,2,0,2
30,Chhattisgarh,Khairagarh - Chhuikhadan-Gandai,1,0,0,0,0,0,0,0,0,0,0,0,0,0,0,0,0,0,0,0,0,0,0,0,0,0,0,0,0,0,0,0,0,0,0,0,0,0,0,1,0,0,0,0,0,0,1,0,1
31,Chhattisgarh,Manendragarh-Chirmiri-Bharatpur,5,0,0,0,0,0,0,0,0,1,1,0,1,0,0,0,0,0,0,0,0,0,0,0,0,0,0,0,4,3,1,0,0,0,0,0,0,0,0,0,0,0,0,0,0,0,5,0,5
32,Chhattisgarh,Mohla-Manpur-Ambagarh Chouki,1,0,0,0,0,0,0,0,0,0,0,0,0,0,0,0,0,0,0,0,0,0,0,0,0,0,0,0,1,1,0,0,0,0,0,0,0,0,0,0,0,0,0,0,0,0,1,0,1
33,Chhattisgarh,Sakti,0,0,0,0,0,0,0,0,0,0,0,0,0,0,0,0,0,0,0,0,0,0,0,0,0,0,0,0,0,0,0,0,0,0,0,0,0,0,0,0,0,0,0,0,0,0,0,0,0
34,Chhattisgarh,Sarangarh-Bilaigarh,11,0,1,1,1,1,0,0,0,2,2,2,0,0,0,0,0,0,0,0,0,0,0,0,0,0,0,0,5,3,2,0,0,0,0,0,0,0,0,1,0,0,0,0,0,0,11,0,11
Total Districts,Total Districts,Total Districts,321,10,8,53,3,3,0,0,0,49,35,27,6,0,0,2,14,2,2,1,1,0,0,0,0,1,0,0,122,69,53,0,14,2,0,0,0,1,12,43,2,1,0,0,0,1,323,0,323
1,Goa,North Goa,4,0,0,0,0,0,0,0,0,0,0,0,0,0,0,0,0,2,0,0,0,0,0,0,0,0,0,0,0,0,0,0,0,0,0,0,0,0,2,0,4,2,0,0,0,2,8,0,8
2,Goa,South Goa,0,0,0,0,0,0,0,0,0,0,0,0,0,0,0,0,0,0,0,0,0,0,0,0,0,0,0,0,0,0,0,0,0,0,0,0,0,0,0,0,0,0,0,0,0,0,0,0,0
3,Goa,CID,0,0,0,0,0,0,0,0,0,0,0,0,0,0,0,0,0,0,0,0,0,0,0,0,0,0,0,0,0,0,0,0,0,0,0,0,0,0,0,0,0,0,0,0,0,0,0,0,0
Total Districts,Total Districts,Total Districts,4,0,0,0,0,0,0,0,0,0,0,0,0,0,0,0,0,2,0,0,0,0,0,0,0,0,0,0,0,0,0,0,0,0,0,0,0,0,2,0,4,2,0,0,0,2,8,0,8
1,Gujarat,Ahmedabad City,185,6,7,19,11,11,0,0,0,9,6,1,3,1,0,1,3,0,1,0,0,0,0,0,0,1,0,0,32,9,23,0,4,2,0,0,0,0,54,40,4,4,0,0,0,0,189,0,189
2,Gujarat,Ahmedabad Rural,53,2,0,0,7,7,0,0,0,0,0,0,0,0,0,0,0,0,0,0,0,0,0,0,0,0,0,0,7,2,5,0,0,0,0,0,0,0,0,37,17,0,0,0,0,17,70,0,70
3,Gujarat,Amreli,47,0,2,0,4,4,0,0,0,1,1,1,0,0,0,0,0,0,0,0,0,0,0,0,0,0,0,0,4,0,4,0,0,0,0,0,0,0,26,10,1,0,0,0,0,1,48,0,48
4,Gujarat,Anand,27,1,1,0,3,3,0,0,0,0,0,0,0,0,0,0,0,0,0,0,0,0,0,0,0,0,0,0,0,0,0,0,0,0,0,0,0,0,19,3,0,0,0,0,0,0,27,0,27
5,Gujarat,Arvalli,3,0,0,1,0,0,0,0,0,0,0,0,0,0,0,0,0,0,0,0,0,0,0,0,0,0,0,0,0,0,0,0,1,0,0,0,0,0,1,0,2,2,0,0,0,0,5,0,5
6,Gujarat,Banaskantha,71,0,0,0,8,8,0,0,0,6,6,6,0,0,0,0,0,0,3,3,0,3,0,0,0,0,0,0,5,5,0,0,3,1,0,0,0,0,25,20,1,0,0,0,0,1,72,0,72
7,Gujarat,Bharuch,19,0,2,1,1,1,0,0,0,2,1,1,0,0,0,0,1,0,0,0,0,0,0,0,0,0,0,0,0,0,0,0,2,0,0,0,0,0,10,1,0,0,0,0,0,0,19,0,19
8,Gujarat,Bhavnagar,22,0,0,3,3,3,0,0,0,1,1,0,0,0,0,1,0,0,0,0,0,0,0,0,0,0,0,0,2,1,1,0,0,0,0,0,0,0,12,1,15,15,0,0,0,0,37,0,37
9,Gujarat,Botad,22,0,0,1,2,2,0,0,0,1,1,0,0,1,0,0,0,0,0,0,0,0,0,0,0,0,0,0,2,0,2,0,0,0,0,0,0,0,14,2,2,2,0,0,0,0,24,0,24
10,Gujarat,Chhotaudepur,2,0,0,0,0,0,0,0,0,0,0,0,0,0,0,0,0,0,0,0,0,0,0,0,0,0,0,0,0,0,0,0,1,0,0,0,0,0,1,0,0,0,0,0,0,0,2,0,2
11,Gujarat,CID Crime,0,0,0,0,0,0,0,0,0,0,0,0,0,0,0,0,0,0,0,0,0,0,0,0,0,0,0,0,0,0,0,0,0,0,0,0,0,0,0,0,0,0,0,0,0,0,0,0,0
12,Gujarat,Dahod,3,0,0,0,0,0,0,0,0,0,0,0,0,0,0,0,0,0,0,0,0,0,0,0,0,0,0,0,0,0,0,0,0,0,0,0,0,0,3,0,0,0,0,0,0,0,3,0,3
13,Gujarat,Dang,0,0,0,0,0,0,0,0,0,0,0,0,0,0,0,0,0,0,0,0,0,0,0,0,0,0,0,0,0,0,0,0,0,0,0,0,0,0,0,0,0,0,0,0,0,0,0,0,0
14,Gujarat,Devbhumi Dwarka,17,0,0,3,3,3,0,0,0,0,0,0,0,0,0,0,0,0,0,0,0,0,0,0,0,0,0,0,0,0,0,0,0,0,0,0,0,0,5,6,0,0,0,0,0,0,17,0,17
15,Gujarat,Gandhinagar,47,0,0,23,2,2,0,0,0,1,1,1,0,0,0,0,0,0,2,0,0,0,0,0,0,2,0,0,7,3,4,0,1,0,0,0,0,1,8,2,0,0,0,0,0,0,47,0,47
16,Gujarat,Gir Somnath,23,0,0,0,2,2,0,0,0,0,0,0,0,0,0,0,0,0,2,0,0,0,0,0,0,2,0,0,2,1,1,0,1,1,0,0,0,0,15,0,5,0,0,0,1,4,28,0,28
17,Gujarat,Jamnagar,30,0,1,2,0,0,0,0,0,0,0,0,0,0,0,0,0,0,0,0,0,0,0,0,0,0,0,0,3,1,2,0,0,1,0,0,0,2,15,6,0,0,0,0,0,0,30,0,30
18,Gujarat,Junagadh,33,0,0,15,0,0,0,0,0,1,1,0,1,0,0,0,0,0,1,0,0,0,0,0,0,1,0,0,0,0,0,0,1,0,0,0,0,0,5,10,1,1,0,0,0,0,34,0,34
19,Gujarat,Kachchh East(G),18,0,0,3,0,0,0,0,0,1,1,0,0,0,0,1,0,0,0,0,0,0,0,0,0,0,0,0,0,0,0,0,0,0,0,0,0,0,2,12,1,1,0,0,0,0,19,0,19
20,Gujarat,Kachchh West(B),69,1,0,4,4,4,0,0,0,3,3,0,2,0,0,1,0,0,1,0,0,0,0,0,0,1,0,0,3,2,1,0,1,1,0,0,0,0,37,14,0,0,0,0,0,0,69,0,69
21,Gujarat,Kheda,64,1,0,0,2,2,0,0,0,2,2,2,0,0,0,0,0,0,3,0,0,0,0,0,0,3,0,0,6,3,3,0,1,0,0,0,0,2,33,14,2,2,0,0,0,0,66,0,66
22,Gujarat,Mahisagar,3,0,0,0,0,0,0,0,0,0,0,0,0,0,0,0,0,0,0,0,0,0,0,0,0,0,0,0,0,0,0,0,0,0,0,0,0,0,3,0,0,0,0,0,0,0,3,0,3
23,Gujarat,Mehsana,44,0,2,21,3,3,0,0,0,0,0,0,0,0,0,0,0,0,5,2,0,2,0,0,0,0,0,3,5,3,2,0,1,0,0,0,0,0,5,2,0,0,0,0,0,0,44,0,44
24,Gujarat,Morbi,23,0,1,1,3,3,0,0,0,4,4,0,0,0,0,4,0,0,0,0,0,0,0,0,0,0,0,0,7,3,4,0,2,0,0,0,0,0,4,1,6,5,0,0,0,1,29,0,29
25,Gujarat,Narmada,1,0,0,0,0,0,0,0,0,0,0,0,0,0,0,0,0,0,0,0,0,0,0,0,0,0,0,0,0,0,0,0,0,0,0,0,0,0,1,0,0,0,0,0,0,0,1,0,1
26,Gujarat,Navsari,2,0,0,0,1,1,0,0,0,0,0,0,0,0,0,0,0,0,0,0,0,0,0,0,0,0,0,0,0,0,0,0,0,0,0,0,0,0,1,0,0,0,0,0,0,0,2,0,2
27,Gujarat,Panchmahal,9,0,0,0,1,1,0,0,0,0,0,0,0,0,0,0,0,0,0,0,0,0,0,0,0,0,0,0,0,0,0,0,0,0,0,0,0,0,5,3,0,0,0,0,0,0,9,0,9
28,Gujarat,Patan,29,1,0,0,3,3,0,0,0,1,0,0,0,0,0,0,1,0,0,0,0,0,0,0,0,0,0,0,2,2,0,0,0,3,0,0,0,0,0,19,0,0,0,0,0,0,29,0,29
29,Gujarat,Porbandar,28,0,1,1,1,1,0,0,0,1,1,1,0,0,0,0,0,0,0,0,0,0,0,0,0,0,0,0,2,1,1,0,0,1,0,0,0,1,11,9,0,0,0,0,0,0,28,0,28
30,Gujarat,Rajkot City,62,2,2,32,7,7,0,0,0,1,1,1,0,0,0,0,0,0,0,0,0,0,0,0,0,0,0,0,8,4,4,0,3,2,0,0,0,0,4,1,3,0,0,0,0,3,65,0,65
31,Gujarat,Rajkot Rural,55,6,1,10,2,2,0,0,0,1,1,0,1,0,0,0,0,0,1,0,0,0,0,0,0,1,0,0,5,0,5,0,0,0,0,0,0,0,3,26,1,1,0,0,0,0,56,0,56
32,Gujarat,Sabarkantha,27,0,0,0,0,0,0,0,0,2,1,0,1,0,0,0,1,0,2,1,0,1,0,0,0,0,0,1,2,0,2,0,2,1,0,0,0,0,15,3,4,4,0,0,0,0,31,0,31
33,Gujarat,Surat City,34,2,4,3,2,2,0,0,0,5,3,3,0,0,0,0,2,0,0,0,0,0,0,0,0,0,0,0,7,3,4,0,0,0,0,0,0,0,8,3,0,0,0,0,0,0,34,0,34
34,Gujarat,Surat Rural,12,1,1,0,0,0,0,0,0,1,1,0,0,1,0,0,0,0,1,0,0,0,0,0,0,1,0,0,1,1,0,0,0,0,0,0,0,0,0,7,0,0,0,0,0,0,12,0,12
35,Gujarat,Surendranagar,50,3,1,0,9,9,0,0,0,2,1,1,0,0,0,0,1,0,0,0,0,0,0,0,0,0,0,0,7,0,7,0,0,0,0,0,0,0,16,12,0,0,0,0,0,0,50,0,50
36,Gujarat,Tapi,0,0,0,0,0,0,0,0,0,0,0,0,0,0,0,0,0,0,0,0,0,0,0,0,0,0,0,0,0,0,0,0,0,0,0,0,0,0,0,0,0,0,0,0,0,0,0,0,0
37,Gujarat,Vadodara City,33,2,2,9,2,2,0,0,0,5,5,0,3,0,0,2,0,0,0,0,0,0,0,0,0,0,0,0,5,4,1,0,0,0,0,0,0,0,8,0,0,0,0,0,0,0,33,0,33
38,Gujarat,Vadodara Rural,41,2,0,7,2,2,0,0,0,1,1,0,0,0,0,1,0,0,0,0,0,0,0,0,0,0,0,0,4,2,2,0,0,0,0,0,0,0,20,5,0,0,0,0,0,0,41,0,41
39,Gujarat,Valsad,2,0,0,0,1,1,0,0,0,0,0,0,0,0,0,0,0,0,0,0,0,0,0,0,0,0,0,0,0,0,0,0,0,0,0,0,0,0,1,0,0,0,0,0,0,0,2,0,2
40,Gujarat,W.Rly Ahmedabad,2,0,0,0,0,0,0,0,0,1,1,0,0,1,0,0,0,0,0,0,0,0,0,0,0,0,0,0,0,0,0,0,0,0,0,0,0,0,0,1,0,0,0,0,0,0,2,0,2
41,Gujarat,W.Rly Vadodara,2,0,1,0,0,0,0,0,0,0,0,0,0,0,0,0,0,0,0,0,0,0,0,0,0,0,0,0,1,0,1,0,0,0,0,0,0,0,0,0,0,0,0,0,0,0,2,0,2
42,Gujarat,Cyber Ahmedabad Range,0,0,0,0,0,0,0,0,0,0,0,0,0,0,0,0,0,0,0,0,0,0,0,0,0,0,0,0,0,0,0,0,0,0,0,0,0,0,0,0,0,0,0,0,0,0,0,0,0
43,Gujarat,Cyber Bhavnagar Range,0,0,0,0,0,0,0,0,0,0,0,0,0,0,0,0,0,0,0,0,0,0,0,0,0,0,0,0,0,0,0,0,0,0,0,0,0,0,0,0,0,0,0,0,0,0,0,0,0
44,Gujarat,Cyber Border Range,0,0,0,0,0,0,0,0,0,0,0,0,0,0,0,0,0,0,0,0,0,0,0,0,0,0,0,0,0,0,0,0,0,0,0,0,0,0,0,0,0,0,0,0,0,0,0,0,0
45,Gujarat,Cyber Gandhinagar Range,0,0,0,0,0,0,0,0,0,0,0,0,0,0,0,0,0,0,0,0,0,0,0,0,0,0,0,0,0,0,0,0,0,0,0,0,0,0,0,0,0,0,0,0,0,0,0,0,0
46,Gujarat,Cyber Junagadh Range,0,0,0,0,0,0,0,0,0,0,0,0,0,0,0,0,0,0,0,0,0,0,0,0,0,0,0,0,0,0,0,0,0,0,0,0,0,0,0,0,0,0,0,0,0,0,0,0,0
47,Gujarat,Cyber Panchmahal Range,0,0,0,0,0,0,0,0,0,0,0,0,0,0,0,0,0,0,0,0,0,0,0,0,0,0,0,0,0,0,0,0,0,0,0,0,0,0,0,0,0,0,0,0,0,0,0,0,0
48,Gujarat,Cyber Rajkot Range,0,0,0,0,0,0,0,0,0,0,0,0,0,0,0,0,0,0,0,0,0,0,0,0,0,0,0,0,0,0,0,0,0,0,0,0,0,0,0,0,0,0,0,0,0,0,0,0,0
49,Gujarat,Cyber Surat Range,0,0,0,0,0,0,0,0,0,0,0,0,0,0,0,0,0,0,0,0,0,0,0,0,0,0,0,0,0,0,0,0,0,0,0,0,0,0,0,0,0,0,0,0,0,0,0,0,0
50,Gujarat,Cyber Vadodara Range,0,0,0,0,0,0,0,0,0,0,0,0,0,0,0,0,0,0,0,0,0,0,0,0,0,0,0,0,0,0,0,0,0,0,0,0,0,0,0,0,0,0,0,0,0,0,0,0,0
Total Districts,Total Districts,Total Districts,1214,30,29,159,89,89,0,0,0,53,44,18,11,4,0,11,9,0,22,6,0,6,0,0,0,12,0,4,129,50,79,0,24,13,0,0,0,6,390,270,65,37,0,0,1,27,1279,0,1279
1,Haryana,Ambala,49,0,0,0,3,3,0,0,0,12,10,5,3,0,0,2,2,1,0,0,0,0,0,0,0,0,0,0,7,4,3,0,0,0,0,0,0,0,12,14,2,0,0,0,0,2,51,0,51
2,Haryana,Bhiwani,71,1,1,7,0,0,0,0,0,11,5,0,4,0,0,1,6,0,1,0,0,0,0,0,0,0,0,1,12,9,3,0,9,0,0,0,0,0,9,20,1,0,0,0,0,1,72,0,72
3,Haryana,Faridabad,72,2,0,2,2,2,0,0,0,12,7,0,4,1,0,2,5,0,3,0,0,0,0,0,0,1,0,2,15,8,7,1,7,0,0,0,0,0,14,14,2,0,0,0,0,2,74,0,74
4,Haryana,Fatehabad,74,1,3,4,1,1,0,0,0,13,10,1,6,2,0,1,3,1,2,0,0,0,0,0,0,0,1,1,20,9,11,0,1,0,0,0,0,0,19,9,6,0,0,0,0,6,80,0,80
5,Haryana,GRP,5,0,1,1,0,0,0,0,0,1,1,0,1,0,0,0,0,0,0,0,0,0,0,0,0,0,0,0,0,0,0,0,0,0,0,0,0,0,0,2,0,0,0,0,0,0,5,0,5
6,Haryana,Gurugram,51,2,0,2,0,0,0,0,0,7,5,1,3,1,0,0,2,2,0,0,0,0,0,0,0,0,0,0,11,7,4,0,5,0,0,0,0,0,14,8,5,5,0,0,0,0,56,0,56
7,Haryana,Hissar,288,6,1,7,2,2,0,0,0,48,40,4,24,6,1,5,8,2,5,0,0,0,0,0,0,0,1,4,28,18,10,0,16,1,0,0,0,1,100,71,31,5,0,1,0,25,319,0,319
8,Haryana,Jhajjar,55,3,0,3,0,0,0,0,0,11,10,3,2,3,0,2,1,1,2,0,0,0,0,0,0,1,0,1,9,3,6,0,3,1,0,0,0,0,13,9,5,5,0,0,0,0,60,0,60
9,Haryana,Jind,40,0,1,1,0,0,0,0,0,6,4,2,0,2,0,0,2,0,3,0,0,0,0,0,0,0,0,3,6,3,3,0,0,0,0,0,0,0,4,19,7,0,0,0,0,7,47,0,47
10,Haryana,Kaithal,49,4,0,13,3,3,0,0,0,9,5,3,2,0,0,0,4,0,2,0,0,0,0,0,0,0,0,2,7,5,2,0,0,1,0,0,0,0,4,6,3,0,0,0,0,3,52,0,52
11,Haryana,Karnal,87,5,2,24,3,3,0,0,0,8,4,1,1,1,0,1,4,1,1,0,0,0,0,0,0,0,1,0,12,6,6,0,5,0,0,0,0,1,7,18,3,0,0,0,0,3,90,0,90
12,Haryana,Kurukshetra,66,1,1,9,4,4,0,0,0,13,9,3,3,2,0,1,4,1,3,0,0,0,0,0,0,2,1,0,16,13,3,2,0,0,0,0,0,0,3,13,13,0,0,0,0,13,79,0,79
13,Haryana,Mahendergarh,56,1,0,0,0,0,0,0,0,6,5,2,1,0,0,2,1,6,2,0,0,0,0,0,0,0,1,1,9,8,1,1,8,0,0,0,0,0,11,12,1,0,0,0,0,1,57,0,57
14,Haryana,Nuh,23,0,0,0,0,0,0,0,0,6,3,0,2,1,0,0,3,0,1,0,0,0,0,0,0,0,0,1,1,0,1,1,3,0,0,0,0,0,1,10,0,0,0,0,0,0,23,0,23
15,Haryana,Palwal,101,0,3,3,4,3,1,0,0,15,14,2,6,4,1,1,1,0,5,0,0,0,0,0,0,1,4,0,14,10,4,0,16,0,0,0,0,0,3,38,2,0,0,0,0,2,103,0,103
16,Haryana,Panchkula,20,0,0,10,0,0,0,0,0,2,1,1,0,0,0,0,1,1,0,0,0,0,0,0,0,0,0,0,0,0,0,0,0,0,0,0,0,0,7,0,0,0,0,0,0,0,20,0,20
17,Haryana,Panipat,63,1,1,28,0,0,0,0,0,7,7,4,1,1,1,0,0,0,0,0,0,0,0,0,0,0,0,0,5,0,5,0,4,1,0,0,0,0,9,7,4,4,0,0,0,0,67,0,67
18,Haryana,Rewari,61,5,4,1,0,0,0,0,0,10,6,1,3,1,0,1,4,0,1,0,0,0,0,0,0,0,0,1,12,8,4,1,7,0,0,0,0,0,7,13,0,0,0,0,0,0,61,0,61
19,Haryana,Rohtak,57,3,0,0,0,0,0,0,0,11,8,2,3,0,1,2,3,0,0,0,0,0,0,0,0,0,0,0,16,12,4,1,7,0,0,0,0,0,7,12,1,0,0,0,0,1,58,0,58
20,Haryana,Sirsa,51,3,0,2,0,0,0,0,0,14,9,0,9,0,0,0,5,1,5,1,1,0,0,0,0,0,3,1,11,9,2,0,0,0,0,0,0,0,6,9,2,0,0,0,0,2,53,0,53
21,Haryana,Sonipat,48,1,1,0,0,0,0,0,0,7,6,2,0,1,0,3,1,0,1,0,0,0,0,0,0,0,0,1,11,4,7,0,1,1,0,0,0,1,18,6,3,1,0,0,0,2,51,0,51
22,Haryana,Yamunanagar,58,2,0,1,2,2,0,0,0,11,7,2,2,1,0,2,4,1,2,0,0,0,0,0,0,1,0,1,11,8,3,0,0,0,0,0,0,0,18,10,4,0,0,0,0,4,62,0,62
23,Haryana,Irrigation & Power,0,0,0,0,0,0,0,0,0,0,0,0,0,0,0,0,0,0,0,0,0,0,0,0,0,0,0,0,0,0,0,0,0,0,0,0,0,0,0,0,0,0,0,0,0,0,0,0,0
24,Haryana,Charkhi Dadri,34,2,2,1,1,1,0,0,0,7,3,2,0,1,0,0,4,0,2,0,0,0,0,0,0,0,1,1,6,0,6,1,0,0,0,0,0,0,5,7,0,0,0,0,0,0,34,0,34
25,Haryana,Hansi,56,2,1,3,0,0,0,0,0,6,4,0,1,2,0,1,2,0,3,0,0,0,0,0,0,0,1,2,6,4,2,0,8,0,0,0,0,1,18,8,3,3,0,0,0,0,59,0,59
Total Districts,Total Districts,Total Districts,1535,45,22,122,25,24,1,0,0,253,183,41,81,30,4,27,70,18,44,1,1,0,0,0,0,6,14,23,245,148,97,8,100,5,0,0,0,4,309,335,98,23,0,1,0,74,1633,0,1633
1,Himachal Pradesh,Baddi,2,0,0,0,0,0,0,0,0,1,1,0,1,0,0,0,0,0,0,0,0,0,0,0,0,0,0,0,1,1,0,0,0,0,0,0,0,0,0,0,4,0,0,0,1,3,6,0,6
2,Himachal Pradesh,Bilaspur,0,0,0,0,0,0,0,0,0,0,0,0,0,0,0,0,0,0,0,0,0,0,0,0,0,0,0,0,0,0,0,0,0,0,0,0,0,0,0,0,14,14,0,0,0,0,14,0,14
3,Himachal Pradesh,Chamba,0,0,0,0,0,0,0,0,0,0,0,0,0,0,0,0,0,0,0,0,0,0,0,0,0,0,0,0,0,0,0,0,0,0,0,0,0,0,0,0,1,0,0,0,0,1,1,0,1
4,Himachal Pradesh,CID,0,0,0,0,0,0,0,0,0,0,0,0,0,0,0,0,0,0,0,0,0,0,0,0,0,0,0,0,0,0,0,0,0,0,0,0,0,0,0,0,0,0,0,0,0,0,0,0,0
5,Himachal Pradesh,GRP,0,0,0,0,0,0,0,0,0,0,0,0,0,0,0,0,0,0,0,0,0,0,0,0,0,0,0,0,0,0,0,0,0,0,0,0,0,0,0,0,0,0,0,0,0,0,0,0,0
6,Himachal Pradesh,Hamirpur,2,0,0,0,0,0,0,0,0,2,1,1,0,0,0,0,1,0,0,0,0,0,0,0,0,0,0,0,0,0,0,0,0,0,0,0,0,0,0,0,35,20,15,0,0,0,37,0,37
7,Himachal Pradesh,Kangra,0,0,0,0,0,0,0,0,0,0,0,0,0,0,0,0,0,0,0,0,0,0,0,0,0,0,0,0,0,0,0,0,0,0,0,0,0,0,0,0,30,0,0,0,0,30,30,0,30
8,Himachal Pradesh,Kinnaur,0,0,0,0,0,0,0,0,0,0,0,0,0,0,0,0,0,0,0,0,0,0,0,0,0,0,0,0,0,0,0,0,0,0,0,0,0,0,0,0,2,2,0,0,0,0,2,1,3
9,Himachal Pradesh,Kullu,2,0,0,0,0,0,0,0,0,1,0,0,0,0,0,0,1,0,0,0,0,0,0,0,0,0,0,0,1,0,1,0,0,0,0,0,0,0,0,0,12,11,0,0,0,1,14,0,14
10,Himachal Pradesh,Lahaul & Spiti,0,0,0,0,0,0,0,0,0,0,0,0,0,0,0,0,0,0,0,0,0,0,0,0,0,0,0,0,0,0,0,0,0,0,0,0,0,0,0,0,0,0,0,0,0,0,0,0,0
11,Himachal Pradesh,Mandi,6,1,1,0,0,0,0,0,0,1,1,0,1,0,0,0,0,0,0,0,0,0,0,0,0,0,0,0,3,3,0,0,0,0,0,0,0,0,0,0,45,12,0,0,0,33,51,0,51
12,Himachal Pradesh,Shimla,0,0,0,0,0,0,0,0,0,0,0,0,0,0,0,0,0,0,0,0,0,0,0,0,0,0,0,0,0,0,0,0,0,0,0,0,0,0,0,0,18,0,18,0,0,0,18,0,18
13,Himachal Pradesh,Sirmaur,0,0,0,0,0,0,0,0,0,0,0,0,0,0,0,0,0,0,0,0,0,0,0,0,0,0,0,0,0,0,0,0,0,0,0,0,0,0,0,0,8,8,0,0,0,0,8,0,8
14,Himachal Pradesh,Solan,1,0,0,0,0,0,0,0,0,1,0,0,0,0,0,0,1,0,0,0,0,0,0,0,0,0,0,0,0,0,0,0,0,0,0,0,0,0,0,0,6,0,0,0,0,6,7,0,7
15,Himachal Pradesh,Una,5,0,0,0,0,0,0,0,0,0,0,0,0,0,0,0,0,0,0,0,0,0,0,0,0,0,0,0,3,3,0,0,0,0,0,0,0,0,0,2,16,16,0,0,0,0,21,0,21
16,Himachal Pradesh,Cyber,0,0,0,0,0,0,0,0,0,0,0,0,0,0,0,0,0,0,0,0,0,0,0,0,0,0,0,0,0,0,0,0,0,0,0,0,0,0,0,0,0,0,0,0,0,0,0,0,0
Total Districts,Total Districts,Total Districts,18,1,1,0,0,0,0,0,0,6,3,1,2,0,0,0,3,0,0,0,0,0,0,0,0,0,0,0,8,7,1,0,0,0,0,0,0,0,0,2,191,83,33,0,1,74,209,1,210
1,Jharkhand,Bokaro,48,0,0,35,10,10,0,0,0,0,0,0,0,0,0,0,0,0,0,0,0,0,0,0,0,0,0,0,3,3,0,0,0,0,0,0,0,0,0,0,41,0,0,0,0,41,89,0,89
2,Jharkhand,Chaibasa,0,0,0,0,0,0,0,0,0,0,0,0,0,0,0,0,0,0,0,0,0,0,0,0,0,0,0,0,0,0,0,0,0,0,0,0,0,0,0,0,6,0,0,0,0,6,6,0,6
3,Jharkhand,Chatra,0,0,0,0,0,0,0,0,0,0,0,0,0,0,0,0,0,0,0,0,0,0,0,0,0,0,0,0,0,0,0,0,0,0,0,0,0,0,0,0,25,0,0,0,0,25,25,0,25
4,Jharkhand,Deoghar,0,0,0,0,0,0,0,0,0,0,0,0,0,0,0,0,0,0,0,0,0,0,0,0,0,0,0,0,0,0,0,0,0,0,0,0,0,0,0,0,61,61,0,0,0,0,61,0,61
5,Jharkhand,Dhanbad,63,0,0,0,0,0,0,0,0,5,5,4,1,0,0,0,0,0,0,0,0,0,0,0,0,0,0,0,2,2,0,2,12,0,0,0,0,0,0,42,0,0,0,0,0,0,63,0,63
6,Jharkhand,Dhanbad Railway,0,0,0,0,0,0,0,0,0,0,0,0,0,0,0,0,0,0,0,0,0,0,0,0,0,0,0,0,0,0,0,0,0,0,0,0,0,0,0,0,0,0,0,0,0,0,0,0,0
7,Jharkhand,Dumka,0,0,0,0,0,0,0,0,0,0,0,0,0,0,0,0,0,0,0,0,0,0,0,0,0,0,0,0,0,0,0,0,0,0,0,0,0,0,0,0,14,14,0,0,0,0,14,0,14
8,Jharkhand,Garhwa,55,0,0,0,0,0,0,0,0,0,0,0,0,0,0,0,0,0,0,0,0,0,0,0,0,0,0,0,0,0,0,0,0,0,0,0,0,0,0,55,0,0,0,0,0,0,55,0,55
9,Jharkhand,Giridih,69,0,6,32,10,10,0,0,0,0,0,0,0,0,0,0,0,0,1,0,0,0,0,0,1,0,0,0,3,3,0,1,16,0,0,0,0,0,0,0,5,0,0,0,0,5,74,0,74
10,Jharkhand,Godda,22,0,0,21,0,0,0,0,0,0,0,0,0,0,0,0,0,0,0,0,0,0,0,0,0,0,0,0,1,1,0,0,0,0,0,0,0,0,0,0,0,0,0,0,0,0,22,0,22
11,Jharkhand,Gumla,0,0,0,0,0,0,0,0,0,0,0,0,0,0,0,0,0,0,0,0,0,0,0,0,0,0,0,0,0,0,0,0,0,0,0,0,0,0,0,0,0,0,0,0,0,0,0,0,0
12,Jharkhand,Hazaribagh,81,0,2,29,5,5,0,0,0,6,6,5,0,1,0,0,0,0,0,0,0,0,0,0,0,0,0,0,1,1,0,3,22,0,0,0,0,1,2,10,0,0,0,0,0,0,81,0,81
13,Jharkhand,Jamshedpur,19,0,0,0,0,0,0,0,0,0,0,0,0,0,0,0,0,0,0,0,0,0,0,0,0,0,0,0,0,0,0,0,0,0,0,0,0,0,0,19,0,0,0,0,0,0,19,0,19
14,Jharkhand,Jamshedpur Railway,0,0,0,0,0,0,0,0,0,0,0,0,0,0,0,0,0,0,0,0,0,0,0,0,0,0,0,0,0,0,0,0,0,0,0,0,0,0,0,0,0,0,0,0,0,0,0,0,0
15,Jharkhand,Jamtara,0,0,0,0,0,0,0,0,0,0,0,0,0,0,0,0,0,0,0,0,0,0,0,0,0,0,0,0,0,0,0,0,0,0,0,0,0,0,0,0,8,0,0,0,0,8,8,0,8
16,Jharkhand,Khunti,0,0,0,0,0,0,0,0,0,0,0,0,0,0,0,0,0,0,0,0,0,0,0,0,0,0,0,0,0,0,0,0,0,0,0,0,0,0,0,0,0,0,0,0,0,0,0,0,0
17,Jharkhand,Koderma,0,0,0,0,0,0,0,0,0,0,0,0,0,0,0,0,0,0,0,0,0,0,0,0,0,0,0,0,0,0,0,0,0,0,0,0,0,0,0,0,25,25,0,0,0,0,25,0,25
18,Jharkhand,Latehar,13,0,3,2,0,0,0,0,0,2,2,2,0,0,0,0,0,0,0,0,0,0,0,0,0,0,0,0,0,0,0,0,0,0,0,0,0,0,4,2,0,0,0,0,0,0,13,0,13
19,Jharkhand,Lohardagga,0,0,0,0,0,0,0,0,0,0,0,0,0,0,0,0,0,0,0,0,0,0,0,0,0,0,0,0,0,0,0,0,0,0,0,0,0,0,0,0,0,0,0,0,0,0,0,0,0
20,Jharkhand,Pakur,0,0,0,0,0,0,0,0,0,0,0,0,0,0,0,0,0,0,0,0,0,0,0,0,0,0,0,0,0,0,0,0,0,0,0,0,0,0,0,0,9,9,0,0,0,0,9,0,9
21,Jharkhand,Palamu,68,0,9,3,7,7,0,0,0,14,14,10,1,3,0,0,0,0,0,0,0,0,0,0,0,0,0,0,2,2,0,2,4,0,0,0,0,0,0,27,2,0,0,0,0,2,70,0,70
22,Jharkhand,Ramgarh,4,0,1,1,1,1,0,0,0,1,1,1,0,0,0,0,0,0,0,0,0,0,0,0,0,0,0,0,0,0,0,0,0,0,0,0,0,0,0,0,1,0,0,0,0,1,5,0,5
23,Jharkhand,Ranchi,0,0,0,0,0,0,0,0,0,0,0,0,0,0,0,0,0,0,0,0,0,0,0,0,0,0,0,0,0,0,0,0,0,0,0,0,0,0,0,0,29,0,7,0,11,11,29,0,29
24,Jharkhand,Sahebganj,0,0,0,0,0,0,0,0,0,0,0,0,0,0,0,0,0,0,0,0,0,0,0,0,0,0,0,0,0,0,0,0,0,0,0,0,0,0,0,0,0,0,0,0,0,0,0,0,0
25,Jharkhand,Saraikela,0,0,0,0,0,0,0,0,0,0,0,0,0,0,0,0,0,0,0,0,0,0,0,0,0,0,0,0,0,0,0,0,0,0,0,0,0,0,0,0,5,0,0,0,0,5,5,0,5
26,Jharkhand,Simdega,1,0,0,1,0,0,0,0,0,0,0,0,0,0,0,0,0,0,0,0,0,0,0,0,0,0,0,0,0,0,0,0,0,0,0,0,0,0,0,0,0,0,0,0,0,0,1,0,1
Total Districts,Total Districts,Total Districts,443,0,21,124,33,33,0,0,0,28,28,22,2,4,0,0,0,0,1,0,0,0,0,0,1,0,0,0,12,12,0,8,54,0,0,0,0,1,6,155,231,109,7,0,11,104,674,0,674
1,Karnataka,Bagalkot,57,1,4,6,0,0,0,0,0,8,8,2,0,6,0,0,0,0,0,0,0,0,0,0,0,0,0,0,7,3,4,0,9,0,0,0,0,0,8,14,1,1,0,0,0,0,58,0,58
2,Karnataka,Bengaluru City,219,8,8,29,4,3,1,0,0,27,26,18,3,4,0,1,1,0,0,0,0,0,0,0,0,0,0,0,24,7,17,0,2,1,0,0,0,0,67,49,12,10,0,0,0,2,231,0,231
3,Karnataka,Bengaluru District,86,8,4,21,0,0,0,0,0,14,14,14,0,0,0,0,0,0,0,0,0,0,0,0,0,0,0,0,5,2,3,0,0,0,0,0,0,0,14,20,2,2,0,0,0,0,88,0,88
4,Karnataka,Belagavi District,78,2,11,19,3,3,0,0,0,14,14,9,0,5,0,0,0,0,0,0,0,0,0,0,0,0,0,0,12,2,10,0,1,0,0,0,0,0,7,9,0,0,0,0,0,0,78,0,78
5,Karnataka,Ballari,20,0,2,1,0,0,0,0,0,1,1,1,0,0,0,0,0,0,1,0,0,0,0,0,0,0,0,1,4,2,2,0,3,2,0,0,0,0,6,0,0,0,0,0,0,0,20,0,20
6,Karnataka,Bidar,37,0,1,20,0,0,0,0,0,1,1,1,0,0,0,0,0,0,2,2,0,2,0,0,0,0,0,0,3,0,3,0,1,1,0,0,0,0,0,8,0,0,0,0,0,0,37,0,37
7,Karnataka,Vijayapura,71,3,1,19,0,0,0,0,0,7,7,7,0,0,0,0,0,0,2,0,0,0,0,0,0,0,0,2,4,2,2,0,19,0,0,0,0,0,0,16,0,0,0,0,0,0,71,0,71
8,Karnataka,Chikkaballapura,62,1,0,17,0,0,0,0,0,8,8,8,0,0,0,0,0,0,0,0,0,0,0,0,0,0,0,0,9,2,7,0,14,0,0,0,0,0,2,11,0,0,0,0,0,0,62,0,62
9,Karnataka,Chamarajnagar,19,0,3,1,0,0,0,0,0,5,4,2,2,0,0,0,1,0,0,0,0,0,0,0,0,0,0,0,2,1,1,0,1,0,0,0,0,0,3,4,2,0,0,0,0,2,21,0,21
10,Karnataka,Chikkamagaluru,95,1,3,24,1,1,0,0,0,21,18,16,1,1,0,0,3,0,1,1,1,0,0,0,0,0,0,0,5,3,2,0,7,0,0,0,0,0,27,5,1,1,0,0,0,0,96,1,97
11,Karnataka,Chitradurga,48,2,5,2,0,0,0,0,0,15,15,6,2,7,0,0,0,0,1,0,0,0,0,0,0,1,0,0,5,2,3,0,1,0,0,0,0,0,5,12,0,0,0,0,0,0,48,4,52
12,Karnataka,Dakshina Kannada,29,1,1,11,1,1,0,0,0,7,5,4,0,0,0,1,2,0,0,0,0,0,0,0,0,0,0,0,3,1,2,0,0,1,0,0,0,0,1,3,2,1,0,0,1,0,31,0,31
13,Karnataka,Davanagere,46,1,6,19,0,0,0,0,0,9,9,3,3,3,0,0,0,0,0,0,0,0,0,0,0,0,0,0,3,1,2,0,3,0,0,0,0,0,5,0,6,0,0,0,0,6,52,0,52
14,Karnataka,Dharwad,27,2,4,6,0,0,0,0,0,6,6,6,0,0,0,0,0,0,0,0,0,0,0,0,0,0,0,0,4,0,4,0,4,0,0,0,0,0,1,0,1,1,0,0,0,0,28,0,28
15,Karnataka,Gadag,35,0,2,15,0,0,0,0,0,4,4,4,0,0,0,0,0,0,0,0,0,0,0,0,0,0,0,0,2,2,0,0,9,0,0,0,0,0,2,1,0,0,0,0,0,0,35,0,35
16,Karnataka,Kalaburgi,61,6,7,4,2,2,0,0,0,7,6,6,0,0,0,0,1,0,1,1,0,1,0,0,0,0,0,0,4,3,1,0,13,1,0,0,0,0,13,3,0,0,0,0,0,0,61,0,61
17,Karnataka,Hassan,99,4,7,12,3,3,0,0,0,21,15,15,0,0,0,0,6,0,0,0,0,0,0,0,0,0,0,0,6,1,5,0,5,1,0,0,0,0,38,2,2,2,0,0,0,0,101,0,101
18,Karnataka,Haveri,41,4,1,3,0,0,0,0,0,13,12,12,0,0,0,0,1,0,1,1,0,1,0,0,0,0,0,0,3,0,3,0,6,0,1,0,1,0,7,2,1,0,0,0,0,1,42,0,42
19,Karnataka,Hubballi Dharwad City,43,0,3,8,0,0,0,0,0,3,3,3,0,0,0,0,0,0,0,0,0,0,0,0,0,0,0,0,3,3,0,0,0,0,0,0,0,0,3,23,1,0,0,0,0,1,44,0,44
20,Karnataka,K.G.F.,21,0,1,1,1,1,0,0,0,1,1,1,0,0,0,0,0,0,0,0,0,0,0,0,0,0,0,0,2,0,2,0,1,0,0,0,0,0,7,7,0,0,0,0,0,0,21,0,21
21,Karnataka,Kodagu,24,0,4,6,0,0,0,0,0,3,3,3,0,0,0,0,0,0,0,0,0,0,0,0,0,0,0,0,3,3,0,0,1,0,0,0,0,0,0,7,0,0,0,0,0,0,24,0,24
22,Karnataka,Kolar,67,1,8,3,3,3,0,0,0,11,11,11,0,0,0,0,0,0,0,0,0,0,0,0,0,0,0,0,6,3,3,0,7,0,0,0,0,0,17,11,0,0,0,0,0,0,67,0,67
23,Karnataka,Koppal,29,0,6,3,1,1,0,0,0,1,1,1,0,0,0,0,0,0,0,0,0,0,0,0,0,0,0,0,3,1,2,0,6,0,0,0,0,0,0,9,0,0,0,0,0,0,29,0,29
24,Karnataka,Mandya,59,2,3,7,2,2,0,0,0,9,8,3,1,4,0,0,1,1,0,0,0,0,0,0,0,0,0,0,4,2,2,0,15,0,0,0,0,0,0,16,1,1,0,0,0,0,60,0,60
25,Karnataka,Mangaluru City,15,0,1,5,0,0,0,0,0,0,0,0,0,0,0,0,0,0,0,0,0,0,0,0,0,0,0,0,0,0,0,0,0,0,0,0,0,0,6,3,2,2,0,0,0,0,17,0,17
26,Karnataka,Mysuru City,16,1,0,3,0,0,0,0,0,2,1,1,0,0,0,0,1,0,0,0,0,0,0,0,0,0,0,0,5,4,1,0,0,0,0,0,0,0,4,1,1,1,0,0,0,0,17,0,17
27,Karnataka,Mysuru District,41,0,2,13,0,0,0,0,0,4,3,3,0,0,0,0,1,1,0,0,0,0,0,0,0,0,0,0,6,2,4,0,8,1,0,0,0,0,0,6,1,1,0,0,0,0,42,0,42
28,Karnataka,Raichur,60,2,12,9,2,2,0,0,0,8,8,8,0,0,0,0,0,0,0,0,0,0,0,0,0,0,0,0,8,3,5,0,0,0,0,0,0,0,15,4,0,0,0,0,0,0,60,0,60
29,Karnataka,K.Railways,0,0,0,0,0,0,0,0,0,0,0,0,0,0,0,0,0,0,0,0,0,0,0,0,0,0,0,0,0,0,0,0,0,0,0,0,0,0,0,0,0,0,0,0,0,0,0,0,0
30,Karnataka,Ramanagara,68,2,3,7,3,3,0,0,0,11,10,10,0,0,0,0,1,0,0,0,0,0,0,0,0,0,0,0,8,2,6,0,3,0,0,0,0,0,28,3,0,0,0,0,0,0,68,0,68
31,Karnataka,Shimoga,101,1,10,8,2,2,0,0,0,17,17,14,0,3,0,0,0,0,0,0,0,0,0,0,0,0,0,0,18,2,16,0,10,1,0,0,0,0,19,15,1,0,0,0,0,1,102,0,102
32,Karnataka,Tumakuru,84,11,3,42,4,4,0,0,0,6,6,3,1,2,0,0,0,0,0,0,0,0,0,0,0,0,0,0,10,1,9,0,8,0,0,0,0,0,0,0,0,0,0,0,0,0,84,0,84
33,Karnataka,Udupi,40,0,1,5,0,0,0,0,0,5,5,3,2,0,0,0,0,0,0,0,0,0,0,0,0,0,0,0,2,1,1,0,3,0,0,0,0,0,20,4,4,1,0,0,0,3,44,0,44
34,Karnataka,Uttara Kannada,15,0,2,3,0,0,0,0,0,0,0,0,0,0,0,0,0,1,0,0,0,0,0,0,0,0,0,0,2,1,1,0,1,0,0,0,0,0,4,2,1,1,0,0,0,0,16,0,16
35,Karnataka,Yadgiri,40,2,1,10,3,3,0,0,0,9,9,7,2,0,0,0,0,0,0,0,0,0,0,0,0,0,0,0,6,2,4,0,2,0,0,0,0,1,3,3,0,0,0,0,0,0,40,0,40
36,Karnataka,Belagavi City,17,0,2,3,1,1,0,0,0,1,1,1,0,0,0,0,0,0,2,2,0,2,0,0,0,0,0,0,2,0,2,0,1,0,1,0,1,0,3,1,0,0,0,0,0,0,17,0,17
37,Karnataka,Kalaburgi City,42,6,7,5,1,1,0,0,0,3,3,3,0,0,0,0,0,0,0,0,0,0,0,0,0,0,0,0,3,1,2,0,2,0,0,0,0,0,1,14,0,0,0,0,0,0,42,0,42
38,Karnataka,Vijayanagara,18,0,1,4,0,0,0,0,0,1,1,1,0,0,0,0,0,0,0,0,0,0,0,0,0,0,0,0,8,2,6,0,0,0,0,0,0,0,3,1,0,0,0,0,0,0,18,0,18
Total Districts,Total Districts,Total Districts,1930,72,140,374,37,36,1,0,0,283,264,210,17,35,0,2,19,3,11,7,1,6,0,0,0,1,0,3,204,67,137,0,166,9,2,0,2,1,339,289,42,25,0,0,1,16,1972,5,1977
1,Kerala,All Districts,60,1,2,18,3,3,0,0,0,15,9,4,5,0,0,0,6,0,0,0,0,0,0,0,0,0,0,0,8,3,5,0,2,0,0,0,0,0,5,6,3,3,0,0,0,0,63,0,63
2,Kerala,Alapuzha,77,0,2,7,9,9,0,0,0,17,13,12,1,0,0,0,4,1,1,0,0,0,0,0,0,0,0,1,9,4,5,0,1,0,0,0,0,0,0,30,0,0,0,0,0,0,77,0,77
3,Kerala,Ernakulam Commr.,21,0,0,3,0,0,0,0,0,6,4,2,2,0,0,0,2,0,1,1,0,1,0,0,0,0,0,0,6,5,1,1,0,0,0,0,0,1,1,2,1,1,0,0,0,0,22,0,22
4,Kerala,Ernakulam Rural,86,2,1,12,6,6,0,0,0,22,20,18,1,1,0,0,2,1,1,1,0,1,0,0,0,0,0,0,18,16,2,0,0,0,0,0,0,0,1,22,2,1,0,0,0,1,88,0,88
5,Kerala,Idukki,61,2,2,20,2,2,0,0,0,13,11,7,2,1,0,1,2,1,0,0,0,0,0,0,0,0,0,0,8,4,4,2,1,0,0,0,0,0,1,9,0,0,0,0,0,0,61,0,61
6,Kerala,Kannur City,8,0,0,0,2,2,0,0,0,2,2,1,1,0,0,0,0,0,0,0,0,0,0,0,0,0,0,0,0,0,0,0,1,0,0,0,0,0,0,3,2,1,0,0,0,1,10,0,10
7,Kerala,Kasargod,12,1,0,3,1,1,0,0,0,5,3,1,2,0,0,0,2,1,0,0,0,0,0,0,0,0,0,0,0,0,0,0,0,0,0,0,0,0,0,1,1,0,1,0,0,0,13,0,13
8,Kerala,Kollam Commr.,51,0,0,11,2,2,0,0,0,6,0,0,0,0,0,0,6,2,0,0,0,0,0,0,0,0,0,0,8,2,6,0,0,0,0,0,0,0,7,15,2,2,0,0,0,0,53,0,53
9,Kerala,Kollam Rural,83,2,4,22,7,7,0,0,0,25,13,5,6,2,0,0,12,0,0,0,0,0,0,0,0,0,0,0,16,4,12,0,0,0,0,0,0,0,0,7,0,0,0,0,0,0,83,0,83
10,Kerala,Kottayam,60,0,0,6,4,4,0,0,0,24,17,4,13,0,0,0,7,0,1,1,0,1,0,0,0,0,0,0,9,4,5,0,0,0,0,0,0,0,0,16,6,6,0,0,0,0,66,0,66
11,Kerala,Kozhikode Commr.,26,0,1,6,0,0,0,0,0,4,4,2,2,0,0,0,0,0,1,0,0,0,0,0,0,0,1,0,5,1,4,0,1,0,0,0,0,0,0,8,1,1,0,0,0,0,27,0,27
12,Kerala,Kozhikode Rural,53,0,1,17,1,1,0,0,0,18,13,10,1,1,0,1,5,0,0,0,0,0,0,0,0,0,0,0,9,6,3,0,3,0,0,0,0,0,2,2,0,0,0,0,0,0,53,0,53
13,Kerala,Malappuram,65,0,2,19,7,7,0,0,0,21,13,8,3,1,1,0,8,0,0,0,0,0,0,0,0,0,0,0,13,7,6,0,0,0,0,0,0,0,0,3,1,1,0,0,0,0,66,0,66
14,Kerala,Palakkad,86,2,2,28,2,2,0,0,0,18,8,4,3,1,0,0,10,0,2,2,0,2,0,0,0,0,0,0,17,5,12,0,3,0,0,0,0,0,6,6,0,0,0,0,0,0,86,0,86
15,Kerala,Pathanamthitta,52,1,1,14,1,1,0,0,0,14,5,3,1,1,0,0,9,1,0,0,0,0,0,0,0,0,0,0,14,3,11,0,0,0,0,0,0,0,1,5,1,0,0,0,0,1,53,0,53
16,Kerala,Railways,1,0,0,0,0,0,0,0,0,0,0,0,0,0,0,0,0,0,0,0,0,0,0,0,0,0,0,0,0,0,0,0,0,0,0,0,0,0,1,0,0,0,0,0,0,0,1,0,1
17,Kerala,Thrissur Rural,45,0,2,18,3,3,0,0,0,9,9,2,6,0,0,1,0,0,0,0,0,0,0,0,0,0,0,0,6,2,4,0,0,0,0,0,0,0,0,7,4,4,0,0,0,0,49,0,49
18,Kerala,Trivandrum Commr.,36,0,0,6,0,0,0,0,0,17,12,2,10,0,0,0,5,0,0,0,0,0,0,0,0,0,0,0,10,3,7,0,0,0,0,0,0,0,0,3,4,2,0,0,0,2,40,0,40
19,Kerala,Trivandrum Rural,117,0,3,19,9,9,0,0,0,9,9,8,0,0,0,1,0,0,0,0,0,0,0,0,0,0,0,0,32,9,23,0,0,0,0,0,0,0,7,38,0,0,0,0,0,0,117,0,117
20,Kerala,Wayanadu,14,0,0,2,2,2,0,0,0,4,3,3,0,0,0,0,1,1,0,0,0,0,0,0,0,0,0,0,3,3,0,0,0,0,0,0,0,0,0,2,1,1,0,0,0,0,15,0,15
21,Kerala,Crime Branch,0,0,0,0,0,0,0,0,0,0,0,0,0,0,0,0,0,0,0,0,0,0,0,0,0,0,0,0,0,0,0,0,0,0,0,0,0,0,0,0,0,0,0,0,0,0,0,0,0
22,Kerala,Kannur Rural,7,0,1,0,0,0,0,0,0,3,1,1,0,0,0,0,2,0,0,0,0,0,0,0,0,0,0,0,1,1,0,0,0,0,0,0,0,0,0,2,0,0,0,0,0,0,7,0,7
Total Districts,Total Districts,Total Districts,1021,11,24,231,61,61,0,0,0,252,169,97,59,8,1,4,83,8,7,5,0,5,0,0,0,0,1,1,192,82,110,3,12,0,0,0,0,1,32,187,29,23,1,0,0,5,1050,0,1050
1,Madhya Pradesh,Agar,26,0,0,24,0,0,0,0,0,0,0,0,0,0,0,0,0,0,0,0,0,0,0,0,0,0,0,0,1,0,1,0,0,0,0,0,0,0,0,1,0,0,0,0,0,0,26,0,26
2,Madhya Pradesh,Alirajpur,1,0,0,0,0,0,0,0,0,0,0,0,0,0,0,0,0,0,0,0,0,0,0,0,0,0,0,0,1,1,0,0,0,0,0,0,0,0,0,0,0,0,0,0,0,0,1,0,1
3,Madhya Pradesh,Anuppur,56,3,1,36,0,0,0,0,0,4,4,1,3,0,0,0,0,0,3,0,0,0,0,0,0,2,1,0,4,1,3,0,2,1,0,0,0,0,0,2,0,0,0,0,0,0,56,0,56
4,Madhya Pradesh,Ashok Nagar,146,1,2,108,4,4,0,0,0,13,10,10,0,0,0,0,3,1,0,0,0,0,0,0,0,0,0,0,9,3,6,0,0,0,0,0,0,2,0,6,0,0,0,0,0,0,146,0,146
5,Madhya Pradesh,Balaghat,77,3,1,54,0,0,0,0,0,9,9,4,2,0,1,2,0,0,2,2,0,2,0,0,0,0,0,0,4,4,0,0,1,0,0,0,0,0,1,2,0,0,0,0,0,0,77,0,77
6,Madhya Pradesh,Barwani,35,0,1,20,0,0,0,0,0,5,4,0,3,0,0,1,1,0,0,0,0,0,0,0,0,0,0,0,3,1,2,0,1,0,0,0,0,0,0,5,0,0,0,0,0,0,35,0,35
7,Madhya Pradesh,Betul,76,0,0,64,0,0,0,0,0,5,3,3,0,0,0,0,2,0,1,0,0,0,0,0,0,1,0,0,6,4,2,0,0,0,0,0,0,0,0,0,0,0,0,0,0,0,76,0,76
8,Madhya Pradesh,Bhind,240,1,3,213,0,0,0,0,0,9,9,9,0,0,0,0,0,0,0,0,0,0,0,0,0,0,0,0,14,14,0,0,0,0,0,0,0,0,0,0,0,0,0,0,0,0,240,0,240
9,Madhya Pradesh,Bhopal Commissionarate,119,2,3,35,4,3,0,0,1,22,14,7,3,0,1,3,8,2,2,0,0,0,0,0,0,0,2,0,32,24,8,0,1,0,0,0,0,0,0,16,0,0,0,0,0,0,119,0,119
10,Madhya Pradesh,Bhopal Railway,0,0,0,0,0,0,0,0,0,0,0,0,0,0,0,0,0,0,0,0,0,0,0,0,0,0,0,0,0,0,0,0,0,0,0,0,0,0,0,0,0,0,0,0,0,0,0,0,0
11,Madhya Pradesh,Burhanpur,23,0,0,13,0,0,0,0,0,3,3,1,1,0,0,1,0,0,0,0,0,0,0,0,0,0,0,0,5,5,0,0,2,0,0,0,0,0,0,0,0,0,0,0,0,0,23,0,23
12,Madhya Pradesh,Chhatarpur,329,2,1,259,5,5,0,0,0,29,29,20,9,0,0,0,0,0,3,1,1,0,0,0,1,0,0,1,15,10,5,0,1,0,0,0,0,0,14,0,0,0,0,0,0,0,329,0,329
13,Madhya Pradesh,Chhindwara,71,1,0,49,1,0,0,0,1,3,0,0,0,0,0,0,3,0,1,0,0,0,0,0,0,0,0,1,8,5,3,0,5,0,0,0,0,0,0,3,0,0,0,0,0,0,71,0,71
14,Madhya Pradesh,Damoh,155,4,4,128,0,0,0,0,0,10,3,3,0,0,0,0,7,0,1,1,0,1,0,0,0,0,0,0,8,3,5,0,0,0,0,0,0,0,0,0,0,0,0,0,0,0,155,0,155
15,Madhya Pradesh,Datia,141,1,3,116,2,2,0,0,0,9,8,8,0,0,0,0,1,0,0,0,0,0,0,0,0,0,0,0,7,6,1,0,1,0,0,0,0,0,0,2,0,0,0,0,0,0,141,0,141
16,Madhya Pradesh,Dewas,176,2,2,112,1,1,0,0,0,22,15,5,7,0,2,1,7,0,1,1,1,0,0,0,0,0,0,0,19,11,8,0,0,0,0,0,0,0,15,2,0,0,0,0,0,0,176,0,176
17,Madhya Pradesh,Dhar,69,2,1,32,3,3,0,0,0,13,8,3,3,0,0,2,5,1,1,0,0,0,0,0,0,1,0,0,2,2,0,0,2,0,0,0,0,0,8,4,0,0,0,0,0,0,69,0,69
18,Madhya Pradesh,Dindori,16,0,0,8,0,0,0,0,0,1,1,1,0,0,0,0,0,0,0,0,0,0,0,0,0,0,0,0,4,1,3,0,0,0,0,0,0,0,0,3,0,0,0,0,0,0,16,0,16
19,Madhya Pradesh,Guna,220,2,3,142,3,3,0,0,0,15,14,14,0,0,0,0,1,0,0,0,0,0,0,0,0,0,0,0,11,7,4,0,1,0,0,0,0,12,0,31,0,0,0,0,0,0,220,0,220
20,Madhya Pradesh,Gwalior,492,8,3,316,2,2,0,0,0,28,17,7,4,2,0,4,11,2,3,1,0,1,0,0,0,2,0,0,48,39,9,0,2,0,0,0,0,0,0,80,0,0,0,0,0,0,492,0,492
21,Madhya Pradesh,Harda,81,0,3,54,1,1,0,0,0,4,3,3,0,0,0,0,1,1,0,0,0,0,0,0,0,0,0,0,5,2,3,0,0,0,0,0,0,2,0,11,0,0,0,0,0,0,81,0,81
22,Madhya Pradesh,Narmadapuram,224,3,4,182,0,0,0,0,0,10,7,7,0,0,0,0,3,0,1,1,1,0,0,0,0,0,0,0,14,10,4,0,0,0,0,0,0,0,1,9,0,0,0,0,0,0,224,0,224
23,Madhya Pradesh,Indore Commissionarate,47,1,1,20,0,0,0,0,0,7,4,0,2,0,0,2,3,0,0,0,0,0,0,0,0,0,0,0,11,7,4,0,1,0,0,0,0,0,0,6,0,0,0,0,0,0,47,0,47
24,Madhya Pradesh,Indore Railway,2,0,0,0,0,0,0,0,0,0,0,0,0,0,0,0,0,0,0,0,0,0,0,0,0,0,0,0,0,0,0,0,0,0,0,0,0,0,0,2,0,0,0,0,0,0,2,0,2
25,Madhya Pradesh,Jabalpur,249,4,2,179,6,6,0,0,0,11,11,3,7,0,0,1,0,1,1,0,0,0,0,0,1,0,0,0,18,18,0,0,1,0,0,0,0,1,20,5,0,0,0,0,0,0,249,0,249
26,Madhya Pradesh,Jabalpur Railway,0,0,0,0,0,0,0,0,0,0,0,0,0,0,0,0,0,0,0,0,0,0,0,0,0,0,0,0,0,0,0,0,0,0,0,0,0,0,0,0,0,0,0,0,0,0,0,0,0
27,Madhya Pradesh,Jhabua,2,0,0,2,0,0,0,0,0,0,0,0,0,0,0,0,0,0,0,0,0,0,0,0,0,0,0,0,0,0,0,0,0,0,0,0,0,0,0,0,0,0,0,0,0,0,2,0,2
28,Madhya Pradesh,Katni,101,0,1,84,2,2,0,0,0,7,7,7,0,0,0,0,0,0,0,0,0,0,0,0,0,0,0,0,7,7,0,0,0,0,0,0,0,0,0,0,0,0,0,0,0,0,101,0,101
29,Madhya Pradesh,Khandwa,112,1,2,3,1,1,0,0,0,18,18,18,0,0,0,0,0,0,1,1,0,1,0,0,0,0,0,0,6,4,2,0,0,0,0,0,0,0,0,80,0,0,0,0,0,0,112,0,112
30,Madhya Pradesh,Khargone,111,1,1,85,0,0,0,0,0,10,4,0,2,0,0,2,6,1,0,0,0,0,0,0,0,0,0,0,9,4,5,0,1,0,0,0,0,1,0,2,0,0,0,0,0,0,111,0,111
31,Madhya Pradesh,Mandla,28,1,0,1,0,0,0,0,0,2,0,0,0,0,0,0,2,0,3,3,0,3,0,0,0,0,0,0,2,1,1,0,0,0,0,0,0,0,0,19,0,0,0,0,0,0,28,0,28
32,Madhya Pradesh,Mandsaur,192,0,0,14,0,0,0,0,0,15,15,7,4,0,1,3,0,0,1,0,0,0,0,0,0,0,0,1,8,8,0,0,3,0,0,0,0,0,151,0,0,0,0,0,0,0,192,0,192
33,Madhya Pradesh,Morena,219,0,1,18,12,12,0,0,0,12,12,12,0,0,0,0,0,0,0,0,0,0,0,0,0,0,0,0,18,9,9,0,1,0,0,0,0,4,132,21,0,0,0,0,0,0,219,0,219
34,Madhya Pradesh,Narsinghpur,94,0,0,2,5,5,0,0,0,0,0,0,0,0,0,0,0,0,2,2,0,2,0,0,0,0,0,0,18,9,9,0,0,0,0,0,0,0,0,67,1,1,0,0,0,0,95,0,95
35,Madhya Pradesh,Neemuch,65,0,0,48,1,1,0,0,0,7,4,3,0,0,0,1,3,0,1,1,1,0,0,0,0,0,0,0,3,2,1,0,2,0,0,0,0,0,0,3,0,0,0,0,0,0,65,0,65
36,Madhya Pradesh,Panna,130,2,2,101,1,1,0,0,0,9,4,4,0,0,0,0,5,0,1,1,0,1,0,0,0,0,0,0,12,11,1,0,2,0,0,0,0,0,0,0,0,0,0,0,0,0,130,0,130
37,Madhya Pradesh,Raisen,230,2,6,161,2,2,0,0,0,17,13,10,0,0,0,3,4,0,2,2,0,2,0,0,0,0,0,0,20,6,14,0,0,0,0,0,0,2,0,18,0,0,0,0,0,0,230,0,230
38,Madhya Pradesh,Rajgarh,340,2,5,265,5,5,0,0,0,32,28,28,0,0,0,0,4,0,2,2,0,2,0,0,0,0,0,0,17,15,2,0,11,0,0,0,0,1,0,0,0,0,0,0,0,0,340,0,340
39,Madhya Pradesh,Ratlam,181,0,2,8,3,3,0,0,0,15,12,6,3,0,0,3,3,0,5,0,0,0,0,0,0,4,0,1,14,11,3,0,3,0,0,0,0,0,124,7,0,0,0,0,0,0,181,0,181
40,Madhya Pradesh,Rewa,180,4,0,105,8,8,0,0,0,18,12,12,0,0,0,0,6,0,0,0,0,0,0,0,0,0,0,0,11,8,3,0,0,0,0,0,0,0,0,34,0,0,0,0,0,0,180,0,180
41,Madhya Pradesh,Sagar,527,5,11,415,3,3,0,0,0,40,27,15,9,0,3,0,13,1,2,2,1,1,0,0,0,0,0,0,29,14,15,0,10,2,0,0,0,0,0,9,0,0,0,0,0,0,527,0,527
42,Madhya Pradesh,Satna,130,4,3,11,7,7,0,0,0,13,11,11,0,0,0,0,2,0,0,0,0,0,0,0,0,0,0,0,16,8,8,0,0,0,0,0,0,0,76,0,0,0,0,0,0,0,130,0,130
43,Madhya Pradesh,Seoni,67,0,0,37,0,0,0,0,0,9,9,3,2,0,3,1,0,0,4,0,0,0,0,0,0,3,0,1,9,2,7,0,0,0,0,0,0,0,0,8,0,0,0,0,0,0,67,0,67
44,Madhya Pradesh,Shahdol,40,0,0,30,0,0,0,0,0,1,1,0,1,0,0,0,0,0,0,0,0,0,0,0,0,0,0,0,4,1,3,0,0,0,0,0,0,1,0,4,0,0,0,0,0,0,40,0,40
45,Madhya Pradesh,Shajapur,157,2,2,103,3,3,0,0,0,21,13,6,5,0,0,2,8,0,3,2,2,0,0,0,0,0,0,1,17,8,9,0,0,0,0,0,0,0,0,6,0,0,0,0,0,0,157,0,157
46,Madhya Pradesh,Sheopur,67,0,1,46,8,8,0,0,0,4,3,2,0,0,0,1,1,0,0,0,0,0,0,0,0,0,0,0,1,1,0,0,1,0,0,0,0,0,5,1,0,0,0,0,0,0,67,0,67
47,Madhya Pradesh,Shivpuri,465,4,1,376,1,1,0,0,0,28,23,23,0,0,0,0,5,0,1,1,0,1,0,0,0,0,0,0,22,9,13,0,3,0,0,0,0,0,7,22,0,0,0,0,0,0,465,0,465
48,Madhya Pradesh,Sidhi,78,1,0,47,6,6,0,0,0,2,2,2,0,0,0,0,0,0,0,0,0,0,0,0,0,0,0,0,6,3,3,0,0,0,0,0,0,2,0,14,0,0,0,0,0,0,78,0,78
49,Madhya Pradesh,Sehore,200,1,1,11,1,1,0,0,0,20,20,20,0,0,0,0,0,0,2,2,2,0,0,0,0,0,0,0,15,15,0,0,0,1,0,0,0,0,0,148,0,0,0,0,0,0,200,0,200
50,Madhya Pradesh,Singrauli,38,0,0,22,4,4,0,0,0,1,1,1,0,0,0,0,0,0,1,0,0,0,0,0,0,1,0,0,7,3,4,0,0,0,0,0,0,0,0,3,0,0,0,0,0,0,38,0,38
51,Madhya Pradesh,Tikamgarh,116,3,1,81,8,8,0,0,0,9,4,4,0,0,0,0,5,0,1,1,0,1,0,0,0,0,0,0,8,2,6,0,2,0,0,0,0,0,3,0,0,0,0,0,0,0,116,0,116
52,Madhya Pradesh,Ujjain,220,3,3,171,0,0,0,0,0,18,18,9,5,0,1,3,0,0,2,2,0,2,0,0,0,0,0,0,13,13,0,0,0,0,0,0,0,0,3,7,0,0,0,0,0,0,220,0,220
53,Madhya Pradesh,Umaria,14,0,0,11,0,0,0,0,0,2,2,0,2,0,0,0,0,0,0,0,0,0,0,0,0,0,0,0,1,1,0,0,0,0,0,0,0,0,0,0,0,0,0,0,0,0,14,0,14
54,Madhya Pradesh,Vidisha,344,4,0,261,3,3,0,0,0,30,16,6,8,1,1,0,14,0,4,0,0,0,0,0,0,3,0,1,21,7,14,0,2,0,0,0,0,1,13,5,0,0,0,0,0,0,344,0,344
55,Madhya Pradesh,Cyber Crime Cell,0,0,0,0,0,0,0,0,0,0,0,0,0,0,0,0,0,0,0,0,0,0,0,0,0,0,0,0,0,0,0,0,0,0,0,0,0,0,0,0,0,0,0,0,0,0,0,0,0
56,Madhya Pradesh,Niwari,55,0,1,36,2,2,0,0,0,5,3,1,1,1,0,0,2,0,0,0,0,0,0,0,0,0,0,0,3,3,0,0,2,0,0,0,0,2,0,4,0,0,0,0,0,0,55,0,55
57,Madhya Pradesh,Bhopal Rural,83,1,0,43,7,7,0,0,0,7,5,3,1,0,0,1,2,0,1,0,0,0,0,0,0,0,1,0,12,8,4,0,0,0,0,0,0,1,0,11,0,0,0,0,0,0,83,0,83
58,Madhya Pradesh,Indore Rural,75,2,1,43,1,1,0,0,0,9,6,4,0,0,1,1,3,0,0,0,0,0,0,0,0,0,0,0,11,2,9,0,0,0,0,0,0,0,0,8,0,0,0,0,0,0,75,0,75
Total Districts,Total Districts,Total Districts,7732,83,83,4805,126,124,0,0,2,613,469,326,87,4,14,38,144,10,59,29,9,20,0,0,2,17,4,7,589,373,216,0,64,4,0,0,0,32,573,691,1,1,0,0,0,0,7733,0,7733
1,Maharashtra,Ahmednagar,173,3,8,22,7,7,0,0,0,38,38,38,0,0,0,0,0,0,4,4,0,4,0,0,0,0,0,0,40,40,0,0,20,1,0,0,0,0,0,30,1,0,0,0,0,1,174,0,174
2,Maharashtra,Akola,51,0,1,5,0,0,0,0,0,22,12,6,6,0,0,0,10,1,0,0,0,0,0,0,0,0,0,0,13,3,10,0,4,0,0,0,0,0,0,5,6,0,0,0,0,6,57,0,57
3,Maharashtra,Amravati Commr.,31,2,0,1,1,1,0,0,0,10,9,2,4,0,0,3,1,0,0,0,0,0,0,0,0,0,0,0,11,8,3,0,0,1,0,0,0,0,0,5,6,6,0,0,0,0,37,0,37
4,Maharashtra,Amravati Rural,46,1,2,3,0,0,0,0,0,15,15,6,3,1,0,5,0,0,0,0,0,0,0,0,0,0,0,0,7,3,4,0,2,0,1,0,1,0,0,15,0,0,0,0,0,0,46,0,46
5,Maharashtra,Aurangabad Commr.,19,1,1,3,0,0,0,0,0,6,3,3,0,0,0,0,3,0,0,0,0,0,0,0,0,0,0,0,6,4,2,0,0,0,0,0,0,0,0,2,3,3,0,0,0,0,22,0,22
6,Maharashtra,Aurangabad Rural,40,2,0,7,3,3,0,0,0,12,12,6,6,0,0,0,0,0,0,0,0,0,0,0,0,0,0,0,6,6,0,0,9,0,0,0,0,1,0,0,20,2,0,0,0,18,60,0,60
7,Maharashtra,Beed,93,3,10,18,1,1,0,0,0,17,11,3,5,0,0,3,6,0,5,1,1,0,0,0,0,0,0,4,13,3,10,0,19,0,0,0,0,0,0,7,19,19,0,0,0,0,112,0,112
8,Maharashtra,Bhandara,38,2,4,0,0,0,0,0,0,2,2,1,1,0,0,0,0,0,0,0,0,0,0,0,0,0,0,0,9,2,7,0,3,0,0,0,0,0,0,18,0,0,0,0,0,0,38,0,38
9,Maharashtra,Buldhana,92,2,2,9,2,2,0,0,0,35,21,7,10,2,0,2,14,2,2,2,0,2,0,0,0,0,0,0,17,8,9,0,7,0,0,0,0,0,0,14,2,0,0,0,0,2,94,1,95
10,Maharashtra,Chandrapur,37,2,2,2,0,0,0,0,0,14,6,2,4,0,0,0,8,0,1,1,0,1,0,0,0,0,0,0,8,4,4,0,3,0,0,0,0,0,0,5,5,0,0,0,0,5,42,0,42
11,Maharashtra,Dhule,21,1,2,0,0,0,0,0,0,1,1,1,0,0,0,0,0,0,1,0,0,0,1,0,0,0,0,0,2,1,1,0,8,0,1,0,1,0,0,5,1,0,0,0,0,1,22,0,22
12,Maharashtra,Gadchiroli,9,0,0,1,0,0,0,0,0,3,3,0,2,1,0,0,0,0,0,0,0,0,0,0,0,0,0,0,4,4,0,0,1,0,0,0,0,0,0,0,1,1,0,0,0,0,10,0,10
13,Maharashtra,Gondia,0,0,0,0,0,0,0,0,0,0,0,0,0,0,0,0,0,0,0,0,0,0,0,0,0,0,0,0,0,0,0,0,0,0,0,0,0,0,0,0,31,31,0,0,0,0,31,0,31
14,Maharashtra,Hingoli,76,4,2,24,3,3,0,0,0,8,5,4,1,0,0,0,3,0,0,0,0,0,0,0,0,0,0,0,8,2,6,0,15,0,0,0,0,0,0,12,0,0,0,0,0,0,76,0,76
15,Maharashtra,Jalgaon,47,0,2,3,3,3,0,0,0,12,7,3,1,1,0,2,5,0,1,1,0,1,0,0,0,0,0,0,10,1,9,0,6,0,0,0,0,0,0,10,0,0,0,0,0,0,47,0,47
16,Maharashtra,Jalna,125,3,6,3,10,10,0,0,0,30,27,12,10,2,0,3,3,0,4,4,0,4,0,0,0,0,0,0,9,8,1,0,19,0,0,0,0,0,0,41,0,0,0,0,0,0,125,0,125
17,Maharashtra,Kolhapur,93,5,0,9,2,2,0,0,0,17,12,4,2,0,0,6,5,0,2,2,0,2,0,0,0,0,0,0,15,7,8,0,17,0,0,0,0,0,0,26,0,0,0,0,0,0,93,0,93
18,Maharashtra,Latur,77,4,5,22,4,4,0,0,0,11,9,4,4,0,0,1,2,0,0,0,0,0,0,0,0,0,0,0,9,6,3,0,10,0,0,0,0,0,2,10,21,21,0,0,0,0,98,0,98
19,Maharashtra,Mumbai Commr.,54,4,1,1,1,1,0,0,0,5,5,4,1,0,0,0,0,4,0,0,0,0,0,0,0,0,0,0,15,10,5,0,4,0,0,0,0,0,6,13,4,4,0,0,0,0,58,0,58
20,Maharashtra,Mumbai Railway,1,0,0,0,0,0,0,0,0,0,0,0,0,0,0,0,0,0,0,0,0,0,0,0,0,0,0,0,1,0,1,0,0,0,0,0,0,0,0,0,0,0,0,0,0,0,1,0,1
21,Maharashtra,Nagpur Commr.,34,0,0,2,0,0,0,0,0,5,5,0,4,0,0,1,0,0,0,0,0,0,0,0,0,0,0,0,15,10,5,0,3,0,0,0,0,0,3,6,1,1,0,0,0,0,35,0,35
22,Maharashtra,Nagpur Railway,2,0,0,0,0,0,0,0,0,0,0,0,0,0,0,0,0,0,0,0,0,0,0,0,0,0,0,0,0,0,0,0,0,0,0,0,0,0,0,2,0,0,0,0,0,0,2,0,2
23,Maharashtra,Nagpur Rural,35,3,5,4,0,0,0,0,0,5,2,0,0,1,0,1,3,0,2,1,0,1,0,0,1,0,0,0,10,2,8,0,0,0,0,0,0,0,0,6,7,0,0,0,0,7,42,0,42
24,Maharashtra,Nanded,83,4,5,27,6,6,0,0,0,8,7,7,0,0,0,0,1,0,2,0,0,0,0,0,1,1,0,0,12,5,7,0,15,1,0,0,0,0,0,3,23,23,0,0,0,0,106,0,106
25,Maharashtra,Nandurbar,4,0,0,0,0,0,0,0,0,1,0,0,0,0,0,0,1,0,0,0,0,0,0,0,0,0,0,0,2,1,1,0,1,0,0,0,0,0,0,0,0,0,0,0,0,0,4,0,4
26,Maharashtra,Nasik Commr.,11,0,0,0,0,0,0,0,0,3,3,3,0,0,0,0,0,0,0,0,0,0,0,0,0,0,0,0,6,6,0,0,0,1,0,0,0,0,0,1,0,0,0,0,0,0,11,0,11
27,Maharashtra,Nasik Rural,29,0,2,4,1,1,0,0,0,7,4,3,0,0,0,1,3,0,0,0,0,0,0,0,0,0,0,0,6,4,2,0,6,0,0,0,0,0,0,3,5,0,0,0,0,5,34,0,34
28,Maharashtra,Navi Mumbai,32,0,0,1,1,1,0,0,0,5,5,3,2,0,0,0,0,2,0,0,0,0,0,0,0,0,0,0,10,8,2,0,3,2,0,0,0,0,0,8,22,22,0,0,0,0,54,0,54
29,Maharashtra,Osmanabad,80,4,4,11,2,2,0,0,0,18,14,8,5,1,0,0,4,0,2,0,0,0,0,0,0,2,0,0,16,8,8,0,5,0,0,0,0,0,0,18,1,1,0,0,0,0,81,0,81
30,Maharashtra,Palghar,1,0,0,0,0,0,0,0,0,0,0,0,0,0,0,0,0,0,0,0,0,0,0,0,0,0,0,0,1,0,1,0,0,0,0,0,0,0,0,0,2,0,0,0,0,2,3,0,3
31,Maharashtra,Parbhani,67,1,3,21,5,5,0,0,0,5,2,1,1,0,0,0,3,0,1,1,1,0,0,0,0,0,0,0,8,3,5,0,3,1,0,0,0,1,0,18,23,0,0,0,0,23,90,0,90
32,Maharashtra,Pune Commr.,48,3,2,23,0,0,0,0,0,5,5,3,2,0,0,0,0,0,0,0,0,0,0,0,0,0,0,0,13,11,2,0,2,0,0,0,0,0,0,0,13,5,0,0,0,8,61,0,61
33,Maharashtra,Pune Railway,0,0,0,0,0,0,0,0,0,0,0,0,0,0,0,0,0,0,0,0,0,0,0,0,0,0,0,0,0,0,0,0,0,0,0,0,0,0,0,0,0,0,0,0,0,0,0,0,0
34,Maharashtra,Pune Rural,179,3,9,19,2,2,0,0,0,33,26,16,6,3,0,1,7,1,3,3,0,3,0,0,0,0,0,0,19,12,7,0,20,0,0,0,0,0,0,70,2,0,0,0,0,2,181,1,182
35,Maharashtra,Raigad,19,0,1,1,0,0,0,0,0,3,3,1,1,1,0,0,0,0,0,0,0,0,0,0,0,0,0,0,4,2,2,0,0,0,0,0,0,0,0,10,1,0,0,0,0,1,20,0,20
36,Maharashtra,Ratnagiri,7,0,0,1,0,0,0,0,0,0,0,0,0,0,0,0,0,0,0,0,0,0,0,0,0,0,0,0,4,1,3,0,1,0,0,0,0,0,0,1,9,8,0,0,0,1,16,0,16
37,Maharashtra,Sangli,90,1,0,0,13,13,0,0,0,11,11,11,0,0,0,0,0,0,1,1,1,0,0,0,0,0,0,0,20,20,0,0,9,2,0,0,0,0,0,33,21,20,0,0,0,1,111,0,111
38,Maharashtra,Satara,106,2,4,14,5,5,0,0,0,24,15,5,9,0,1,0,9,1,5,4,0,4,0,0,0,1,0,0,25,7,18,0,15,1,1,0,1,0,0,9,30,27,2,0,0,1,136,0,136
39,Maharashtra,Sindhudurg,3,0,0,0,0,0,0,0,0,0,0,0,0,0,0,0,0,0,0,0,0,0,0,0,0,0,0,0,1,0,1,0,1,0,0,0,0,0,0,1,6,6,0,0,0,0,9,0,9
40,Maharashtra,Solapur Commr.,17,0,1,3,0,0,0,0,0,4,4,1,1,0,1,1,0,1,0,0,0,0,0,0,0,0,0,0,5,1,4,0,1,0,0,0,0,0,0,2,8,0,0,0,0,8,25,0,25
41,Maharashtra,Solapur Rural,130,1,9,17,11,11,0,0,0,36,24,8,12,1,0,3,12,0,0,0,0,0,0,0,0,0,0,0,26,7,19,0,16,0,0,0,0,1,0,13,42,42,0,0,0,0,172,0,172
42,Maharashtra,Thane Commr.,44,0,0,3,1,1,0,0,0,8,8,8,0,0,0,0,0,0,0,0,0,0,0,0,0,0,0,0,8,4,4,0,2,0,0,0,0,0,0,22,1,0,0,0,0,1,45,0,45
43,Maharashtra,Thane Rural,17,1,2,3,1,1,0,0,0,3,2,2,0,0,0,0,1,0,0,0,0,0,0,0,0,0,0,0,1,1,0,0,3,0,0,0,0,0,0,3,6,0,0,0,0,6,23,0,23
44,Maharashtra,Wardha,25,4,1,1,0,0,0,0,0,6,3,1,2,0,0,0,3,0,0,0,0,0,0,0,0,0,0,0,8,6,2,0,1,0,0,0,0,0,0,4,0,0,0,0,0,0,25,0,25
45,Maharashtra,Washim,43,1,1,16,0,0,0,0,0,15,15,4,6,0,0,5,0,0,0,0,0,0,0,0,0,0,0,0,7,6,1,0,2,0,0,0,0,0,0,1,10,0,0,0,0,10,53,0,53
46,Maharashtra,Yavatmal,96,8,2,12,9,9,0,0,0,18,14,9,3,0,0,2,4,0,0,0,0,0,0,0,0,0,0,0,18,15,3,0,5,0,0,0,0,0,0,24,3,2,0,0,0,1,99,0,99
47,Maharashtra,Pimpri Chinchwad City,37,0,0,1,0,0,0,0,0,4,4,3,1,0,0,0,0,0,0,0,0,0,0,0,0,0,0,0,8,5,3,0,1,0,0,0,0,0,0,23,1,1,0,0,0,0,38,0,38
48,Maharashtra,Aurangabad Railway,0,0,0,0,0,0,0,0,0,0,0,0,0,0,0,0,0,0,0,0,0,0,0,0,0,0,0,0,0,0,0,0,0,0,0,0,0,0,0,0,0,0,0,0,0,0,0,0,0
49,Maharashtra,Mira Bhayandar Vasai Virar Commr.,14,1,0,0,0,0,0,0,0,3,3,1,2,0,0,0,0,0,0,0,0,0,0,0,0,0,0,0,6,3,3,0,3,0,0,0,0,0,0,1,8,8,0,0,0,0,22,0,22
Total Districts,Total Districts,Total Districts,2376,76,99,317,94,94,0,0,0,488,377,204,117,14,2,40,111,12,36,25,3,22,1,0,2,4,0,4,462,268,194,0,265,10,3,0,3,3,11,500,365,253,2,0,0,110,2741,2,2743
1,Manipur,Bishnupur,0,0,0,0,0,0,0,0,0,0,0,0,0,0,0,0,0,0,0,0,0,0,0,0,0,0,0,0,0,0,0,0,0,0,0,0,0,0,0,0,0,0,0,0,0,0,0,0,0
2,Manipur,Chandel,0,0,0,0,0,0,0,0,0,0,0,0,0,0,0,0,0,0,0,0,0,0,0,0,0,0,0,0,0,0,0,0,0,0,0,0,0,0,0,0,0,0,0,0,0,0,0,0,0
3,Manipur,Churachandpur,0,0,0,0,0,0,0,0,0,0,0,0,0,0,0,0,0,0,0,0,0,0,0,0,0,0,0,0,0,0,0,0,0,0,0,0,0,0,0,0,0,0,0,0,0,0,0,0,0
4,Manipur,CID,0,0,0,0,0,0,0,0,0,0,0,0,0,0,0,0,0,0,0,0,0,0,0,0,0,0,0,0,0,0,0,0,0,0,0,0,0,0,0,0,0,0,0,0,0,0,0,0,0
5,Manipur,Imphal East,0,0,0,0,0,0,0,0,0,0,0,0,0,0,0,0,0,0,0,0,0,0,0,0,0,0,0,0,0,0,0,0,0,0,0,0,0,0,0,0,0,0,0,0,0,0,0,0,0
6,Manipur,Imphal West,0,0,0,0,0,0,0,0,0,0,0,0,0,0,0,0,0,0,0,0,0,0,0,0,0,0,0,0,0,0,0,0,0,0,0,0,0,0,0,0,0,0,0,0,0,0,0,0,0
7,Manipur,Senapati,0,0,0,0,0,0,0,0,0,0,0,0,0,0,0,0,0,0,0,0,0,0,0,0,0,0,0,0,0,0,0,0,0,0,0,0,0,0,0,0,0,0,0,0,0,0,0,0,0
8,Manipur,Tamenglong,0,0,0,0,0,0,0,0,0,0,0,0,0,0,0,0,0,0,0,0,0,0,0,0,0,0,0,0,0,0,0,0,0,0,0,0,0,0,0,0,0,0,0,0,0,0,0,0,0
9,Manipur,Thoubal,0,0,0,0,0,0,0,0,0,0,0,0,0,0,0,0,0,0,0,0,0,0,0,0,0,0,0,0,0,0,0,0,0,0,0,0,0,0,0,0,0,0,0,0,0,0,0,0,0
10,Manipur,Ukhrul,0,0,0,0,0,0,0,0,0,0,0,0,0,0,0,0,0,0,0,0,0,0,0,0,0,0,0,0,0,0,0,0,0,0,0,0,0,0,0,0,0,0,0,0,0,0,0,0,0
11,Manipur,Kakching,0,0,0,0,0,0,0,0,0,0,0,0,0,0,0,0,0,0,0,0,0,0,0,0,0,0,0,0,0,0,0,0,0,0,0,0,0,0,0,0,0,0,0,0,0,0,0,0,0
12,Manipur,Kamjong,0,0,0,0,0,0,0,0,0,0,0,0,0,0,0,0,0,0,0,0,0,0,0,0,0,0,0,0,0,0,0,0,0,0,0,0,0,0,0,0,0,0,0,0,0,0,0,0,0
13,Manipur,Kangpokpi,0,0,0,0,0,0,0,0,0,0,0,0,0,0,0,0,0,0,0,0,0,0,0,0,0,0,0,0,0,0,0,0,0,0,0,0,0,0,0,0,0,0,0,0,0,0,0,0,0
14,Manipur,Jiribam,0,0,0,0,0,0,0,0,0,0,0,0,0,0,0,0,0,0,0,0,0,0,0,0,0,0,0,0,0,0,0,0,0,0,0,0,0,0,0,0,0,0,0,0,0,0,0,0,0
15,Manipur,Noney,0,0,0,0,0,0,0,0,0,0,0,0,0,0,0,0,0,0,0,0,0,0,0,0,0,0,0,0,0,0,0,0,0,0,0,0,0,0,0,0,0,0,0,0,0,0,0,0,0
16,Manipur,Pherzawl,0,0,0,0,0,0,0,0,0,0,0,0,0,0,0,0,0,0,0,0,0,0,0,0,0,0,0,0,0,0,0,0,0,0,0,0,0,0,0,0,0,0,0,0,0,0,0,0,0
17,Manipur,Tengnoupal,0,0,0,0,0,0,0,0,0,0,0,0,0,0,0,0,0,0,0,0,0,0,0,0,0,0,0,0,0,0,0,0,0,0,0,0,0,0,0,0,0,0,0,0,0,0,0,0,0
18,Manipur,Narcotic,0,0,0,0,0,0,0,0,0,0,0,0,0,0,0,0,0,0,0,0,0,0,0,0,0,0,0,0,0,0,0,0,0,0,0,0,0,0,0,0,0,0,0,0,0,0,0,0,0
Total Districts,Total Districts,Total Districts,0,0,0,0,0,0,0,0,0,0,0,0,0,0,0,0,0,0,0,0,0,0,0,0,0,0,0,0,0,0,0,0,0,0,0,0,0,0,0,0,0,0,0,0,0,0,0,0,0
1,Meghalaya,Garo Hills East,0,0,0,0,0,0,0,0,0,0,0,0,0,0,0,0,0,0,0,0,0,0,0,0,0,0,0,0,0,0,0,0,0,0,0,0,0,0,0,0,0,0,0,0,0,0,0,0,0
2,Meghalaya,Garo Hills North,0,0,0,0,0,0,0,0,0,0,0,0,0,0,0,0,0,0,0,0,0,0,0,0,0,0,0,0,0,0,0,0,0,0,0,0,0,0,0,0,0,0,0,0,0,0,0,0,0
3,Meghalaya,Garo Hills South,0,0,0,0,0,0,0,0,0,0,0,0,0,0,0,0,0,0,0,0,0,0,0,0,0,0,0,0,0,0,0,0,0,0,0,0,0,0,0,0,0,0,0,0,0,0,0,0,0
4,Meghalaya,Garo Hills South West,0,0,0,0,0,0,0,0,0,0,0,0,0,0,0,0,0,0,0,0,0,0,0,0,0,0,0,0,0,0,0,0,0,0,0,0,0,0,0,0,0,0,0,0,0,0,0,0,0
5,Meghalaya,Garo Hills West,0,0,0,0,0,0,0,0,0,0,0,0,0,0,0,0,0,0,0,0,0,0,0,0,0,0,0,0,0,0,0,0,0,0,0,0,0,0,0,0,0,0,0,0,0,0,0,0,0
6,Meghalaya,Jaintia Hills West,0,0,0,0,0,0,0,0,0,0,0,0,0,0,0,0,0,0,0,0,0,0,0,0,0,0,0,0,0,0,0,0,0,0,0,0,0,0,0,0,0,0,0,0,0,0,0,0,0
7,Meghalaya,Jaintia Hills East,0,0,0,0,0,0,0,0,0,0,0,0,0,0,0,0,0,0,0,0,0,0,0,0,0,0,0,0,0,0,0,0,0,0,0,0,0,0,0,0,0,0,0,0,0,0,0,0,0
8,Meghalaya,Khasi Hills East,0,0,0,0,0,0,0,0,0,0,0,0,0,0,0,0,0,0,0,0,0,0,0,0,0,0,0,0,0,0,0,0,0,0,0,0,0,0,0,0,0,0,0,0,0,0,0,0,0
9,Meghalaya,Khasi Hills South West,0,0,0,0,0,0,0,0,0,0,0,0,0,0,0,0,0,0,0,0,0,0,0,0,0,0,0,0,0,0,0,0,0,0,0,0,0,0,0,0,0,0,0,0,0,0,0,0,0
10,Meghalaya,Khasi Hills West,0,0,0,0,0,0,0,0,0,0,0,0,0,0,0,0,0,0,0,0,0,0,0,0,0,0,0,0,0,0,0,0,0,0,0,0,0,0,0,0,0,0,0,0,0,0,0,0,0
11,Meghalaya,Ri-Bhoi,0,0,0,0,0,0,0,0,0,0,0,0,0,0,0,0,0,0,0,0,0,0,0,0,0,0,0,0,0,0,0,0,0,0,0,0,0,0,0,0,0,0,0,0,0,0,0,0,0
12,Meghalaya,Cyber Cell,0,0,0,0,0,0,0,0,0,0,0,0,0,0,0,0,0,0,0,0,0,0,0,0,0,0,0,0,0,0,0,0,0,0,0,0,0,0,0,0,0,0,0,0,0,0,0,0,0
13,Meghalaya,Khasi Hills Eastern West,0,0,0,0,0,0,0,0,0,0,0,0,0,0,0,0,0,0,0,0,0,0,0,0,0,0,0,0,0,0,0,0,0,0,0,0,0,0,0,0,0,0,0,0,0,0,0,0,0
Total Districts,Total Districts,Total Districts,0,0,0,0,0,0,0,0,0,0,0,0,0,0,0,0,0,0,0,0,0,0,0,0,0,0,0,0,0,0,0,0,0,0,0,0,0,0,0,0,0,0,0,0,0,0,0,0,0
1,Mizoram,Aizawl,0,0,0,0,0,0,0,0,0,0,0,0,0,0,0,0,0,0,0,0,0,0,0,0,0,0,0,0,0,0,0,0,0,0,0,0,0,0,0,0,0,0,0,0,0,0,0,0,0
2,Mizoram,Champhai,0,0,0,0,0,0,0,0,0,0,0,0,0,0,0,0,0,0,0,0,0,0,0,0,0,0,0,0,0,0,0,0,0,0,0,0,0,0,0,0,0,0,0,0,0,0,0,0,0
3,Mizoram,Kolasib,5,3,0,0,0,0,0,0,0,0,0,0,0,0,0,0,0,0,1,1,0,1,0,0,0,0,0,0,1,1,0,0,0,0,0,0,0,0,0,0,0,0,0,0,0,0,5,0,5
4,Mizoram,Lawngtlai,0,0,0,0,0,0,0,0,0,0,0,0,0,0,0,0,0,0,0,0,0,0,0,0,0,0,0,0,0,0,0,0,0,0,0,0,0,0,0,0,0,0,0,0,0,0,0,0,0
5,Mizoram,Lunglei,0,0,0,0,0,0,0,0,0,0,0,0,0,0,0,0,0,0,0,0,0,0,0,0,0,0,0,0,0,0,0,0,0,0,0,0,0,0,0,0,0,0,0,0,0,0,0,0,0
6,Mizoram,Mamit,0,0,0,0,0,0,0,0,0,0,0,0,0,0,0,0,0,0,0,0,0,0,0,0,0,0,0,0,0,0,0,0,0,0,0,0,0,0,0,0,0,0,0,0,0,0,0,0,0
7,Mizoram,Saiha,0,0,0,0,0,0,0,0,0,0,0,0,0,0,0,0,0,0,0,0,0,0,0,0,0,0,0,0,0,0,0,0,0,0,0,0,0,0,0,0,0,0,0,0,0,0,0,0,0
8,Mizoram,Serchhip,0,0,0,0,0,0,0,0,0,0,0,0,0,0,0,0,0,0,0,0,0,0,0,0,0,0,0,0,0,0,0,0,0,0,0,0,0,0,0,0,0,0,0,0,0,0,0,0,0
9,Mizoram,Spl Narcotic,0,0,0,0,0,0,0,0,0,0,0,0,0,0,0,0,0,0,0,0,0,0,0,0,0,0,0,0,0,0,0,0,0,0,0,0,0,0,0,0,0,0,0,0,0,0,0,0,0
10,Mizoram,Saitual,0,0,0,0,0,0,0,0,0,0,0,0,0,0,0,0,0,0,0,0,0,0,0,0,0,0,0,0,0,0,0,0,0,0,0,0,0,0,0,0,0,0,0,0,0,0,0,0,0
11,Mizoram,Khawzawl,0,0,0,0,0,0,0,0,0,0,0,0,0,0,0,0,0,0,0,0,0,0,0,0,0,0,0,0,0,0,0,0,0,0,0,0,0,0,0,0,0,0,0,0,0,0,0,0,0
12,Mizoram,Hnahthial,0,0,0,0,0,0,0,0,0,0,0,0,0,0,0,0,0,0,0,0,0,0,0,0,0,0,0,0,0,0,0,0,0,0,0,0,0,0,0,0,0,0,0,0,0,0,0,0,0
13,Mizoram,Cyber,0,0,0,0,0,0,0,0,0,0,0,0,0,0,0,0,0,0,0,0,0,0,0,0,0,0,0,0,0,0,0,0,0,0,0,0,0,0,0,0,0,0,0,0,0,0,0,0,0
Total Districts,Total Districts,Total Districts,5,3,0,0,0,0,0,0,0,0,0,0,0,0,0,0,0,0,1,1,0,1,0,0,0,0,0,0,1,1,0,0,0,0,0,0,0,0,0,0,0,0,0,0,0,0,5,0,5
1,Nagaland,Dimapur,0,0,0,0,0,0,0,0,0,0,0,0,0,0,0,0,0,0,0,0,0,0,0,0,0,0,0,0,0,0,0,0,0,0,0,0,0,0,0,0,0,0,0,0,0,0,0,0,0
2,Nagaland,Kiphire,0,0,0,0,0,0,0,0,0,0,0,0,0,0,0,0,0,0,0,0,0,0,0,0,0,0,0,0,0,0,0,0,0,0,0,0,0,0,0,0,0,0,0,0,0,0,0,0,0
3,Nagaland,Kohima,0,0,0,0,0,0,0,0,0,0,0,0,0,0,0,0,0,0,0,0,0,0,0,0,0,0,0,0,0,0,0,0,0,0,0,0,0,0,0,0,0,0,0,0,0,0,0,0,0
4,Nagaland,Longleng,0,0,0,0,0,0,0,0,0,0,0,0,0,0,0,0,0,0,0,0,0,0,0,0,0,0,0,0,0,0,0,0,0,0,0,0,0,0,0,0,0,0,0,0,0,0,0,0,0
5,Nagaland,Mokokchung,0,0,0,0,0,0,0,0,0,0,0,0,0,0,0,0,0,0,0,0,0,0,0,0,0,0,0,0,0,0,0,0,0,0,0,0,0,0,0,0,0,0,0,0,0,0,0,0,0
6,Nagaland,Mon,0,0,0,0,0,0,0,0,0,0,0,0,0,0,0,0,0,0,0,0,0,0,0,0,0,0,0,0,0,0,0,0,0,0,0,0,0,0,0,0,0,0,0,0,0,0,0,0,0
7,Nagaland,Peren,0,0,0,0,0,0,0,0,0,0,0,0,0,0,0,0,0,0,0,0,0,0,0,0,0,0,0,0,0,0,0,0,0,0,0,0,0,0,0,0,0,0,0,0,0,0,0,0,0
8,Nagaland,Phek,0,0,0,0,0,0,0,0,0,0,0,0,0,0,0,0,0,0,0,0,0,0,0,0,0,0,0,0,0,0,0,0,0,0,0,0,0,0,0,0,0,0,0,0,0,0,0,0,0
9,Nagaland,Tuensang,0,0,0,0,0,0,0,0,0,0,0,0,0,0,0,0,0,0,0,0,0,0,0,0,0,0,0,0,0,0,0,0,0,0,0,0,0,0,0,0,0,0,0,0,0,0,0,0,0
10,Nagaland,Wokha,0,0,0,0,0,0,0,0,0,0,0,0,0,0,0,0,0,0,0,0,0,0,0,0,0,0,0,0,0,0,0,0,0,0,0,0,0,0,0,0,0,0,0,0,0,0,0,0,0
11,Nagaland,Zunheboto,0,0,0,0,0,0,0,0,0,0,0,0,0,0,0,0,0,0,0,0,0,0,0,0,0,0,0,0,0,0,0,0,0,0,0,0,0,0,0,0,0,0,0,0,0,0,0,0,0
Total Districts,Total Districts,Total Districts,0,0,0,0,0,0,0,0,0,0,0,0,0,0,0,0,0,0,0,0,0,0,0,0,0,0,0,0,0,0,0,0,0,0,0,0,0,0,0,0,0,0,0,0,0,0,0,0,0
1,Odisha,Angul,118,1,7,0,0,0,0,0,0,0,0,0,0,0,0,0,0,0,0,0,0,0,0,0,0,0,0,0,5,5,0,0,0,0,0,0,0,0,0,105,0,0,0,0,0,0,118,0,118
2,Odisha,Balasore,74,1,9,0,0,0,0,0,0,0,0,0,0,0,0,0,0,0,0,0,0,0,0,0,0,0,0,0,4,4,0,0,0,0,0,0,0,0,60,0,0,0,0,0,0,0,74,0,74
3,Odisha,Baragarh,99,0,13,0,0,0,0,0,0,0,0,0,0,0,0,0,0,0,0,0,0,0,0,0,0,0,0,0,3,3,0,0,0,0,0,0,0,2,81,0,0,0,0,0,0,0,99,0,99
4,Odisha,Berhampur,75,1,0,0,0,0,0,0,0,0,0,0,0,0,0,0,0,0,0,0,0,0,0,0,0,0,0,0,17,17,0,0,0,0,0,0,0,0,57,0,0,0,0,0,0,0,75,0,75
5,Odisha,Bhadrak,206,1,18,0,0,0,0,0,0,0,0,0,0,0,0,0,0,0,0,0,0,0,0,0,0,0,0,0,7,7,0,0,0,0,0,0,0,0,0,180,0,0,0,0,0,0,206,0,206
6,Odisha,Bolangir,98,1,11,0,0,0,0,0,0,0,0,0,0,0,0,0,0,0,0,0,0,0,0,0,0,0,0,0,3,3,0,0,0,0,0,0,0,0,0,83,0,0,0,0,0,0,98,0,98
7,Odisha,Boudh,28,0,3,0,0,0,0,0,0,0,0,0,0,0,0,0,0,0,0,0,0,0,0,0,0,0,0,0,1,1,0,0,0,0,0,0,0,0,0,24,0,0,0,0,0,0,28,0,28
8,Odisha,Cuttack,246,3,30,0,0,0,0,0,0,0,0,0,0,0,0,0,0,0,0,0,0,0,0,0,0,0,0,0,8,8,0,0,0,0,0,0,0,1,204,0,0,0,0,0,0,0,246,0,246
9,Odisha,DCP BBSR,139,0,17,0,0,0,0,0,0,0,0,0,0,0,0,0,0,0,0,0,0,0,0,0,0,0,0,0,10,10,0,0,0,0,0,0,0,0,112,0,0,0,0,0,0,0,139,0,139
10,Odisha,DCP CTC,92,0,0,0,0,0,0,0,0,0,0,0,0,0,0,0,0,0,0,0,0,0,0,0,0,0,0,0,7,7,0,0,0,0,0,0,0,0,85,0,0,0,0,0,0,0,92,0,92
11,Odisha,Deogarh,13,0,0,0,0,0,0,0,0,4,3,1,0,2,0,0,1,0,0,0,0,0,0,0,0,0,0,0,1,1,0,0,0,0,0,0,0,0,8,0,0,0,0,0,0,0,13,0,13
12,Odisha,Dhenkanal,146,0,22,0,0,0,0,0,0,0,0,0,0,0,0,0,0,0,0,0,0,0,0,0,0,0,0,0,6,6,0,0,0,0,0,0,0,2,0,116,0,0,0,0,0,0,146,0,146
13,Odisha,Gajapati,18,1,0,0,0,0,0,0,0,0,0,0,0,0,0,0,0,0,0,0,0,0,0,0,0,0,0,0,1,1,0,0,0,0,0,0,0,0,0,16,0,0,0,0,0,0,18,0,18
14,Odisha,Ganjam,183,3,34,0,0,0,0,0,0,0,0,0,0,0,0,0,0,0,0,0,0,0,0,0,0,0,0,0,13,13,0,0,0,0,0,0,0,1,132,0,0,0,0,0,0,0,183,0,183
15,Odisha,Jagatsinghpur,165,0,20,0,0,0,0,0,0,0,0,0,0,0,0,0,0,0,0,0,0,0,0,0,0,0,0,0,11,11,0,0,0,0,0,0,0,1,133,0,0,0,0,0,0,0,165,0,165
16,Odisha,Jajpur,276,2,12,0,0,0,0,0,0,0,0,0,0,0,0,0,0,0,0,0,0,0,0,0,0,0,0,0,11,11,0,0,0,0,0,0,0,1,250,0,0,0,0,0,0,0,276,0,276
17,Odisha,Jharsuguda,30,0,3,0,0,0,0,0,0,0,0,0,0,0,0,0,0,0,0,0,0,0,0,0,0,0,0,0,6,6,0,0,0,0,0,0,0,0,0,21,0,0,0,0,0,0,30,0,30
18,Odisha,Kalahandi,77,1,2,0,0,0,0,0,0,0,0,0,0,0,0,0,0,0,0,0,0,0,0,0,0,0,0,0,10,10,0,0,0,0,0,0,0,0,0,64,0,0,0,0,0,0,77,0,77
19,Odisha,Kandhamal,28,0,0,0,0,0,0,0,0,0,0,0,0,0,0,0,0,0,0,0,0,0,0,0,0,0,0,0,7,7,0,0,0,0,0,0,0,0,21,0,0,0,0,0,0,0,28,0,28
20,Odisha,Kendrapara,214,1,37,0,0,0,0,0,0,0,0,0,0,0,0,0,0,0,0,0,0,0,0,0,0,0,0,0,12,12,0,0,0,0,0,0,0,0,0,164,0,0,0,0,0,0,214,0,214
21,Odisha,Keonjhar,64,1,2,0,0,0,0,0,0,0,0,0,0,0,0,0,0,0,0,0,0,0,0,0,0,0,0,0,12,12,0,0,0,0,0,0,0,0,0,49,0,0,0,0,0,0,64,0,64
22,Odisha,Khurda,48,0,0,0,0,0,0,0,0,0,0,0,0,0,0,0,0,0,0,0,0,0,0,0,0,0,0,0,7,7,0,0,0,0,0,0,0,0,41,0,0,0,0,0,0,0,48,0,48
23,Odisha,Koraput,24,0,0,0,0,0,0,0,0,0,0,0,0,0,0,0,0,0,0,0,0,0,0,0,0,0,0,0,3,3,0,0,0,0,0,0,0,0,0,21,0,0,0,0,0,0,24,0,24
24,Odisha,Malkangiri,3,0,0,0,0,0,0,0,0,0,0,0,0,0,0,0,0,0,0,0,0,0,0,0,0,0,0,0,1,1,0,0,0,0,0,0,0,0,0,2,0,0,0,0,0,0,3,0,3
25,Odisha,Mayurbhanj,49,0,4,0,0,0,0,0,0,0,0,0,0,0,0,0,0,0,0,0,0,0,0,0,0,0,0,0,8,8,0,0,0,0,0,0,0,0,0,37,0,0,0,0,0,0,49,0,49
26,Odisha,Nayagarh,47,1,0,0,0,0,0,0,0,0,0,0,0,0,0,0,0,0,0,0,0,0,0,0,0,0,0,0,3,3,0,0,0,0,0,0,0,0,43,0,0,0,0,0,0,0,47,0,47
27,Odisha,Nabarangpur,19,0,0,0,0,0,0,0,0,2,2,2,0,0,0,0,0,0,0,0,0,0,0,0,0,0,0,0,1,1,0,0,1,0,0,0,0,0,12,3,0,0,0,0,0,0,19,0,19
28,Odisha,Nuapada,25,0,8,0,0,0,0,0,0,0,0,0,0,0,0,0,0,0,0,0,0,0,0,0,0,0,0,0,1,1,0,0,0,0,0,0,0,0,16,0,0,0,0,0,0,0,25,0,25
29,Odisha,Puri,142,1,0,0,0,0,0,0,0,0,0,0,0,0,0,0,0,0,0,0,0,0,0,0,0,0,0,0,3,3,0,0,0,0,0,0,0,0,138,0,0,0,0,0,0,0,142,0,142
30,Odisha,Rayagada,26,0,0,0,0,0,0,0,0,0,0,0,0,0,0,0,0,0,0,0,0,0,0,0,0,0,0,0,1,1,0,0,0,0,0,0,0,0,0,25,0,0,0,0,0,0,26,0,26
31,Odisha,Rourkela,16,0,0,0,0,0,0,0,0,0,0,0,0,0,0,0,0,0,0,0,0,0,0,0,0,0,0,0,3,3,0,0,0,0,0,0,0,0,0,13,0,0,0,0,0,0,16,0,16
32,Odisha,Sambalpur,48,0,5,0,0,0,0,0,0,0,0,0,0,0,0,0,0,0,0,0,0,0,0,0,0,0,0,0,2,2,0,0,0,0,0,0,0,0,0,41,0,0,0,0,0,0,48,0,48
33,Odisha,Sonepur,41,2,2,0,0,0,0,0,0,0,0,0,0,0,0,0,0,0,0,0,0,0,0,0,0,0,0,0,1,1,0,0,0,0,0,0,0,0,36,0,0,0,0,0,0,0,41,0,41
34,Odisha,SRP(Cuttack),2,0,0,0,0,0,0,0,0,0,0,0,0,0,0,0,0,0,0,0,0,0,0,0,0,0,0,0,0,0,0,0,0,0,0,0,0,0,0,2,0,0,0,0,0,0,2,0,2
35,Odisha,SRP(Rourkela),0,0,0,0,0,0,0,0,0,0,0,0,0,0,0,0,0,0,0,0,0,0,0,0,0,0,0,0,0,0,0,0,0,0,0,0,0,0,0,0,0,0,0,0,0,0,0,0,0
36,Odisha,Sundargarh,23,0,1,1,0,0,0,0,0,1,1,1,0,0,0,0,0,0,0,0,0,0,0,0,0,0,0,0,3,1,2,0,2,0,1,0,1,0,10,4,0,0,0,0,0,0,23,0,23
37,Odisha,CID CB,0,0,0,0,0,0,0,0,0,0,0,0,0,0,0,0,0,0,0,0,0,0,0,0,0,0,0,0,0,0,0,0,0,0,0,0,0,0,0,0,0,0,0,0,0,0,0,0,0
Total Districts,Total Districts,Total Districts,2902,21,260,1,0,0,0,0,0,7,6,4,0,2,0,0,1,0,0,0,0,0,0,0,0,0,0,0,192,190,2,0,3,0,1,0,1,8,1439,970,0,0,0,0,0,0,2902,0,2902
1,Punjab,Amritsar Rural,12,2,1,0,1,1,0,0,0,0,0,0,0,0,0,0,0,0,1,0,0,0,0,0,0,0,0,1,0,0,0,0,0,0,0,0,0,0,0,7,3,3,0,0,0,0,15,0,15
2,Punjab,Barnala,0,0,0,0,0,0,0,0,0,0,0,0,0,0,0,0,0,0,0,0,0,0,0,0,0,0,0,0,0,0,0,0,0,0,0,0,0,0,0,0,4,0,0,0,0,4,4,0,4
3,Punjab,Batala,1,0,0,1,0,0,0,0,0,0,0,0,0,0,0,0,0,0,0,0,0,0,0,0,0,0,0,0,0,0,0,0,0,0,0,0,0,0,0,0,6,0,0,0,0,6,7,0,7
4,Punjab,Bathinda,6,0,0,2,1,1,0,0,0,0,0,0,0,0,0,0,0,0,1,0,0,0,0,0,0,0,0,1,0,0,0,0,0,0,0,0,0,0,0,2,1,1,0,0,0,0,7,0,7
5,Punjab,CP Amritsar,3,0,0,0,0,0,0,0,0,0,0,0,0,0,0,0,0,0,0,0,0,0,0,0,0,0,0,0,1,1,0,0,0,0,0,0,0,0,1,1,3,0,0,0,0,3,6,0,6
6,Punjab,CP Jalandhar,5,1,0,1,0,0,0,0,0,1,1,0,1,0,0,0,0,0,0,0,0,0,0,0,0,0,0,0,1,1,0,0,0,0,0,0,0,0,0,1,2,2,0,0,0,0,7,0,7
7,Punjab,CP Ludhiana,3,0,1,2,0,0,0,0,0,0,0,0,0,0,0,0,0,0,0,0,0,0,0,0,0,0,0,0,0,0,0,0,0,0,0,0,0,0,0,0,2,2,0,0,0,0,5,0,5
8,Punjab,Faridkot,0,0,0,0,0,0,0,0,0,0,0,0,0,0,0,0,0,0,0,0,0,0,0,0,0,0,0,0,0,0,0,0,0,0,0,0,0,0,0,0,0,0,0,0,0,0,0,0,0
9,Punjab,Fatehgarh Sahib,1,0,0,1,0,0,0,0,0,0,0,0,0,0,0,0,0,0,0,0,0,0,0,0,0,0,0,0,0,0,0,0,0,0,0,0,0,0,0,0,2,2,0,0,0,0,3,0,3
10,Punjab,Fazilka,8,1,1,0,1,1,0,0,0,0,0,0,0,0,0,0,0,0,0,0,0,0,0,0,0,0,0,0,1,0,1,0,0,0,0,0,0,0,0,4,1,0,0,0,0,1,9,0,9
11,Punjab,Ferozepur,4,0,0,0,0,0,0,0,0,3,3,3,0,0,0,0,0,0,0,0,0,0,0,0,0,0,0,0,0,0,0,0,0,0,0,0,0,0,0,1,1,0,0,0,0,1,5,0,5
12,Punjab,GRP,0,0,0,0,0,0,0,0,0,0,0,0,0,0,0,0,0,0,0,0,0,0,0,0,0,0,0,0,0,0,0,0,0,0,0,0,0,0,0,0,0,0,0,0,0,0,0,0,0
13,Punjab,Gurdaspur,1,1,0,0,0,0,0,0,0,0,0,0,0,0,0,0,0,0,0,0,0,0,0,0,0,0,0,0,0,0,0,0,0,0,0,0,0,0,0,0,3,3,0,0,0,0,4,0,4
14,Punjab,Hoshiarpur,5,0,0,0,1,1,0,0,0,1,1,1,0,0,0,0,0,0,0,0,0,0,0,0,0,0,0,0,1,1,0,0,0,0,0,0,0,0,0,2,2,2,0,0,0,0,7,0,7
15,Punjab,Jalandhar Rural,12,0,0,2,0,0,0,0,0,1,1,0,1,0,0,0,0,0,1,0,0,0,0,0,0,0,0,1,1,1,0,0,0,0,0,0,0,0,0,7,5,5,0,0,0,0,17,0,17
16,Punjab,Kapurthala,8,0,0,0,0,0,0,0,0,0,0,0,0,0,0,0,0,0,0,0,0,0,0,0,0,0,0,0,0,0,0,0,0,0,0,0,0,0,0,8,0,0,0,0,0,0,8,0,8
17,Punjab,Khanna,1,0,0,0,0,0,0,0,0,0,0,0,0,0,0,0,0,0,0,0,0,0,0,0,0,0,0,0,0,0,0,0,0,0,0,0,0,0,0,1,0,0,0,0,0,0,1,0,1
18,Punjab,Ludhiana Rural,1,0,0,0,0,0,0,0,0,0,0,0,0,0,0,0,0,0,0,0,0,0,0,0,0,0,0,0,0,0,0,0,0,0,0,0,0,0,0,1,0,0,0,0,0,0,1,0,1
19,Punjab,Mansa,4,0,0,0,0,0,0,0,0,0,0,0,0,0,0,0,0,0,0,0,0,0,0,0,0,0,0,0,2,2,0,0,0,0,0,0,0,0,0,2,0,0,0,0,0,0,4,0,4
20,Punjab,Moga,8,0,1,0,1,1,0,0,0,3,3,0,2,1,0,0,0,0,0,0,0,0,0,0,0,0,0,0,2,2,0,0,0,0,0,0,0,0,0,1,4,4,0,0,0,0,12,0,12
21,Punjab,Muktsar,8,1,0,0,0,0,0,0,0,3,3,1,2,0,0,0,0,0,0,0,0,0,0,0,0,0,0,0,1,1,0,0,0,0,0,0,0,0,0,3,0,0,0,0,0,0,8,0,8
22,Punjab,Pathankot,3,0,1,0,0,0,0,0,0,2,2,1,1,0,0,0,0,0,0,0,0,0,0,0,0,0,0,0,0,0,0,0,0,0,0,0,0,0,0,0,0,0,0,0,0,0,3,0,3
23,Punjab,Patiala,3,0,0,0,0,0,0,0,0,0,0,0,0,0,0,0,0,0,0,0,0,0,0,0,0,0,0,0,0,0,0,0,0,0,0,0,0,0,0,3,4,0,0,0,0,4,7,0,7
24,Punjab,Ropar,0,0,0,0,0,0,0,0,0,0,0,0,0,0,0,0,0,0,0,0,0,0,0,0,0,0,0,0,0,0,0,0,0,0,0,0,0,0,0,0,0,0,0,0,0,0,0,0,0
25,Punjab,Sangrur,7,0,0,1,0,0,0,0,0,0,0,0,0,0,0,0,0,0,0,0,0,0,0,0,0,0,0,0,2,1,1,0,0,0,0,0,0,0,0,4,3,0,0,0,0,3,10,0,10
26,Punjab,SAS Nagar,0,0,0,0,0,0,0,0,0,0,0,0,0,0,0,0,0,0,0,0,0,0,0,0,0,0,0,0,0,0,0,0,0,0,0,0,0,0,0,0,0,0,0,0,0,0,0,0,0
27,Punjab,SBS Nagar,2,0,0,0,0,0,0,0,0,0,0,0,0,0,0,0,0,0,0,0,0,0,0,0,0,0,0,0,0,0,0,0,0,0,0,0,0,0,2,0,1,1,0,0,0,0,3,0,3
28,Punjab,Tarn Taran,5,0,0,1,3,2,1,0,0,0,0,0,0,0,0,0,0,0,0,0,0,0,0,0,0,0,0,0,0,0,0,0,0,0,0,0,0,0,0,1,2,2,0,0,0,0,7,0,7
29,Punjab,Bureau of Investigation,0,0,0,0,0,0,0,0,0,0,0,0,0,0,0,0,0,0,0,0,0,0,0,0,0,0,0,0,0,0,0,0,0,0,0,0,0,0,0,0,1,1,0,0,0,0,1,0,1
30,Punjab,Intelligence Wing,0,0,0,0,0,0,0,0,0,0,0,0,0,0,0,0,0,0,0,0,0,0,0,0,0,0,0,0,0,0,0,0,0,0,0,0,0,0,0,0,0,0,0,0,0,0,0,0,0
31,Punjab,NRI Wing,0,0,0,0,0,0,0,0,0,0,0,0,0,0,0,0,0,0,0,0,0,0,0,0,0,0,0,0,0,0,0,0,0,0,0,0,0,0,0,0,0,0,0,0,0,0,0,0,0
32,Punjab,Special Task Force,0,0,0,0,0,0,0,0,0,0,0,0,0,0,0,0,0,0,0,0,0,0,0,0,0,0,0,0,0,0,0,0,0,0,0,0,0,0,0,0,0,0,0,0,0,0,0,0,0
33,Punjab,Malerkotla,1,0,0,1,0,0,0,0,0,0,0,0,0,0,0,0,0,0,0,0,0,0,0,0,0,0,0,0,0,0,0,0,0,0,0,0,0,0,0,0,0,0,0,0,0,0,1,0,1
Total Districts,Total Districts,Total Districts,112,6,5,12,8,7,1,0,0,14,14,6,7,1,0,0,0,0,3,0,0,0,0,0,0,0,0,3,12,10,2,0,0,0,0,0,0,0,3,49,50,28,0,0,0,22,162,0,162
1,Rajasthan,Ajmer,386,6,5,173,0,0,0,0,0,77,64,57,1,2,0,4,13,6,5,3,1,2,0,0,1,0,0,1,25,21,4,4,0,0,0,0,0,2,14,69,5,5,0,0,0,0,391,0,391
2,Rajasthan,Alwar,463,4,3,388,0,0,0,0,0,17,17,17,0,0,0,0,0,0,17,5,0,5,0,0,0,12,0,0,33,33,0,1,0,0,0,0,0,0,0,0,3,0,0,0,0,3,466,0,466
3,Rajasthan,Banswara,14,0,0,7,0,0,0,0,0,0,0,0,0,0,0,0,0,0,0,0,0,0,0,0,0,0,0,0,3,3,0,0,0,0,0,0,0,0,0,4,0,0,0,0,0,0,14,0,14
4,Rajasthan,Baran,141,1,8,71,4,4,0,0,0,11,7,5,1,0,0,1,4,0,3,2,2,0,0,0,0,0,0,1,13,11,2,1,0,0,0,0,0,0,0,29,1,1,0,0,0,0,142,0,142
5,Rajasthan,Barmer,329,4,7,47,0,0,0,0,0,13,13,11,0,1,0,1,0,0,3,0,0,0,0,0,0,2,0,1,17,17,0,6,0,0,0,0,0,1,0,231,4,0,0,0,0,4,333,0,333
6,Rajasthan,Bharatpur,557,1,0,0,0,0,0,0,0,0,0,0,0,0,0,0,0,0,9,0,0,0,0,0,0,0,0,9,31,31,0,0,0,0,0,0,0,0,0,516,0,0,0,0,0,0,557,0,557
7,Rajasthan,Bhilwara,296,1,5,0,1,1,0,0,0,10,10,6,3,0,0,1,0,0,4,2,0,2,0,0,0,0,0,2,23,23,0,2,0,0,0,0,0,1,0,249,6,0,0,0,0,6,302,0,302
8,Rajasthan,Bikaner,322,12,11,7,0,0,0,0,0,44,44,17,15,12,0,0,0,0,12,1,0,1,0,0,0,2,0,9,34,34,0,6,0,0,0,0,0,1,0,195,0,0,0,0,0,0,322,0,322
9,Rajasthan,Bundi,125,1,3,45,0,0,0,0,0,12,12,12,0,0,0,0,0,0,0,0,0,0,0,0,0,0,0,0,5,5,0,0,0,0,0,0,0,0,0,59,0,0,0,0,0,0,125,0,125
10,Rajasthan,Chittorgarh,155,2,4,25,0,0,0,0,0,7,7,4,1,1,0,1,0,0,1,0,0,0,0,0,0,0,0,1,16,16,0,2,1,0,0,0,0,0,0,97,5,0,0,0,0,5,160,0,160
11,Rajasthan,Churu,269,3,3,14,0,0,0,0,0,16,16,16,0,0,0,0,0,0,10,0,0,0,0,0,0,0,0,10,20,20,0,0,0,0,0,0,0,0,0,203,0,0,0,0,0,0,269,0,269
12,Rajasthan,Dausa,167,1,0,0,0,0,0,0,0,6,6,5,0,0,0,1,0,0,4,3,0,3,0,0,0,1,0,0,20,20,0,0,0,0,0,0,0,0,0,136,0,0,0,0,0,0,167,0,167
13,Rajasthan,Dholpur,211,1,7,56,0,0,0,0,0,16,16,13,0,3,0,0,0,0,5,1,0,1,0,0,0,2,0,2,16,11,5,0,0,1,0,0,0,0,0,109,1,1,0,0,0,0,212,0,212
14,Rajasthan,Dungarpur,14,0,0,0,0,0,0,0,0,2,2,2,0,0,0,0,0,0,0,0,0,0,0,0,0,0,0,0,2,2,0,0,0,0,0,0,0,0,0,10,0,0,0,0,0,0,14,0,14
15,Rajasthan,GRP Ajmer,0,0,0,0,0,0,0,0,0,0,0,0,0,0,0,0,0,0,0,0,0,0,0,0,0,0,0,0,0,0,0,0,0,0,0,0,0,0,0,0,3,1,0,0,0,2,3,0,3
16,Rajasthan,GRP Jodhpur,1,0,0,0,0,0,0,0,0,0,0,0,0,0,0,0,0,0,0,0,0,0,0,0,0,0,0,0,0,0,0,0,0,1,0,0,0,0,0,0,0,0,0,0,0,0,1,0,1
17,Rajasthan,Ganganagar,478,9,12,211,0,0,0,0,0,58,51,33,9,3,0,6,7,0,7,5,1,4,0,0,0,0,0,2,46,40,6,5,0,0,0,0,0,0,0,130,3,3,0,0,0,0,481,0,481
18,Rajasthan,Hanumangarh,338,7,1,120,0,0,0,0,0,40,25,14,6,3,0,2,15,2,13,0,0,0,8,0,0,1,0,4,31,22,9,3,0,0,0,0,0,0,0,121,1,1,0,0,0,0,339,0,339
19,Rajasthan,Jaipur East,95,1,0,25,0,0,0,0,0,13,10,9,1,0,0,0,3,0,0,0,0,0,0,0,0,0,0,0,11,8,3,1,0,0,0,0,0,0,1,43,3,3,0,0,0,0,98,0,98
20,Rajasthan,Jaipur North,56,1,0,3,0,0,0,0,0,1,1,0,0,0,0,1,0,0,0,0,0,0,0,0,0,0,0,0,10,10,0,0,0,0,0,0,0,0,0,41,1,0,0,0,0,1,57,0,57
21,Rajasthan,Jaipur Rural,287,2,1,41,0,0,0,0,0,7,3,3,0,0,0,0,4,0,0,0,0,0,0,0,0,0,0,0,22,16,6,1,0,0,0,0,0,0,0,213,4,4,0,0,0,0,291,0,291
22,Rajasthan,Jaipur South,85,0,1,7,0,0,0,0,0,3,3,3,0,0,0,0,0,0,0,0,0,0,0,0,0,0,0,0,9,6,3,0,0,0,0,0,0,0,0,65,5,3,0,0,0,2,90,0,90
23,Rajasthan,Jaipur West,133,2,1,4,0,0,0,0,0,3,3,2,1,0,0,0,0,0,0,0,0,0,0,0,0,0,0,0,18,18,0,1,0,0,0,0,0,0,0,104,3,0,0,0,0,3,136,0,136
24,Rajasthan,Jaisalmer,103,0,3,57,0,0,0,0,0,12,12,9,1,1,0,1,0,0,0,0,0,0,0,0,0,0,0,0,2,2,0,3,0,0,0,0,0,1,0,25,8,8,0,0,0,0,111,0,111
25,Rajasthan,Jalore,166,5,0,0,0,0,0,0,0,0,0,0,0,0,0,0,0,0,0,0,0,0,0,0,0,0,0,0,13,13,0,0,0,0,0,0,0,0,0,148,2,2,0,0,0,0,168,0,168
26,Rajasthan,Jhalawar,191,1,9,65,0,0,0,0,0,27,20,11,5,0,2,2,7,2,5,0,0,0,0,1,0,1,0,3,22,18,4,2,3,0,0,0,0,1,0,54,0,0,0,0,0,0,191,0,191
27,Rajasthan,Jhunjhunu,213,5,3,57,0,0,0,0,0,30,30,27,3,0,0,0,0,0,0,0,0,0,0,0,0,0,0,0,16,16,0,4,0,0,0,0,0,1,0,97,0,0,0,0,0,0,213,0,213
28,Rajasthan,Jodhpur East,99,0,1,8,1,1,0,0,0,4,4,3,0,1,0,0,0,0,1,1,0,1,0,0,0,0,0,0,7,7,0,0,0,0,0,0,0,0,0,77,1,1,0,0,0,0,100,0,100
29,Rajasthan,Jodhpur West,121,1,0,48,0,0,0,0,0,21,21,21,0,0,0,0,0,0,1,0,0,0,0,0,0,0,0,1,8,8,0,0,0,0,0,0,0,0,0,42,6,6,0,0,0,0,127,0,127
30,Rajasthan,Jodhpur Rural,192,3,1,126,0,0,0,0,0,7,7,7,0,0,0,0,0,0,1,0,0,0,0,0,0,0,0,1,12,12,0,0,0,0,0,0,0,0,0,42,10,0,0,0,0,10,202,0,202
31,Rajasthan,Karauli,228,2,4,0,0,0,0,0,0,18,18,9,3,6,0,0,0,0,8,2,0,2,0,0,1,4,0,1,15,15,0,5,0,0,0,0,0,0,0,176,1,1,0,0,0,0,229,0,229
32,Rajasthan,Kota City,143,4,10,39,0,0,0,0,0,21,14,8,3,0,0,3,7,1,3,1,1,0,0,0,0,0,0,2,22,18,4,1,0,1,0,0,0,0,0,41,1,0,0,0,0,1,144,0,144
33,Rajasthan,Kota Rural,104,2,4,14,2,2,0,0,0,19,19,13,2,0,1,3,0,0,2,2,0,2,0,0,0,0,0,0,7,7,0,0,0,0,0,0,0,0,0,54,1,1,0,0,0,0,105,0,105
34,Rajasthan,Nagaur,417,6,2,145,0,0,0,0,0,40,29,23,3,0,1,2,11,0,21,11,0,11,0,0,0,1,0,9,28,17,11,8,0,2,0,0,0,0,0,165,0,0,0,0,0,0,417,0,417
35,Rajasthan,Pali,280,1,6,32,1,0,0,0,1,11,11,9,0,2,0,0,0,0,3,1,0,1,0,0,0,0,0,2,18,18,0,1,0,0,0,0,0,0,0,207,2,0,0,0,0,2,282,0,282
36,Rajasthan,Pratapgarh,33,0,2,9,0,0,0,0,0,4,4,0,3,0,0,1,0,0,0,0,0,0,0,0,0,0,0,0,2,2,0,0,0,0,0,0,0,0,0,16,0,0,0,0,0,0,33,0,33
37,Rajasthan,Rajsamand,126,1,2,48,0,0,0,0,0,17,17,10,5,0,0,2,0,0,1,0,0,0,0,0,0,0,0,1,3,3,0,1,2,0,0,0,0,0,0,51,8,8,0,0,0,0,134,0,134
38,Rajasthan,Sawai Madhopur,160,1,1,0,0,0,0,0,0,7,6,0,3,3,0,0,1,0,5,0,0,0,0,0,0,4,0,1,5,4,1,1,0,0,0,0,0,0,0,140,0,0,0,0,0,0,160,0,160
39,Rajasthan,Sikar,408,2,4,52,0,0,0,0,0,10,10,1,3,0,0,6,0,0,8,4,4,0,0,1,0,2,0,1,21,21,0,10,0,0,0,0,0,0,0,301,1,1,0,0,0,0,409,0,409
40,Rajasthan,Sirohi,85,0,1,10,0,0,0,0,0,11,8,6,1,0,0,1,3,0,1,1,0,1,0,0,0,0,0,0,7,7,0,0,0,0,0,0,0,0,0,55,4,0,0,0,0,4,89,0,89
41,Rajasthan,Tonk,214,0,4,89,0,0,0,0,0,9,9,8,1,0,0,0,0,0,3,1,0,1,0,0,0,0,0,2,10,6,4,1,0,0,0,0,0,0,0,98,1,1,0,0,0,0,215,0,215
42,Rajasthan,Udaipur,173,2,8,57,0,0,0,0,0,14,14,11,1,2,0,0,0,0,4,0,0,0,0,0,0,1,0,3,18,17,1,0,0,0,0,0,0,0,0,70,5,4,0,0,0,1,178,0,178
43,Rajasthan,Jaipur Metro,0,0,0,0,0,0,0,0,0,0,0,0,0,0,0,0,0,0,0,0,0,0,0,0,0,0,0,0,0,0,0,0,0,0,0,0,0,0,0,0,0,0,0,0,0,0,0,0,0
44,Rajasthan,SCRB,0,0,0,0,0,0,0,0,0,0,0,0,0,0,0,0,0,0,0,0,0,0,0,0,0,0,0,0,0,0,0,0,0,0,0,0,0,0,0,0,0,0,0,0,0,0,0,0,0
45,Rajasthan,SOG,0,0,0,0,0,0,0,0,0,0,0,0,0,0,0,0,0,0,0,0,0,0,0,0,0,0,0,0,0,0,0,0,0,0,0,0,0,0,0,0,0,0,0,0,0,0,0,0,0
46,Rajasthan,SSB,0,0,0,0,0,0,0,0,0,0,0,0,0,0,0,0,0,0,0,0,0,0,0,0,0,0,0,0,0,0,0,0,0,0,0,0,0,0,0,0,0,0,0,0,0,0,0,0,0
47,Rajasthan,Jaipur Crime,0,0,0,0,0,0,0,0,0,0,0,0,0,0,0,0,0,0,0,0,0,0,0,0,0,0,0,0,0,0,0,0,0,0,0,0,0,0,0,0,0,0,0,0,0,0,0,0,0
48,Rajasthan,Bhiwadi,273,4,1,201,0,0,0,0,0,38,38,29,0,0,0,9,0,0,12,4,0,4,0,0,0,2,0,6,17,17,0,0,0,0,0,0,0,0,0,0,2,0,0,0,0,2,275,0,275
Total Districts,Total Districts,Total Districts,8651,99,138,2301,9,8,0,0,1,676,601,434,75,40,4,48,75,11,172,50,9,41,8,2,2,35,0,75,658,595,63,70,6,5,0,0,0,8,15,4483,101,55,0,0,0,46,8752,0,8752
1,Sikkim,Gangtok (East),0,0,0,0,0,0,0,0,0,0,0,0,0,0,0,0,0,0,0,0,0,0,0,0,0,0,0,0,0,0,0,0,0,0,0,0,0,0,0,0,2,2,0,0,0,0,2,0,2
2,Sikkim,Mangan (North),0,0,0,0,0,0,0,0,0,0,0,0,0,0,0,0,0,0,0,0,0,0,0,0,0,0,0,0,0,0,0,0,0,0,0,0,0,0,0,0,0,0,0,0,0,0,0,0,0
3,Sikkim,Namchi (South),0,0,0,0,0,0,0,0,0,0,0,0,0,0,0,0,0,0,0,0,0,0,0,0,0,0,0,0,0,0,0,0,0,0,0,0,0,0,0,0,0,0,0,0,0,0,0,0,0
4,Sikkim,Soreng (West),0,0,0,0,0,0,0,0,0,0,0,0,0,0,0,0,0,0,0,0,0,0,0,0,0,0,0,0,0,0,0,0,0,0,0,0,0,0,0,0,0,0,0,0,0,0,0,0,0
5,Sikkim,Pakyong (East),0,0,0,0,0,0,0,0,0,0,0,0,0,0,0,0,0,0,0,0,0,0,0,0,0,0,0,0,0,0,0,0,0,0,0,0,0,0,0,0,0,0,0,0,0,0,0,0,0
6,Sikkim,Gyalshing (West),0,0,0,0,0,0,0,0,0,0,0,0,0,0,0,0,0,0,0,0,0,0,0,0,0,0,0,0,0,0,0,0,0,0,0,0,0,0,0,0,1,1,0,0,0,0,1,0,1
Total Districts,Total Districts,Total Districts,0,0,0,0,0,0,0,0,0,0,0,0,0,0,0,0,0,0,0,0,0,0,0,0,0,0,0,0,0,0,0,0,0,0,0,0,0,0,0,0,3,3,0,0,0,0,3,0,3
1,Tamil Nadu,Ariyalur,40,1,0,1,0,0,0,0,0,1,0,0,0,0,0,0,1,0,0,0,0,0,0,0,0,0,0,0,5,1,4,0,0,0,0,0,0,0,0,32,0,0,0,0,0,0,40,0,40
2,Tamil Nadu,Chennai,8,0,1,0,0,0,0,0,0,1,0,0,0,0,0,0,1,0,0,0,0,0,0,0,0,0,0,0,3,1,2,0,0,0,0,0,0,0,0,3,17,14,1,0,1,1,25,0,25
3,Tamil Nadu,Coimbatore,42,2,0,12,0,0,0,0,0,8,3,0,3,0,0,0,5,0,0,0,0,0,0,0,0,0,0,0,11,2,9,0,3,0,0,0,0,0,0,6,2,2,0,0,0,0,44,0,44
4,Tamil Nadu,Coimbatore City,21,0,2,0,0,0,0,0,0,0,0,0,0,0,0,0,0,0,0,0,0,0,0,0,0,0,0,0,0,0,0,0,0,0,0,0,0,0,0,19,0,0,0,0,0,0,21,0,21
5,Tamil Nadu,Cuddalore,77,2,3,4,0,0,0,0,0,6,0,0,0,0,0,0,6,0,0,0,0,0,0,0,0,0,0,0,3,3,0,0,0,0,0,0,0,0,0,59,0,0,0,0,0,0,77,0,77
6,Tamil Nadu,Dharmapuri,22,0,1,5,0,0,0,0,0,0,0,0,0,0,0,0,0,0,2,0,0,0,0,0,0,2,0,0,7,1,6,0,0,0,0,0,0,0,0,7,0,0,0,0,0,0,22,0,22
7,Tamil Nadu,Dindigul,46,3,2,16,0,0,0,0,0,1,1,1,0,0,0,0,0,0,1,1,0,1,0,0,0,0,0,0,1,0,1,0,11,0,0,0,0,0,9,2,2,0,0,1,0,1,48,0,48
8,Tamil Nadu,Erode,37,0,0,20,0,0,0,0,0,9,9,9,0,0,0,0,0,0,1,0,0,0,0,0,0,1,0,0,1,1,0,0,0,0,0,0,0,0,0,6,6,6,0,0,0,0,43,0,43
9,Tamil Nadu,Kanchipuram,6,1,1,0,0,0,0,0,0,1,0,0,0,0,0,0,1,0,0,0,0,0,0,0,0,0,0,0,0,0,0,0,0,0,0,0,0,0,0,3,1,0,0,0,0,1,7,0,7
10,Tamil Nadu,Kanyakumari,18,0,1,5,0,0,0,0,0,4,2,1,1,0,0,0,2,0,0,0,0,0,0,0,0,0,0,0,4,0,4,0,0,0,0,0,0,0,2,2,0,0,0,0,0,0,18,0,18
11,Tamil Nadu,Karur,36,0,0,20,0,0,0,0,0,3,1,1,0,0,0,0,2,0,1,0,0,0,0,0,0,0,0,1,7,3,4,0,0,0,0,0,0,0,0,5,0,0,0,0,0,0,36,0,36
12,Tamil Nadu,Krishnagiri,26,3,1,3,0,0,0,0,0,0,0,0,0,0,0,0,0,0,1,0,0,0,0,0,0,1,0,0,13,2,11,0,2,0,0,0,0,0,0,3,1,1,0,0,0,0,27,0,27
13,Tamil Nadu,Madurai,92,7,2,53,0,0,0,0,0,7,7,7,0,0,0,0,0,0,0,0,0,0,0,0,0,0,0,0,4,0,4,0,1,0,0,0,0,0,13,5,0,0,0,0,0,0,92,0,92
14,Tamil Nadu,Madurai City,36,4,3,7,0,0,0,0,0,3,0,0,0,0,0,0,3,0,0,0,0,0,0,0,0,0,0,0,9,1,8,0,0,0,0,0,0,0,4,6,1,1,0,0,0,0,37,0,37
15,Tamil Nadu,Nagapattinam,33,4,0,21,0,0,0,0,0,2,0,0,0,0,0,0,2,0,0,0,0,0,0,0,0,0,0,0,4,2,2,0,0,0,0,0,0,0,0,2,2,2,0,0,0,0,35,0,35
16,Tamil Nadu,Namakkal,38,1,0,4,1,1,0,0,0,0,0,0,0,0,0,0,0,0,0,0,0,0,0,0,0,0,0,0,0,0,0,0,2,0,0,0,0,0,0,30,2,2,0,0,0,0,40,0,40
17,Tamil Nadu,Nilgiris,6,0,0,1,0,0,0,0,0,2,2,0,2,0,0,0,0,0,0,0,0,0,0,0,0,0,0,0,3,0,3,0,0,0,0,0,0,0,0,0,1,1,0,0,0,0,7,0,7
18,Tamil Nadu,Perambalur,0,0,0,0,0,0,0,0,0,0,0,0,0,0,0,0,0,0,0,0,0,0,0,0,0,0,0,0,0,0,0,0,0,0,0,0,0,0,0,0,0,0,0,0,0,0,0,0,0
19,Tamil Nadu,Pudukottai,103,0,5,72,2,2,0,0,0,0,0,0,0,0,0,0,0,0,0,0,0,0,0,0,0,0,0,0,0,0,0,0,0,0,0,0,0,1,0,23,0,0,0,0,0,0,103,0,103
20,Tamil Nadu,Ramnathapuram,48,2,1,44,0,0,0,0,0,1,0,0,0,0,0,0,1,0,0,0,0,0,0,0,0,0,0,0,0,0,0,0,0,0,0,0,0,0,0,0,0,0,0,0,0,0,48,0,48
21,Tamil Nadu,Railway Chennai,0,0,0,0,0,0,0,0,0,0,0,0,0,0,0,0,0,0,0,0,0,0,0,0,0,0,0,0,0,0,0,0,0,0,0,0,0,0,0,0,0,0,0,0,0,0,0,0,0
22,Tamil Nadu,Railway Trichy,0,0,0,0,0,0,0,0,0,0,0,0,0,0,0,0,0,0,0,0,0,0,0,0,0,0,0,0,0,0,0,0,0,0,0,0,0,0,0,0,0,0,0,0,0,0,0,0,0
23,Tamil Nadu,Salem,65,2,1,28,0,0,0,0,0,13,2,2,0,0,0,0,11,0,0,0,0,0,0,0,0,0,0,0,0,0,0,0,8,0,0,0,0,0,0,13,0,0,0,0,0,0,65,0,65
24,Tamil Nadu,Salem City,30,0,2,8,0,0,0,0,0,2,2,1,0,0,0,1,0,0,3,0,0,0,0,0,0,2,1,0,2,2,0,0,0,0,0,0,0,1,0,12,2,0,0,0,0,2,32,0,32
25,Tamil Nadu,Sivagangai,81,1,2,61,0,0,0,0,0,2,0,0,0,0,0,0,2,0,0,0,0,0,0,0,0,0,0,0,5,2,3,0,10,0,0,0,0,0,0,0,1,1,0,0,0,0,82,0,82
26,Tamil Nadu,Thanjavur,109,1,2,32,1,1,0,0,0,2,0,0,0,0,0,0,2,0,0,0,0,0,0,0,0,0,0,0,5,1,4,0,7,0,0,0,0,0,41,18,0,0,0,0,0,0,109,0,109
27,Tamil Nadu,Theni,87,1,0,35,0,0,0,0,0,7,5,1,2,1,0,1,2,0,0,0,0,0,0,0,0,0,0,0,19,6,13,0,8,0,0,0,0,1,11,5,0,0,0,0,0,0,87,0,87
28,Tamil Nadu,Thirunelveli,27,1,8,9,0,0,0,0,0,0,0,0,0,0,0,0,0,0,0,0,0,0,0,0,0,0,0,0,1,1,0,0,0,0,0,0,0,0,0,8,22,0,0,0,0,22,49,0,49
29,Tamil Nadu,Thirunelveli City,25,1,2,10,0,0,0,0,0,3,1,0,1,0,0,0,2,0,1,1,0,1,0,0,0,0,0,0,3,0,3,0,0,0,0,0,0,0,0,5,0,0,0,0,0,0,25,0,25
30,Tamil Nadu,Thiruvallur,10,0,1,4,0,0,0,0,0,0,0,0,0,0,0,0,0,0,0,0,0,0,0,0,0,0,0,0,0,0,0,0,3,0,0,0,0,0,0,2,1,0,1,0,0,0,11,0,11
31,Tamil Nadu,Thiruvannamalai,57,0,2,28,0,0,0,0,0,1,1,1,0,0,0,0,0,0,0,0,0,0,0,0,0,0,0,0,14,3,11,0,0,0,0,0,0,0,12,0,3,0,0,0,0,3,60,0,60
32,Tamil Nadu,Thiruvarur,16,0,3,13,0,0,0,0,0,0,0,0,0,0,0,0,0,0,0,0,0,0,0,0,0,0,0,0,0,0,0,0,0,0,0,0,0,0,0,0,0,0,0,0,0,0,16,0,16
33,Tamil Nadu,Thoothukudi,51,5,5,18,1,1,0,0,0,7,3,0,3,0,0,0,4,0,0,0,0,0,0,0,0,0,0,0,6,1,5,0,0,0,0,0,0,1,6,2,0,0,0,0,0,0,51,0,51
34,Tamil Nadu,Tiruppur,29,1,0,20,0,0,0,0,0,1,1,1,0,0,0,0,0,0,0,0,0,0,0,0,0,0,0,0,5,1,4,0,0,1,0,0,0,1,0,0,4,4,0,0,0,0,33,0,33
35,Tamil Nadu,Tiruppur City,6,1,0,5,0,0,0,0,0,0,0,0,0,0,0,0,0,0,0,0,0,0,0,0,0,0,0,0,0,0,0,0,0,0,0,0,0,0,0,0,0,0,0,0,0,0,6,0,6
36,Tamil Nadu,Trichy,90,1,0,54,0,0,0,0,0,0,0,0,0,0,0,0,0,0,0,0,0,0,0,0,0,0,0,0,5,5,0,0,0,0,0,0,0,0,0,30,0,0,0,0,0,0,90,0,90
37,Tamil Nadu,Trichy City,17,0,0,2,0,0,0,0,0,1,1,1,0,0,0,0,0,0,0,0,0,0,0,0,0,0,0,0,4,1,3,0,0,0,0,0,0,0,4,6,1,1,0,0,0,0,18,0,18
38,Tamil Nadu,Vellore,21,1,0,5,0,0,0,0,0,1,0,0,0,0,0,0,1,0,0,0,0,0,0,0,0,0,0,0,1,0,1,0,0,0,0,0,0,0,0,13,1,1,0,0,0,0,22,0,22
39,Tamil Nadu,Villupuram,33,1,0,19,0,0,0,0,0,1,0,0,0,0,0,0,1,0,0,0,0,0,0,0,0,0,0,0,0,0,0,0,0,0,0,0,0,0,12,0,0,0,0,0,0,0,33,0,33
40,Tamil Nadu,Virudhunagar,48,3,0,40,0,0,0,0,0,0,0,0,0,0,0,0,0,0,0,0,0,0,0,0,0,0,0,0,5,5,0,0,0,0,0,0,0,0,0,0,0,0,0,0,0,0,48,0,48
41,Tamil Nadu,Cyber Cell,0,0,0,0,0,0,0,0,0,0,0,0,0,0,0,0,0,0,0,0,0,0,0,0,0,0,0,0,0,0,0,0,0,0,0,0,0,0,0,0,0,0,0,0,0,0,0,0,0
42,Tamil Nadu,Other Units,0,0,0,0,0,0,0,0,0,0,0,0,0,0,0,0,0,0,0,0,0,0,0,0,0,0,0,0,0,0,0,0,0,0,0,0,0,0,0,0,0,0,0,0,0,0,0,0,0
43,Tamil Nadu,Chengalpattu,4,0,0,0,0,0,0,0,0,0,0,0,0,0,0,0,0,0,0,0,0,0,0,0,0,0,0,0,0,0,0,0,0,0,0,0,0,0,0,4,0,0,0,0,0,0,4,0,4
44,Tamil Nadu,Kallakurichi,45,0,2,16,0,0,0,0,0,0,0,0,0,0,0,0,0,0,0,0,0,0,0,0,0,0,0,0,3,2,1,0,10,0,0,0,0,0,0,14,3,0,3,0,0,0,48,0,48
45,Tamil Nadu,Ranipet,12,1,1,8,0,0,0,0,0,0,0,0,0,0,0,0,0,0,0,0,0,0,0,0,0,0,0,0,2,0,2,0,0,0,0,0,0,0,0,0,0,0,0,0,0,0,12,0,12
46,Tamil Nadu,Tiruppattur,15,0,1,7,0,0,0,0,0,1,1,0,0,1,0,0,0,0,0,0,0,0,0,0,0,0,0,0,3,1,2,0,0,0,0,0,0,0,0,3,0,0,0,0,0,0,15,0,15
47,Tamil Nadu,Tenkasi,59,2,1,25,0,0,0,0,0,0,0,0,0,0,0,0,0,0,0,0,0,0,0,0,0,0,0,0,6,1,5,0,0,0,0,0,0,0,24,1,0,0,0,0,0,0,59,0,59
48,Tamil Nadu,Avadi,12,2,0,1,0,0,0,0,0,1,0,0,0,0,0,0,1,0,0,0,0,0,0,0,0,0,0,0,2,1,1,0,0,0,0,0,0,0,4,2,0,0,0,0,0,0,12,0,12
49,Tamil Nadu,Tambaram,0,0,0,0,0,0,0,0,0,0,0,0,0,0,0,0,0,0,0,0,0,0,0,0,0,0,0,0,0,0,0,0,0,0,0,0,0,0,0,0,4,4,0,0,0,0,4,0,4
Total Districts,Total Districts,Total Districts,1684,55,56,736,5,5,0,0,0,92,42,26,12,2,0,2,50,0,10,2,0,2,0,0,0,6,1,1,166,50,116,0,65,1,0,0,0,5,142,351,77,40,5,1,1,30,1761,0,1761
1,Telangana,Cyberabad Commissionerate,121,2,2,13,0,0,0,0,0,8,3,3,0,0,0,0,5,0,2,0,0,0,0,0,0,2,0,0,41,25,16,0,0,0,0,0,0,0,14,39,10,10,0,0,0,0,131,0,131
2,Telangana,Hyderabad Commissionerate,104,0,1,5,0,0,0,0,0,13,13,8,5,0,0,0,0,7,0,0,0,0,0,0,0,0,0,0,39,33,6,0,0,0,0,0,0,0,28,11,9,3,2,0,0,4,113,0,113
3,Telangana,Karimnagar Commissionerate,96,3,0,4,0,0,0,0,0,4,4,2,1,1,0,0,0,0,0,0,0,0,0,0,0,0,0,0,7,1,6,0,0,0,0,0,0,0,0,78,3,3,0,0,0,0,99,0,99
4,Telangana,Khammam Commissionerate,47,3,1,11,1,1,0,0,0,3,3,1,2,0,0,0,0,1,0,0,0,0,0,0,0,0,0,0,4,2,2,0,0,0,0,0,0,0,10,13,1,0,0,0,0,1,48,0,48
5,Telangana,Nizamabad Commissionerate,89,1,2,16,0,0,0,0,0,5,5,4,0,0,0,1,0,3,2,2,0,2,0,0,0,0,0,0,6,3,3,0,0,0,0,0,0,0,19,35,1,1,0,0,0,0,90,0,90
6,Telangana,Rachakonda Commissionerate,265,3,0,25,1,1,0,0,0,26,26,26,0,0,0,0,0,24,0,0,0,0,0,0,0,0,0,0,60,38,22,0,0,0,0,0,0,1,22,103,9,0,0,0,0,9,274,0,274
7,Telangana,Ramagundam Commissionerate,106,3,0,19,0,0,0,0,0,4,3,1,0,0,1,1,1,2,1,1,0,1,0,0,0,0,0,0,4,2,2,0,0,0,0,0,0,0,38,35,3,3,0,0,0,0,109,0,109
8,Telangana,Siddipet Commissionerate,72,0,1,13,0,0,0,0,0,0,0,0,0,0,0,0,0,0,0,0,0,0,0,0,0,0,0,0,9,5,4,0,0,0,0,0,0,0,22,27,3,3,0,0,0,0,75,0,75
9,Telangana,Warangal Commissionerate,112,2,3,13,0,0,0,0,0,9,9,2,2,1,0,4,0,0,0,0,0,0,0,0,0,0,0,0,14,3,11,0,0,0,0,0,0,0,0,71,8,0,0,0,0,8,120,0,120
10,Telangana,Adilabad,35,0,2,7,0,0,0,0,0,3,3,1,2,0,0,0,0,0,0,0,0,0,0,0,0,0,0,0,5,3,2,0,0,0,0,0,0,0,4,14,1,1,0,0,0,0,36,0,36
11,Telangana,Bhadradri Kothagudem,36,0,1,11,1,1,0,0,0,4,4,2,2,0,0,0,0,0,1,0,0,0,0,0,0,0,0,1,5,3,2,0,0,0,0,0,0,0,11,2,1,1,0,0,0,0,37,0,37
12,Telangana,Jagityal,86,2,2,13,1,1,0,0,0,6,6,6,0,0,0,0,0,0,1,0,0,0,0,0,0,1,0,0,4,2,2,0,0,1,0,0,0,0,0,56,4,0,0,0,0,4,90,0,90
13,Telangana,Jayashankar Bhupalpalli,21,0,0,4,0,0,0,0,0,0,0,0,0,0,0,0,0,0,0,0,0,0,0,0,0,0,0,0,1,0,1,0,0,0,0,0,0,0,0,16,1,0,0,0,0,1,22,0,22
14,Telangana,Jogulamba Gadwal,33,0,2,16,0,0,0,0,0,1,1,1,0,0,0,0,0,0,3,1,1,0,0,0,0,2,0,0,5,0,5,0,0,0,0,0,0,0,0,6,0,0,0,0,0,0,33,0,33
15,Telangana,Kamareddy,30,1,0,5,0,0,0,0,0,1,1,0,0,0,0,1,0,0,0,0,0,0,0,0,0,0,0,0,4,0,4,0,0,0,0,0,0,0,10,9,1,1,0,0,0,0,31,0,31
16,Telangana,Kumaram Bheem Asifabad,15,0,0,5,0,0,0,0,0,0,0,0,0,0,0,0,0,0,0,0,0,0,0,0,0,0,0,0,1,1,0,0,0,0,0,0,0,0,6,3,0,0,0,0,0,0,15,0,15
17,Telangana,Mahabubabad,19,0,0,6,0,0,0,0,0,3,3,2,1,0,0,0,0,1,0,0,0,0,0,0,0,0,0,0,2,0,2,0,0,0,0,0,0,0,0,7,0,0,0,0,0,0,19,0,19
18,Telangana,Mahabubnagar,40,5,0,6,0,0,0,0,0,0,0,0,0,0,0,0,0,0,0,0,0,0,0,0,0,0,0,0,12,2,10,0,0,0,0,0,0,0,0,17,0,0,0,0,0,0,40,0,40
19,Telangana,Medak,26,0,0,8,0,0,0,0,0,2,2,1,0,1,0,0,0,0,0,0,0,0,0,0,0,0,0,0,2,0,2,0,0,0,0,0,0,0,0,14,1,0,0,0,0,1,27,0,27
20,Telangana,Nagarkurnool,40,1,0,10,0,0,0,0,0,0,0,0,0,0,0,0,0,0,1,1,0,1,0,0,0,0,0,0,4,1,3,0,0,0,0,0,0,0,0,24,3,3,0,0,0,0,43,0,43
21,Telangana,Nalgonda,57,0,0,11,2,2,0,0,0,8,7,2,3,0,0,2,1,0,1,1,1,0,0,0,0,0,0,0,9,4,5,0,0,0,0,0,0,0,12,14,0,0,0,0,0,0,57,0,57
22,Telangana,Nirmal,12,0,1,1,0,0,0,0,0,0,0,0,0,0,0,0,0,0,0,0,0,0,0,0,0,0,0,0,3,3,0,0,0,0,0,0,0,0,2,5,0,0,0,0,0,0,12,0,12
23,Telangana,Rajanna Siricilla,61,2,0,4,0,0,0,0,0,0,0,0,0,0,0,0,0,0,0,0,0,0,0,0,0,0,0,0,8,8,0,0,0,0,0,0,0,0,0,47,0,0,0,0,0,0,61,0,61
24,Telangana,Sangareddy,48,2,3,4,0,0,0,0,0,3,3,0,2,1,0,0,0,0,0,0,0,0,0,0,0,0,0,0,11,5,6,0,0,0,0,0,0,0,6,19,2,2,0,0,0,0,50,0,50
25,Telangana,Suryapet,72,0,4,19,0,0,0,0,0,6,6,4,1,0,0,1,0,3,1,0,0,0,0,0,0,1,0,0,8,3,5,0,2,0,0,0,0,0,15,14,0,0,0,0,0,0,72,0,72
26,Telangana,Vikarabad,31,1,0,3,1,1,0,0,0,2,1,0,1,0,0,0,1,0,0,0,0,0,0,0,0,0,0,0,5,3,2,0,0,0,0,0,0,1,1,17,0,0,0,0,0,0,31,0,31
27,Telangana,Wanaparthy,12,0,0,2,0,0,0,0,0,0,0,0,0,0,0,0,0,0,0,0,0,0,0,0,0,0,0,0,1,0,1,0,0,0,0,0,0,0,0,9,0,0,0,0,0,0,12,0,12
28,Telangana,Railway Police Secunderabad,1,0,0,0,0,0,0,0,0,0,0,0,0,0,0,0,0,0,0,0,0,0,0,0,0,0,0,0,0,0,0,0,0,0,0,0,0,0,0,1,0,0,0,0,0,0,1,0,1
29,Telangana,Mulug,6,0,0,1,0,0,0,0,0,1,1,0,0,0,0,1,0,0,0,0,0,0,0,0,0,0,0,0,1,1,0,0,0,0,0,0,0,0,1,2,0,0,0,0,0,0,6,0,6
30,Telangana,Narayanpet,32,0,0,11,2,2,0,0,0,0,0,0,0,0,0,0,0,0,0,0,0,0,0,0,0,0,0,0,2,0,2,0,0,0,0,0,0,0,0,17,1,0,0,0,0,1,33,0,33
Total Districts,Total Districts,Total Districts,1725,31,25,266,9,9,0,0,0,112,104,66,22,4,1,11,8,41,13,6,2,4,0,0,0,6,0,1,277,151,126,0,2,1,0,0,0,2,221,725,62,31,2,0,0,29,1787,0,1787
1,Tripura,Dhalai,0,0,0,0,0,0,0,0,0,0,0,0,0,0,0,0,0,0,0,0,0,0,0,0,0,0,0,0,0,0,0,0,0,0,0,0,0,0,0,0,0,0,0,0,0,0,0,0,0
2,Tripura,Gomati,0,0,0,0,0,0,0,0,0,0,0,0,0,0,0,0,0,0,0,0,0,0,0,0,0,0,0,0,0,0,0,0,0,0,0,0,0,0,0,0,0,0,0,0,0,0,0,0,0
3,Tripura,GRP,0,0,0,0,0,0,0,0,0,0,0,0,0,0,0,0,0,0,0,0,0,0,0,0,0,0,0,0,0,0,0,0,0,0,0,0,0,0,0,0,0,0,0,0,0,0,0,0,0
4,Tripura,Kowai,0,0,0,0,0,0,0,0,0,0,0,0,0,0,0,0,0,0,0,0,0,0,0,0,0,0,0,0,0,0,0,0,0,0,0,0,0,0,0,0,0,0,0,0,0,0,0,0,0
5,Tripura,North,0,0,0,0,0,0,0,0,0,0,0,0,0,0,0,0,0,0,0,0,0,0,0,0,0,0,0,0,0,0,0,0,0,0,0,0,0,0,0,0,0,0,0,0,0,0,0,0,0
6,Tripura,Sipahijala,0,0,0,0,0,0,0,0,0,0,0,0,0,0,0,0,0,0,0,0,0,0,0,0,0,0,0,0,0,0,0,0,0,0,0,0,0,0,0,0,0,0,0,0,0,0,0,0,0
7,Tripura,South,0,0,0,0,0,0,0,0,0,0,0,0,0,0,0,0,0,0,0,0,0,0,0,0,0,0,0,0,0,0,0,0,0,0,0,0,0,0,0,0,0,0,0,0,0,0,0,0,0
8,Tripura,Unakoti,0,0,0,0,0,0,0,0,0,0,0,0,0,0,0,0,0,0,0,0,0,0,0,0,0,0,0,0,0,0,0,0,0,0,0,0,0,0,0,0,0,0,0,0,0,0,0,0,0
9,Tripura,West,0,0,0,0,0,0,0,0,0,0,0,0,0,0,0,0,0,0,0,0,0,0,0,0,0,0,0,0,0,0,0,0,0,0,0,0,0,0,0,0,2,2,0,0,0,0,2,0,2
Total Districts,Total Districts,Total Districts,0,0,0,0,0,0,0,0,0,0,0,0,0,0,0,0,0,0,0,0,0,0,0,0,0,0,0,0,0,0,0,0,0,0,0,0,0,0,0,0,2,2,0,0,0,0,2,0,2
1,Uttar Pradesh,Agra,157,4,8,103,11,11,0,0,0,7,7,7,0,0,0,0,0,0,0,0,0,0,0,0,0,0,0,0,24,24,0,0,0,0,0,0,0,0,0,0,0,0,0,0,0,0,157,0,157
2,Uttar Pradesh,Aligarh,234,6,4,8,0,0,0,0,0,43,26,0,22,3,1,0,17,0,5,5,0,5,0,0,0,0,0,0,6,0,6,0,0,0,0,0,0,0,0,162,0,0,0,0,0,0,234,0,234
3,Uttar Pradesh,Prayagraj,567,6,5,0,6,6,0,0,0,64,64,0,32,31,0,1,0,0,24,0,0,0,0,0,0,24,0,0,22,22,0,0,33,0,0,0,0,0,380,27,0,0,0,0,0,0,567,0,567
4,Uttar Pradesh,Ambedkar Nagar,288,1,0,93,0,0,0,0,0,24,17,0,17,0,0,0,7,0,25,0,0,0,0,0,0,25,0,0,6,6,0,0,0,0,0,0,0,0,0,139,0,0,0,0,0,0,288,0,288
5,Uttar Pradesh,Amethi,267,2,0,212,16,16,0,0,0,14,14,14,0,0,0,0,0,0,10,10,0,10,0,0,0,0,0,0,10,10,0,0,3,0,0,0,0,0,0,0,0,0,0,0,0,0,267,0,267
6,Uttar Pradesh,Auraiya,221,2,0,214,0,0,0,0,0,0,0,0,0,0,0,0,0,0,0,0,0,0,0,0,0,0,0,0,5,5,0,0,0,0,0,0,0,0,0,0,0,0,0,0,0,0,221,0,221
7,Uttar Pradesh,Azamgarh,290,5,0,0,7,7,0,0,0,24,15,8,2,3,0,2,9,0,18,15,0,15,0,0,0,3,0,0,21,13,8,0,0,0,0,0,0,0,0,215,0,0,0,0,0,0,290,0,290
8,Uttar Pradesh,Badaun,150,4,2,23,8,8,0,0,0,31,31,0,31,0,0,0,0,0,6,0,0,0,0,0,0,6,0,0,15,15,0,0,13,0,0,0,0,0,48,0,18,0,0,0,0,18,168,0,168
9,Uttar Pradesh,Baghpat,70,1,0,47,2,2,0,0,0,7,7,3,3,1,0,0,0,0,6,0,0,0,0,0,0,6,0,0,1,1,0,1,0,0,0,0,0,0,5,0,0,0,0,0,0,0,70,0,70
10,Uttar Pradesh,Bahraich,347,3,0,148,1,1,0,0,0,63,46,39,0,7,0,0,17,0,20,14,0,14,0,0,0,6,0,0,10,5,5,0,0,0,0,0,0,0,102,0,0,0,0,0,0,0,347,0,347
11,Uttar Pradesh,Ballia,163,3,1,8,4,4,0,0,0,11,8,4,3,1,0,0,3,0,5,2,0,2,0,0,0,3,0,0,11,8,3,0,38,0,0,0,0,0,60,22,0,0,0,0,0,0,163,0,163
12,Uttar Pradesh,Balrampur,42,1,1,0,0,0,0,0,0,12,12,8,1,3,0,0,0,0,11,0,0,0,0,0,0,11,0,0,17,0,17,0,0,0,0,0,0,0,0,0,108,108,0,0,0,0,150,0,150
13,Uttar Pradesh,Banda,181,3,1,5,7,7,0,0,0,46,28,22,2,4,0,0,18,0,6,3,3,0,0,1,0,1,0,1,10,6,4,2,0,2,1,0,1,0,0,98,0,0,0,0,0,0,181,0,181
14,Uttar Pradesh,Barabanki,70,1,6,0,0,0,0,0,0,43,31,14,6,9,0,2,12,0,6,0,0,0,0,0,0,6,0,0,14,4,10,0,0,0,0,0,0,0,0,0,449,449,0,0,0,0,519,0,519
15,Uttar Pradesh,Bareilly,227,6,0,0,2,2,0,0,0,0,0,0,0,0,0,0,0,0,14,14,0,14,0,0,0,0,0,0,12,12,0,0,0,0,0,0,0,0,0,193,0,0,0,0,0,0,227,0,227
16,Uttar Pradesh,Basti,20,3,0,0,0,0,0,0,0,0,0,0,0,0,0,0,0,0,9,0,0,0,0,0,0,9,0,0,8,5,3,0,0,0,0,0,0,0,0,0,157,0,0,0,0,157,177,0,177
17,Uttar Pradesh,Bijnor,127,2,0,88,0,0,0,0,0,18,18,6,2,10,0,0,0,0,0,0,0,0,0,0,0,0,0,0,1,1,0,0,0,0,0,0,0,0,10,8,0,0,0,0,0,0,127,0,127
18,Uttar Pradesh,Bulandshahar,137,0,0,54,9,0,0,0,9,8,8,3,2,3,0,0,0,0,4,0,0,0,0,0,0,4,0,0,12,12,0,0,5,0,0,0,0,0,25,20,0,0,0,0,0,0,137,0,137
19,Uttar Pradesh,Chandoli,75,2,1,4,2,2,0,0,0,0,0,0,0,0,0,0,0,0,3,0,0,0,0,0,0,3,0,0,4,4,0,0,3,0,0,0,0,0,0,56,0,0,0,0,0,0,75,0,75
20,Uttar Pradesh,Chitrakoot,104,3,0,0,0,0,0,0,0,0,0,0,0,0,0,0,0,0,0,0,0,0,0,0,0,0,0,0,9,9,0,0,0,0,0,0,0,0,0,92,0,0,0,0,0,0,104,0,104
21,Uttar Pradesh,Deoria,0,0,0,0,0,0,0,0,0,0,0,0,0,0,0,0,0,0,0,0,0,0,0,0,0,0,0,0,0,0,0,0,0,0,0,0,0,0,0,0,189,0,0,0,0,189,189,0,189
22,Uttar Pradesh,Etah,147,0,0,128,11,11,0,0,0,0,0,0,0,0,0,0,0,0,5,0,0,0,0,0,0,5,0,0,3,3,0,0,0,0,0,0,0,0,0,0,0,0,0,0,0,0,147,0,147
23,Uttar Pradesh,Etawah,109,4,0,0,24,24,0,0,0,15,11,4,3,4,0,0,4,0,0,0,0,0,0,0,0,0,0,0,8,5,3,0,0,0,0,0,0,0,58,0,0,0,0,0,0,0,109,0,109
24,Uttar Pradesh,Ayodhya,23,0,0,0,2,2,0,0,0,7,7,7,0,0,0,0,0,0,6,6,0,6,0,0,0,0,0,0,5,5,0,0,0,0,0,0,0,0,3,0,199,199,0,0,0,0,222,0,222
25,Uttar Pradesh,Fatehgarh,192,2,0,9,0,0,0,0,0,0,0,0,0,0,0,0,0,0,4,0,0,0,0,0,0,4,0,0,1,1,0,0,0,0,0,0,0,0,0,176,0,0,0,0,0,0,192,0,192
26,Uttar Pradesh,Fatehpur,81,3,0,15,5,5,0,0,0,23,23,0,19,4,0,0,0,0,9,0,0,0,0,0,0,8,0,1,15,8,7,0,10,0,0,0,0,1,0,0,0,0,0,0,0,0,81,0,81
27,Uttar Pradesh,Firozabad,278,8,2,0,2,2,0,0,0,43,43,33,1,9,0,0,0,0,15,9,0,9,0,0,0,6,0,0,17,17,0,1,0,0,0,0,0,0,0,190,0,0,0,0,0,0,278,0,278
28,Uttar Pradesh,GRP,7,2,0,0,0,0,0,0,0,2,2,1,1,0,0,0,0,0,0,0,0,0,0,0,0,0,0,0,0,0,0,0,0,0,0,0,0,0,0,3,0,0,0,0,0,0,7,0,7
29,Uttar Pradesh,Gautambudh Nagar,47,2,0,4,1,1,0,0,0,7,7,0,5,2,0,0,0,0,3,2,0,2,0,0,0,1,0,0,10,5,5,0,0,0,0,0,0,0,5,15,0,0,0,0,0,0,47,0,47
30,Uttar Pradesh,Ghaziabad,134,8,1,92,0,0,0,0,0,9,7,0,6,0,0,1,2,0,1,0,0,0,0,0,0,1,0,0,5,5,0,0,0,0,0,0,0,0,0,18,0,0,0,0,0,0,134,0,134
31,Uttar Pradesh,Ghazipur,249,2,8,2,8,8,0,0,0,35,30,19,7,3,1,0,5,0,9,9,0,9,0,0,0,0,0,0,8,3,5,0,54,0,0,0,0,0,78,45,0,0,0,0,0,0,249,0,249
32,Uttar Pradesh,Gonda,5,1,0,0,0,0,0,0,0,0,0,0,0,0,0,0,0,0,0,0,0,0,0,0,0,0,0,0,4,4,0,0,0,0,0,0,0,0,0,0,252,0,0,0,0,252,257,0,257
33,Uttar Pradesh,Gorakhpur,428,2,0,0,0,0,0,0,0,0,0,0,0,0,0,0,0,0,4,0,0,0,0,0,0,4,0,0,1,1,0,0,0,0,0,0,0,0,0,421,0,0,0,0,0,0,428,0,428
34,Uttar Pradesh,Hamirpur,129,2,0,106,4,4,0,0,0,1,1,1,0,0,0,0,0,0,0,0,0,0,0,0,0,0,0,0,6,6,0,0,1,0,0,0,0,0,1,8,0,0,0,0,0,0,129,0,129
35,Uttar Pradesh,Hapur,95,2,6,58,0,0,0,0,0,6,6,6,0,0,0,0,0,0,0,0,0,0,0,0,0,0,0,0,23,23,0,0,0,0,0,0,0,0,0,0,0,0,0,0,0,0,95,0,95
36,Uttar Pradesh,Hardoi,434,1,0,155,27,27,0,0,0,22,22,22,0,0,0,0,0,0,13,13,0,13,0,0,0,0,0,0,11,11,0,0,0,0,0,0,0,0,0,205,0,0,0,0,0,0,434,0,434
37,Uttar Pradesh,Hathras,117,0,0,41,7,7,0,0,0,24,24,14,0,9,0,1,0,0,1,0,0,0,0,0,0,1,0,0,7,7,0,0,4,0,0,0,0,0,0,33,0,0,0,0,0,0,117,0,117
38,Uttar Pradesh,Jalaun,90,0,0,0,1,1,0,0,0,0,0,0,0,0,0,0,0,0,4,4,0,4,0,0,0,0,0,0,1,1,0,0,0,0,0,0,0,0,0,84,0,0,0,0,0,0,90,0,90
39,Uttar Pradesh,Jaunpur,14,5,0,0,1,1,0,0,0,0,0,0,0,0,0,0,0,0,5,5,0,5,0,0,0,0,0,0,3,3,0,0,0,0,0,0,0,0,0,0,253,0,0,0,0,253,267,0,267
40,Uttar Pradesh,Jhansi,231,4,0,165,10,10,0,0,0,35,35,23,9,3,0,0,0,0,4,0,0,0,0,0,0,4,0,0,13,13,0,0,0,0,0,0,0,0,0,0,9,0,0,0,0,9,240,0,240
41,Uttar Pradesh,Kannauj,136,2,0,0,0,0,0,0,0,0,0,0,0,0,0,0,0,0,3,3,0,3,0,0,0,0,0,0,12,12,0,0,0,0,0,0,0,0,0,119,0,0,0,0,0,0,136,0,136
42,Uttar Pradesh,Kanpur Dehat,214,1,0,0,2,2,0,0,0,10,10,0,0,8,2,0,0,0,3,3,0,3,0,0,0,0,0,0,5,5,0,0,0,0,0,0,0,0,19,174,0,0,0,0,0,0,214,0,214
43,Uttar Pradesh,Kanpur Commissionarate,26,7,0,0,0,0,0,0,0,0,0,0,0,0,0,0,0,0,3,0,0,0,0,0,0,3,0,0,16,16,0,0,0,0,0,0,0,0,0,0,350,0,0,0,0,350,376,0,376
44,Uttar Pradesh,Kasganj,111,1,0,0,3,3,0,0,0,12,12,12,0,0,0,0,0,0,0,0,0,0,0,0,0,0,0,0,2,2,0,0,0,0,0,0,0,0,0,93,0,0,0,0,0,0,111,0,111
45,Uttar Pradesh,Kaushambi,190,0,0,0,4,4,0,0,0,0,0,0,0,0,0,0,0,0,0,0,0,0,0,0,0,0,0,0,2,0,2,0,0,0,0,0,0,0,0,184,0,0,0,0,0,0,190,0,190
46,Uttar Pradesh,Khiri,317,4,0,0,0,0,0,0,0,96,96,96,0,0,0,0,0,0,181,181,181,0,0,0,0,0,0,0,36,0,36,0,0,0,0,0,0,0,0,0,0,0,0,0,0,0,317,0,317
47,Uttar Pradesh,Kushi Nagar,237,4,0,230,0,0,0,0,0,0,0,0,0,0,0,0,0,0,1,0,0,0,0,0,0,1,0,0,2,2,0,0,0,0,0,0,0,0,0,0,0,0,0,0,0,0,237,0,237
48,Uttar Pradesh,Lalitpur,22,1,0,0,0,0,0,0,0,9,9,0,4,3,0,2,0,0,2,2,0,2,0,0,0,0,0,0,10,10,0,0,0,0,0,0,0,0,0,0,0,0,0,0,0,0,22,0,22
49,Uttar Pradesh,Lucknow Commissionarate,420,7,0,0,0,0,0,0,0,11,11,9,2,0,0,0,0,0,0,0,0,0,0,0,0,0,0,0,0,0,0,0,0,0,0,0,0,0,402,0,0,0,0,0,0,0,420,0,420
50,Uttar Pradesh,Maharajganj,149,0,0,0,3,3,0,0,0,10,8,8,0,0,0,0,2,0,5,0,0,0,0,0,0,5,0,0,5,3,2,0,2,0,0,0,0,0,36,88,0,0,0,0,0,0,149,0,149
51,Uttar Pradesh,Mahoba,119,0,3,49,4,4,0,0,0,18,13,12,1,0,0,0,5,0,3,2,2,0,0,0,0,1,0,0,6,3,3,0,0,0,0,0,0,0,36,0,0,0,0,0,0,0,119,0,119
52,Uttar Pradesh,Mainpuri,163,3,0,152,3,3,0,0,0,0,0,0,0,0,0,0,0,0,2,2,0,2,0,0,0,0,0,0,2,2,0,0,0,0,0,0,0,1,0,0,0,0,0,0,0,0,163,0,163
53,Uttar Pradesh,Mathura,208,3,0,0,2,2,0,0,0,0,0,0,0,0,0,0,0,0,16,0,0,0,0,0,0,16,0,0,9,9,0,0,0,0,0,0,0,0,0,178,0,0,0,0,0,0,208,0,208
54,Uttar Pradesh,Mau,145,1,0,100,0,0,0,0,0,16,12,10,0,1,0,1,4,0,9,9,0,9,0,0,0,0,0,0,9,9,0,0,2,0,0,0,0,0,8,0,0,0,0,0,0,0,145,0,145
55,Uttar Pradesh,Meerut,183,6,0,0,5,5,0,0,0,0,0,0,0,0,0,0,0,0,0,0,0,0,0,0,0,0,0,0,25,25,0,0,0,0,0,0,0,0,1,146,0,0,0,0,0,0,183,0,183
56,Uttar Pradesh,Mirzapur,113,1,0,0,0,0,0,0,0,4,2,2,0,0,0,0,2,0,3,0,0,0,0,0,0,3,0,0,10,5,5,0,0,0,0,0,0,0,0,95,0,0,0,0,0,0,113,0,113
57,Uttar Pradesh,Moradabad,133,3,0,78,0,0,0,0,0,16,16,14,1,1,0,0,0,0,1,1,0,1,0,0,0,0,0,0,1,1,0,0,0,0,0,0,0,0,0,34,0,0,0,0,0,0,133,0,133
58,Uttar Pradesh,Muzaffarnagar,24,4,0,0,0,0,0,0,0,0,0,0,0,0,0,0,0,0,10,0,0,0,0,0,0,10,0,0,10,10,0,0,0,0,0,0,0,0,0,0,83,0,0,0,0,83,107,0,107
59,Uttar Pradesh,Pilibhit,150,1,0,129,0,0,0,0,0,0,0,0,0,0,0,0,0,0,9,9,0,9,0,0,0,0,0,0,11,11,0,0,0,0,0,0,0,0,0,0,0,0,0,0,0,0,150,0,150
60,Uttar Pradesh,Pratapgarh,459,4,0,0,15,15,0,0,0,0,0,0,0,0,0,0,0,0,8,0,0,0,0,0,0,8,0,0,16,16,0,0,0,0,0,0,0,0,0,416,0,0,0,0,0,0,459,0,459
61,Uttar Pradesh,Raibareilly,177,2,0,0,6,6,0,0,0,0,0,0,0,0,0,0,0,0,9,6,0,6,0,0,0,3,0,0,6,6,0,0,0,0,0,0,0,0,0,154,161,4,0,0,0,157,338,0,338
62,Uttar Pradesh,Rampur,69,3,2,19,0,0,0,0,0,7,4,0,2,2,0,0,3,0,11,0,0,0,0,0,0,11,0,0,6,5,1,0,1,0,0,0,0,0,20,0,0,0,0,0,0,0,69,0,69
63,Uttar Pradesh,Saharanpur,203,3,3,0,0,0,0,0,0,0,0,0,0,0,0,0,0,0,8,8,0,8,0,0,0,0,0,0,11,11,0,0,0,0,0,0,0,0,0,178,0,0,0,0,0,0,203,0,203
64,Uttar Pradesh,Sambhal,109,3,0,48,2,2,0,0,0,21,15,0,10,5,0,0,6,0,9,9,0,9,0,0,0,0,0,0,9,3,6,0,0,0,0,0,0,0,17,0,0,0,0,0,0,0,109,0,109
65,Uttar Pradesh,Sant Kabirnagar,198,0,0,0,0,0,0,0,0,18,18,0,18,0,0,0,0,0,7,0,0,0,0,0,0,7,0,0,10,6,4,0,0,0,0,0,0,0,0,163,0,0,0,0,0,0,198,0,198
66,Uttar Pradesh,Shahjahanpur,182,0,0,112,0,0,0,0,0,0,0,0,0,0,0,0,0,0,1,1,0,1,0,0,0,0,0,0,8,8,0,0,0,0,0,0,0,0,61,0,81,81,0,0,0,0,263,0,263
67,Uttar Pradesh,Shamli,53,1,4,25,2,2,0,0,0,9,9,2,1,5,0,1,0,0,0,0,0,0,0,0,0,0,0,0,3,3,0,0,0,0,0,0,0,0,0,9,0,0,0,0,0,0,53,0,53
68,Uttar Pradesh,Shrawasti,131,1,1,0,0,0,0,0,0,5,5,4,0,1,0,0,0,0,3,0,0,0,0,0,0,3,0,0,0,0,0,0,0,0,0,0,0,0,0,121,0,0,0,0,0,0,131,0,131
69,Uttar Pradesh,Sidharthnagar,184,0,0,0,0,0,0,0,0,0,0,0,0,0,0,0,0,0,21,0,0,0,0,0,0,21,0,0,13,9,4,0,0,0,0,0,0,0,0,150,0,0,0,0,0,0,184,0,184
70,Uttar Pradesh,Sitapur,25,2,0,0,10,10,0,0,0,0,0,0,0,0,0,0,0,0,5,0,0,0,0,0,0,5,0,0,8,8,0,0,0,0,0,0,0,0,0,0,387,0,0,0,0,387,412,0,412
71,Uttar Pradesh,Sonbhadra,0,0,0,0,0,0,0,0,0,0,0,0,0,0,0,0,0,0,0,0,0,0,0,0,0,0,0,0,0,0,0,0,0,0,0,0,0,0,0,0,300,0,0,300,0,0,300,0,300
72,Uttar Pradesh,Bhadohi,9,3,1,0,0,0,0,0,0,0,0,0,0,0,0,0,0,0,1,0,0,0,0,0,0,1,0,0,4,4,0,0,0,0,0,0,0,0,0,0,85,0,0,0,0,85,94,0,94
73,Uttar Pradesh,Sultanpur,307,4,0,124,9,9,0,0,0,12,9,0,3,6,0,0,3,0,11,0,0,0,0,0,0,11,0,0,9,9,0,0,8,0,0,0,0,0,130,0,0,0,0,0,0,0,307,0,307
74,Uttar Pradesh,Unnao,388,4,3,128,41,41,0,0,0,21,21,17,4,0,0,0,0,0,13,0,0,0,0,0,0,13,0,0,9,6,3,0,0,0,0,0,0,0,0,169,0,0,0,0,0,0,388,0,388
75,Uttar Pradesh,Varanasi Commissionarate,186,4,0,0,1,1,0,0,0,0,0,0,0,0,0,0,0,0,4,0,0,0,0,0,0,4,0,0,2,2,0,0,0,0,0,0,0,0,0,175,0,0,0,0,0,0,186,0,186
76,Uttar Pradesh,Lucknow Grameen,0,0,0,0,0,0,0,0,0,0,0,0,0,0,0,0,0,0,0,0,0,0,0,0,0,0,0,0,0,0,0,0,0,0,0,0,0,0,0,0,0,0,0,0,0,0,0,0,0
77,Uttar Pradesh,Kanpur Outer,0,0,0,0,0,0,0,0,0,0,0,0,0,0,0,0,0,0,0,0,0,0,0,0,0,0,0,0,0,0,0,0,0,0,0,0,0,0,0,0,0,0,0,0,0,0,0,0,0
78,Uttar Pradesh,Vasanasi Dehat,0,0,0,0,0,0,0,0,0,0,0,0,0,0,0,0,0,0,0,0,0,0,0,0,0,0,0,0,0,0,0,0,0,0,0,0,0,0,0,0,0,0,0,0,0,0,0,0,0
Total Districts,Total Districts,Total Districts,12287,189,63,2976,290,281,0,0,9,939,820,444,220,141,4,11,119,0,617,347,186,161,0,1,0,267,0,2,646,504,142,4,177,2,1,0,1,2,1505,4876,3081,841,0,300,0,1940,15368,0,15368
1,Uttarakhand,Almora,8,0,0,0,1,1,0,0,0,0,0,0,0,0,0,0,0,0,0,0,0,0,0,0,0,0,0,0,0,0,0,0,0,1,1,0,1,0,0,5,1,1,0,0,0,0,9,0,9
2,Uttarakhand,Bageshwar,2,0,0,0,1,1,0,0,0,0,0,0,0,0,0,0,0,0,0,0,0,0,0,0,0,0,0,0,0,0,0,0,0,0,0,0,0,0,0,1,0,0,0,0,0,0,2,0,2
3,Uttarakhand,Chamoli,1,0,0,0,0,0,0,0,0,0,0,0,0,0,0,0,0,0,0,0,0,0,0,0,0,0,0,0,1,1,0,0,0,0,0,0,0,0,0,0,0,0,0,0,0,0,1,0,1
4,Uttarakhand,Champawat,2,0,0,0,0,0,0,0,0,0,0,0,0,0,0,0,0,0,0,0,0,0,0,0,0,0,0,0,0,0,0,2,0,0,0,0,0,0,0,0,0,0,0,0,0,0,2,0,2
5,Uttarakhand,Dehradun,6,1,0,0,0,0,0,0,0,0,0,0,0,0,0,0,0,0,0,0,0,0,0,0,0,0,0,0,0,0,0,0,0,0,0,0,0,0,0,5,15,15,0,0,0,0,21,0,21
6,Uttarakhand,Haridwar,8,0,0,0,0,0,0,0,0,0,0,0,0,0,0,0,0,0,1,1,1,0,0,0,0,0,0,0,7,7,0,0,0,0,0,0,0,0,0,0,14,14,0,0,0,0,22,0,22
7,Uttarakhand,Nainital,4,1,0,0,0,0,0,0,0,0,0,0,0,0,0,0,0,0,0,0,0,0,0,0,0,0,0,0,3,3,0,0,0,0,0,0,0,0,0,0,12,0,0,0,0,12,16,0,16
8,Uttarakhand,Pauri Garhwal,0,0,0,0,0,0,0,0,0,0,0,0,0,0,0,0,0,0,0,0,0,0,0,0,0,0,0,0,0,0,0,0,0,0,0,0,0,0,0,0,3,3,0,0,0,0,3,0,3
9,Uttarakhand,Pithoragarh,5,0,1,0,0,0,0,0,0,1,1,1,0,0,0,0,0,1,0,0,0,0,0,0,0,0,0,0,0,0,0,0,0,0,0,0,0,0,2,0,1,1,0,0,0,0,6,0,6
10,Uttarakhand,Rudra Prayag,0,0,0,0,0,0,0,0,0,0,0,0,0,0,0,0,0,0,0,0,0,0,0,0,0,0,0,0,0,0,0,0,0,0,0,0,0,0,0,0,2,2,0,0,0,0,2,0,2
11,Uttarakhand,Tehri Garhwal,4,1,0,0,0,0,0,0,0,0,0,0,0,0,0,0,0,0,0,0,0,0,0,0,0,0,0,0,0,0,0,2,0,0,0,0,0,0,0,1,4,0,0,0,0,4,8,0,8
12,Uttarakhand,Udhamsingh Nagar,17,0,0,0,0,0,0,0,0,0,0,0,0,0,0,0,0,0,0,0,0,0,0,0,0,0,0,0,4,4,0,0,0,0,0,0,0,0,1,12,0,0,0,0,0,0,17,0,17
13,Uttarakhand,Uttarkashi,5,0,0,0,0,0,0,0,0,0,0,0,0,0,0,0,0,0,0,0,0,0,0,0,0,0,0,0,2,2,0,0,0,0,0,0,0,0,0,3,0,0,0,0,0,0,5,0,5
14,Uttarakhand,GRP,0,0,0,0,0,0,0,0,0,0,0,0,0,0,0,0,0,0,0,0,0,0,0,0,0,0,0,0,0,0,0,0,0,0,0,0,0,0,0,0,0,0,0,0,0,0,0,0,0
15,Uttarakhand,Cyber Cell,0,0,0,0,0,0,0,0,0,0,0,0,0,0,0,0,0,0,0,0,0,0,0,0,0,0,0,0,0,0,0,0,0,0,0,0,0,0,0,0,0,0,0,0,0,0,0,0,0
Total Districts,Total Districts,Total Districts,62,3,1,0,2,2,0,0,0,1,1,1,0,0,0,0,0,1,1,1,1,0,0,0,0,0,0,0,17,17,0,4,0,1,1,0,1,0,3,27,52,36,0,0,0,16,114,0,114
1,West Bengal,Alipurduar,0,0,0,0,0,0,0,0,0,0,0,0,0,0,0,0,0,0,0,0,0,0,0,0,0,0,0,0,0,0,0,0,0,0,0,0,0,0,0,0,0,0,0,0,0,0,0,0,0
2,West Bengal,Asansol-Durgapur PC,5,0,0,0,0,0,0,0,0,0,0,0,0,0,0,0,0,0,0,0,0,0,0,0,0,0,0,0,0,0,0,0,0,0,0,0,0,0,5,0,0,0,0,0,0,0,5,0,5
3,West Bengal,Bankura,1,0,1,0,0,0,0,0,0,0,0,0,0,0,0,0,0,0,0,0,0,0,0,0,0,0,0,0,0,0,0,0,0,0,0,0,0,0,0,0,0,0,0,0,0,0,1,0,1
4,West Bengal,Barrackpur PC,3,0,1,0,0,0,0,0,0,2,2,1,1,0,0,0,0,0,0,0,0,0,0,0,0,0,0,0,0,0,0,0,0,0,0,0,0,0,0,0,3,0,0,0,0,3,6,0,6
5,West Bengal,Bidhannagar PC,1,0,0,0,0,0,0,0,0,0,0,0,0,0,0,0,0,0,0,0,0,0,0,0,0,0,0,0,0,0,0,0,0,0,0,0,0,0,0,1,2,0,0,0,0,2,3,0,3
6,West Bengal,Birbhum,5,1,2,0,0,0,0,0,0,0,0,0,0,0,0,0,0,0,0,0,0,0,0,0,0,0,0,0,0,0,0,0,0,0,0,0,0,0,0,2,0,0,0,0,0,0,5,0,5
7,West Bengal,Coochbehar,0,0,0,0,0,0,0,0,0,0,0,0,0,0,0,0,0,0,0,0,0,0,0,0,0,0,0,0,0,0,0,0,0,0,0,0,0,0,0,0,0,0,0,0,0,0,0,0,0
8,West Bengal,Dakshin Dinajpur,1,0,0,0,1,1,0,0,0,0,0,0,0,0,0,0,0,0,0,0,0,0,0,0,0,0,0,0,0,0,0,0,0,0,0,0,0,0,0,0,0,0,0,0,0,0,1,0,1
9,West Bengal,Darjeeling,0,0,0,0,0,0,0,0,0,0,0,0,0,0,0,0,0,0,0,0,0,0,0,0,0,0,0,0,0,0,0,0,0,0,0,0,0,0,0,0,0,0,0,0,0,0,0,0,0
10,West Bengal,Hooghly Rural Police,1,0,0,0,0,0,0,0,0,0,0,0,0,0,0,0,0,0,0,0,0,0,0,0,0,0,0,0,0,0,0,0,0,0,0,0,0,0,0,1,0,0,0,0,0,0,1,0,1
11,West Bengal,Howrah GRP,0,0,0,0,0,0,0,0,0,0,0,0,0,0,0,0,0,0,0,0,0,0,0,0,0,0,0,0,0,0,0,0,0,0,0,0,0,0,0,0,0,0,0,0,0,0,0,0,0
12,West Bengal,Howrah PC,3,0,0,0,0,0,0,0,0,0,0,0,0,0,0,0,0,0,0,0,0,0,0,0,0,0,0,0,0,0,0,0,0,0,0,0,0,0,0,3,7,0,0,0,0,7,10,0,10
13,West Bengal,Howrah Rural,5,0,0,0,0,0,0,0,0,0,0,0,0,0,0,0,0,0,0,0,0,0,0,0,0,0,0,0,0,0,0,0,0,0,0,0,0,0,0,5,0,0,0,0,0,0,5,0,5
14,West Bengal,Jalpaiguri,1,0,0,0,0,0,0,0,0,0,0,0,0,0,0,0,0,0,0,0,0,0,0,0,0,0,0,0,0,0,0,0,0,0,0,0,0,0,0,1,0,0,0,0,0,0,1,0,1
15,West Bengal,Jhargram,4,0,0,0,0,0,0,0,0,0,0,0,0,0,0,0,0,0,0,0,0,0,0,0,0,0,0,0,0,0,0,0,0,0,0,0,0,0,0,4,0,0,0,0,0,0,4,0,4
16,West Bengal,Kharagpur GRP,0,0,0,0,0,0,0,0,0,0,0,0,0,0,0,0,0,0,0,0,0,0,0,0,0,0,0,0,0,0,0,0,0,0,0,0,0,0,0,0,0,0,0,0,0,0,0,0,0
17,West Bengal,Kolkata,4,0,0,0,0,0,0,0,0,0,0,0,0,0,0,0,0,0,0,0,0,0,0,0,0,0,0,0,0,0,0,0,0,0,0,0,0,0,0,4,6,0,0,0,0,6,10,0,10
18,West Bengal,Malda,3,0,0,0,1,1,0,0,0,0,0,0,0,0,0,0,0,0,0,0,0,0,0,0,0,0,0,0,0,0,0,0,0,0,0,0,0,0,0,2,0,0,0,0,0,0,3,0,3
19,West Bengal,Murshidabad Police District,2,0,0,0,0,0,0,0,0,0,0,0,0,0,0,0,0,0,0,0,0,0,0,0,0,0,0,0,0,0,0,0,0,0,0,0,0,0,0,2,0,0,0,0,0,0,2,0,2
20,West Bengal,Paschim Medinipur,4,0,0,0,0,0,0,0,0,0,0,0,0,0,0,0,0,0,0,0,0,0,0,0,0,0,0,0,0,0,0,0,0,0,0,0,0,0,0,4,1,0,0,0,0,1,5,0,5
21,West Bengal,Purab Medinipur,10,0,2,0,0,0,0,0,0,0,0,0,0,0,0,0,0,0,0,0,0,0,0,0,0,0,0,0,0,0,0,0,0,0,0,0,0,0,0,8,0,0,0,0,0,0,10,0,10
22,West Bengal,Purulia,0,0,0,0,0,0,0,0,0,0,0,0,0,0,0,0,0,0,0,0,0,0,0,0,0,0,0,0,0,0,0,0,0,0,0,0,0,0,0,0,0,0,0,0,0,0,0,0,0
23,West Bengal,Sealdah GRP,0,0,0,0,0,0,0,0,0,0,0,0,0,0,0,0,0,0,0,0,0,0,0,0,0,0,0,0,0,0,0,0,0,0,0,0,0,0,0,0,0,0,0,0,0,0,0,0,0
24,West Bengal,Siliguri GRP,0,0,0,0,0,0,0,0,0,0,0,0,0,0,0,0,0,0,0,0,0,0,0,0,0,0,0,0,0,0,0,0,0,0,0,0,0,0,0,0,0,0,0,0,0,0,0,0,0
25,West Bengal,Siliguri PC,2,0,0,0,0,0,0,0,0,0,0,0,0,0,0,0,0,0,0,0,0,0,0,0,0,0,0,0,0,0,0,0,0,0,0,0,0,0,0,2,1,0,0,0,0,1,3,0,3
26,West Bengal,Baruipur Police,6,1,0,0,0,0,0,0,0,0,0,0,0,0,0,0,0,0,0,0,0,0,0,0,0,0,0,0,0,0,0,0,0,0,0,0,0,0,0,5,0,0,0,0,0,0,6,0,6
27,West Bengal,Chandannagar PC,5,0,0,0,0,0,0,0,0,0,0,0,0,0,0,0,0,0,0,0,0,0,0,0,0,0,0,0,0,0,0,0,0,0,0,0,0,0,0,5,0,0,0,0,0,0,5,0,5
28,West Bengal,Diamond Harbour Police,0,0,0,0,0,0,0,0,0,0,0,0,0,0,0,0,0,0,0,0,0,0,0,0,0,0,0,0,0,0,0,0,0,0,0,0,0,0,0,0,0,0,0,0,0,0,0,0,0
29,West Bengal,Kalimpong,0,0,0,0,0,0,0,0,0,0,0,0,0,0,0,0,0,0,0,0,0,0,0,0,0,0,0,0,0,0,0,0,0,0,0,0,0,0,0,0,1,0,0,0,0,1,1,0,1
30,West Bengal,Purba Bardhaman,4,0,0,0,0,0,0,0,0,0,0,0,0,0,0,0,0,0,0,0,0,0,0,0,0,0,0,0,0,0,0,0,0,0,0,0,0,0,0,4,2,2,0,0,0,0,6,0,6
31,West Bengal,Sundarban Police,1,0,0,0,0,0,0,0,0,0,0,0,0,0,0,0,0,0,0,0,0,0,0,0,0,0,0,0,0,0,0,0,0,0,0,0,0,0,0,1,0,0,0,0,0,0,1,0,1
32,West Bengal,Barasat,1,0,0,0,0,0,0,0,0,0,0,0,0,0,0,0,0,0,0,0,0,0,0,0,0,0,0,0,0,0,0,0,0,0,0,0,0,0,0,1,2,0,0,0,0,2,3,0,3
33,West Bengal,Basirhat,0,0,0,0,0,0,0,0,0,0,0,0,0,0,0,0,0,0,0,0,0,0,0,0,0,0,0,0,0,0,0,0,0,0,0,0,0,0,0,0,0,0,0,0,0,0,0,0,0
34,West Bengal,Bangaon,1,0,0,0,0,0,0,0,0,0,0,0,0,0,0,0,0,0,0,0,0,0,0,0,0,0,0,0,0,0,0,0,0,0,0,0,0,0,0,1,0,0,0,0,0,0,1,0,1
35,West Bengal,Islampur,0,0,0,0,0,0,0,0,0,0,0,0,0,0,0,0,0,0,0,0,0,0,0,0,0,0,0,0,0,0,0,0,0,0,0,0,0,0,0,0,0,0,0,0,0,0,0,0,0
36,West Bengal,Jangipur Police District,0,0,0,0,0,0,0,0,0,0,0,0,0,0,0,0,0,0,0,0,0,0,0,0,0,0,0,0,0,0,0,0,0,0,0,0,0,0,0,0,0,0,0,0,0,0,0,0,0
37,West Bengal,Krishnagar,3,0,0,0,0,0,0,0,0,0,0,0,0,0,0,0,0,0,0,0,0,0,0,0,0,0,0,0,0,0,0,0,0,0,0,0,0,0,0,3,0,0,0,0,0,0,3,0,3
38,West Bengal,Raiganj,3,0,0,0,3,3,0,0,0,0,0,0,0,0,0,0,0,0,0,0,0,0,0,0,0,0,0,0,0,0,0,0,0,0,0,0,0,0,0,0,0,0,0,0,0,0,3,0,3
39,West Bengal,Ranaghat,0,0,0,0,0,0,0,0,0,0,0,0,0,0,0,0,0,0,0,0,0,0,0,0,0,0,0,0,0,0,0,0,0,0,0,0,0,0,0,0,0,0,0,0,0,0,0,0,0
Total Districts,Total Districts,Total Districts,79,2,6,0,5,5,0,0,0,2,2,1,1,0,0,0,0,0,0,0,0,0,0,0,0,0,0,0,0,0,0,0,0,0,0,0,0,0,5,59,25,2,0,0,0,23,104,0,104
1,Andaman and Nicobar Islands,South Andaman,0,0,0,0,0,0,0,0,0,0,0,0,0,0,0,0,0,0,0,0,0,0,0,0,0,0,0,0,0,0,0,0,0,0,0,0,0,0,0,0,0,0,0,0,0,0,0,0,0
2,Andaman and Nicobar Islands,North & Middle Andaman,0,0,0,0,0,0,0,0,0,0,0,0,0,0,0,0,0,0,0,0,0,0,0,0,0,0,0,0,0,0,0,0,0,0,0,0,0,0,0,0,0,0,0,0,0,0,0,0,0
3,Andaman and Nicobar Islands,Nicobar,0,0,0,0,0,0,0,0,0,0,0,0,0,0,0,0,0,0,0,0,0,0,0,0,0,0,0,0,0,0,0,0,0,0,0,0,0,0,0,0,0,0,0,0,0,0,0,0,0
Total Districts,Total Districts,Total Districts,0,0,0,0,0,0,0,0,0,0,0,0,0,0,0,0,0,0,0,0,0,0,0,0,0,0,0,0,0,0,0,0,0,0,0,0,0,0,0,0,0,0,0,0,0,0,0,0,0
1,Chandigarh,Chandigarh,2,0,0,0,0,0,0,0,0,0,0,0,0,0,0,0,0,0,0,0,0,0,0,0,0,0,0,0,0,0,0,0,0,0,0,0,0,0,0,2,2,2,0,0,0,0,4,0,4
Total Districts,Total Districts,Total Districts,2,0,0,0,0,0,0,0,0,0,0,0,0,0,0,0,0,0,0,0,0,0,0,0,0,0,0,0,0,0,0,0,0,0,0,0,0,0,0,2,2,2,0,0,0,0,4,0,4
1,Dadra and Nagar Haveli and Daman and Diu,Dadra and Nagar Haveli,0,0,0,0,0,0,0,0,0,0,0,0,0,0,0,0,0,0,0,0,0,0,0,0,0,0,0,0,0,0,0,0,0,0,0,0,0,0,0,0,0,0,0,0,0,0,0,0,0
2,Dadra and Nagar Haveli and Daman and Diu,Daman,0,0,0,0,0,0,0,0,0,0,0,0,0,0,0,0,0,0,0,0,0,0,0,0,0,0,0,0,0,0,0,0,0,0,0,0,0,0,0,0,0,0,0,0,0,0,0,0,0
3,Dadra and Nagar Haveli and Daman and Diu,Diu,0,0,0,0,0,0,0,0,0,0,0,0,0,0,0,0,0,0,0,0,0,0,0,0,0,0,0,0,0,0,0,0,0,0,0,0,0,0,0,0,0,0,0,0,0,0,0,0,0
Total Districts,Total Districts,Total Districts,0,0,0,0,0,0,0,0,0,0,0,0,0,0,0,0,0,0,0,0,0,0,0,0,0,0,0,0,0,0,0,0,0,0,0,0,0,0,0,0,0,0,0,0,0,0,0,0,0
1,Delhi,Central,1,0,0,1,0,0,0,0,0,0,0,0,0,0,0,0,0,0,0,0,0,0,0,0,0,0,0,0,0,0,0,0,0,0,0,0,0,0,0,0,1,0,0,0,0,1,2,0,2
2,Delhi,Crime Branch,0,0,0,0,0,0,0,0,0,0,0,0,0,0,0,0,0,0,0,0,0,0,0,0,0,0,0,0,0,0,0,0,0,0,0,0,0,0,0,0,1,0,0,1,0,0,1,0,1
3,Delhi,East,3,0,1,0,0,0,0,0,0,1,1,0,1,0,0,0,0,0,0,0,0,0,0,0,0,0,0,0,0,0,0,0,0,0,0,0,0,0,1,0,0,0,0,0,0,0,3,0,3
4,Delhi,EOW,0,0,0,0,0,0,0,0,0,0,0,0,0,0,0,0,0,0,0,0,0,0,0,0,0,0,0,0,0,0,0,0,0,0,0,0,0,0,0,0,0,0,0,0,0,0,0,0,0
5,Delhi,IGI Airport,0,0,0,0,0,0,0,0,0,0,0,0,0,0,0,0,0,0,0,0,0,0,0,0,0,0,0,0,0,0,0,0,0,0,0,0,0,0,0,0,0,0,0,0,0,0,0,0,0
6,Delhi,Metro,0,0,0,0,0,0,0,0,0,0,0,0,0,0,0,0,0,0,0,0,0,0,0,0,0,0,0,0,0,0,0,0,0,0,0,0,0,0,0,0,0,0,0,0,0,0,0,0,0
7,Delhi,New Delhi,3,0,0,0,0,0,0,0,0,1,1,1,0,0,0,0,0,0,0,0,0,0,0,0,0,0,0,0,1,1,0,0,0,0,0,0,0,0,1,0,2,2,0,0,0,0,5,0,5
8,Delhi,North,2,0,0,0,0,0,0,0,0,1,1,1,0,0,0,0,0,0,0,0,0,0,0,0,0,0,0,0,0,0,0,0,0,0,0,0,0,0,0,1,12,12,0,0,0,0,14,0,14
9,Delhi,North-East,1,0,0,0,0,0,0,0,0,1,1,1,0,0,0,0,0,0,0,0,0,0,0,0,0,0,0,0,0,0,0,0,0,0,0,0,0,0,0,0,4,4,0,0,0,0,5,0,5
10,Delhi,North-West,2,0,0,0,0,0,0,0,0,2,2,2,0,0,0,0,0,0,0,0,0,0,0,0,0,0,0,0,0,0,0,0,0,0,0,0,0,0,0,0,4,3,0,1,0,0,6,0,6
11,Delhi,Outer,4,0,0,0,0,0,0,0,0,1,1,1,0,0,0,0,0,0,0,0,0,0,0,0,0,0,0,0,1,1,0,0,0,0,0,0,0,0,0,2,3,1,0,0,0,2,7,0,7
12,Delhi,RAILWAY,0,0,0,0,0,0,0,0,0,0,0,0,0,0,0,0,0,0,0,0,0,0,0,0,0,0,0,0,0,0,0,0,0,0,0,0,0,0,0,0,0,0,0,0,0,0,0,0,0
13,Delhi,South,1,0,0,0,0,0,0,0,0,1,1,1,0,0,0,0,0,0,0,0,0,0,0,0,0,0,0,0,0,0,0,0,0,0,0,0,0,0,0,0,11,11,0,0,0,0,12,0,12
14,Delhi,South-East,10,0,0,3,0,0,0,0,0,6,6,5,0,1,0,0,0,1,0,0,0,0,0,0,0,0,0,0,0,0,0,0,0,0,0,0,0,0,0,0,9,9,0,0,0,0,19,0,19
15,Delhi,South-West,0,0,0,0,0,0,0,0,0,0,0,0,0,0,0,0,0,0,0,0,0,0,0,0,0,0,0,0,0,0,0,0,0,0,0,0,0,0,0,0,5,5,0,0,0,0,5,0,5
16,Delhi,Spl Cell,0,0,0,0,0,0,0,0,0,0,0,0,0,0,0,0,0,0,0,0,0,0,0,0,0,0,0,0,0,0,0,0,0,0,0,0,0,0,0,0,0,0,0,0,0,0,0,0,0
17,Delhi,SPUWAC,0,0,0,0,0,0,0,0,0,0,0,0,0,0,0,0,0,0,0,0,0,0,0,0,0,0,0,0,0,0,0,0,0,0,0,0,0,0,0,0,0,0,0,0,0,0,0,0,0
18,Delhi,Vigilance,0,0,0,0,0,0,0,0,0,0,0,0,0,0,0,0,0,0,0,0,0,0,0,0,0,0,0,0,0,0,0,0,0,0,0,0,0,0,0,0,0,0,0,0,0,0,0,0,0
19,Delhi,West,4,0,0,3,0,0,0,0,0,0,0,0,0,0,0,0,0,1,0,0,0,0,0,0,0,0,0,0,0,0,0,0,0,0,0,0,0,0,0,0,1,1,0,0,0,0,5,0,5
20,Delhi,Rohini,7,0,0,1,0,0,0,0,0,1,1,1,0,0,0,0,0,0,1,1,0,1,0,0,0,0,0,0,0,0,0,0,0,0,0,0,0,0,3,1,5,3,0,0,0,2,12,0,12
21,Delhi,Shahdara,3,0,0,1,0,0,0,0,0,0,0,0,0,0,0,0,0,0,0,0,0,0,0,0,0,0,0,0,0,0,0,0,0,0,0,0,0,0,0,2,2,2,0,0,0,0,5,0,5
22,Delhi,Dwarka,4,0,0,0,0,0,0,0,0,1,1,0,0,1,0,0,0,3,0,0,0,0,0,0,0,0,0,0,0,0,0,0,0,0,0,0,0,0,0,0,17,0,0,0,0,17,21,0,21
23,Delhi,Outer North,2,0,0,0,0,0,0,0,0,1,1,1,0,0,0,0,0,0,0,0,0,0,0,0,0,0,0,0,1,1,0,0,0,0,0,0,0,0,0,0,6,6,0,0,0,0,8,0,8
Total Districts,Total Districts,Total Districts,47,0,1,9,0,0,0,0,0,17,17,14,1,2,0,0,0,5,1,1,0,1,0,0,0,0,0,0,3,3,0,0,0,0,0,0,0,0,5,6,83,59,0,2,0,22,130,0,130
1,Jammu and Kashmir,Anantnag,0,0,0,0,0,0,0,0,0,0,0,0,0,0,0,0,0,0,0,0,0,0,0,0,0,0,0,0,0,0,0,0,0,0,0,0,0,0,0,0,0,0,0,0,0,0,0,0,0
2,Jammu and Kashmir,Awantipora,0,0,0,0,0,0,0,0,0,0,0,0,0,0,0,0,0,0,0,0,0,0,0,0,0,0,0,0,0,0,0,0,0,0,0,0,0,0,0,0,0,0,0,0,0,0,0,0,0
3,Jammu and Kashmir,Bandipora,0,0,0,0,0,0,0,0,0,0,0,0,0,0,0,0,0,0,0,0,0,0,0,0,0,0,0,0,0,0,0,0,0,0,0,0,0,0,0,0,0,0,0,0,0,0,0,0,0
4,Jammu and Kashmir,Baramulla,0,0,0,0,0,0,0,0,0,0,0,0,0,0,0,0,0,0,0,0,0,0,0,0,0,0,0,0,0,0,0,0,0,0,0,0,0,0,0,0,0,0,0,0,0,0,0,0,0
5,Jammu and Kashmir,Budgam,0,0,0,0,0,0,0,0,0,0,0,0,0,0,0,0,0,0,0,0,0,0,0,0,0,0,0,0,0,0,0,0,0,0,0,0,0,0,0,0,0,0,0,0,0,0,0,0,0
6,Jammu and Kashmir,Special Crime Wing Jammu,0,0,0,0,0,0,0,0,0,0,0,0,0,0,0,0,0,0,0,0,0,0,0,0,0,0,0,0,0,0,0,0,0,0,0,0,0,0,0,0,0,0,0,0,0,0,0,0,0
7,Jammu and Kashmir,Special Crime Wing Kashmir,0,0,0,0,0,0,0,0,0,0,0,0,0,0,0,0,0,0,0,0,0,0,0,0,0,0,0,0,0,0,0,0,0,0,0,0,0,0,0,0,0,0,0,0,0,0,0,0,0
8,Jammu and Kashmir,Doda,0,0,0,0,0,0,0,0,0,0,0,0,0,0,0,0,0,0,0,0,0,0,0,0,0,0,0,0,0,0,0,0,0,0,0,0,0,0,0,0,0,0,0,0,0,0,0,0,0
9,Jammu and Kashmir,Ganderbal,0,0,0,0,0,0,0,0,0,0,0,0,0,0,0,0,0,0,0,0,0,0,0,0,0,0,0,0,0,0,0,0,0,0,0,0,0,0,0,0,0,0,0,0,0,0,0,0,0
10,Jammu and Kashmir,Handwara,0,0,0,0,0,0,0,0,0,0,0,0,0,0,0,0,0,0,0,0,0,0,0,0,0,0,0,0,0,0,0,0,0,0,0,0,0,0,0,0,0,0,0,0,0,0,0,0,0
11,Jammu and Kashmir,Jammu,4,0,0,0,0,0,0,0,0,0,0,0,0,0,0,0,0,0,0,0,0,0,0,0,0,0,0,0,0,0,0,0,0,0,0,0,0,0,0,4,0,0,0,0,0,0,4,0,4
12,Jammu and Kashmir,Kathua,0,0,0,0,0,0,0,0,0,0,0,0,0,0,0,0,0,0,0,0,0,0,0,0,0,0,0,0,0,0,0,0,0,0,0,0,0,0,0,0,0,0,0,0,0,0,0,1,1
13,Jammu and Kashmir,Kishtwar,0,0,0,0,0,0,0,0,0,0,0,0,0,0,0,0,0,0,0,0,0,0,0,0,0,0,0,0,0,0,0,0,0,0,0,0,0,0,0,0,0,0,0,0,0,0,0,0,0
14,Jammu and Kashmir,Kulgam,0,0,0,0,0,0,0,0,0,0,0,0,0,0,0,0,0,0,0,0,0,0,0,0,0,0,0,0,0,0,0,0,0,0,0,0,0,0,0,0,0,0,0,0,0,0,0,0,0
15,Jammu and Kashmir,Kupwara,0,0,0,0,0,0,0,0,0,0,0,0,0,0,0,0,0,0,0,0,0,0,0,0,0,0,0,0,0,0,0,0,0,0,0,0,0,0,0,0,0,0,0,0,0,0,0,0,0
16,Jammu and Kashmir,Poonch,0,0,0,0,0,0,0,0,0,0,0,0,0,0,0,0,0,0,0,0,0,0,0,0,0,0,0,0,0,0,0,0,0,0,0,0,0,0,0,0,0,0,0,0,0,0,0,0,0
17,Jammu and Kashmir,Pulwama,0,0,0,0,0,0,0,0,0,0,0,0,0,0,0,0,0,0,0,0,0,0,0,0,0,0,0,0,0,0,0,0,0,0,0,0,0,0,0,0,0,0,0,0,0,0,0,0,0
18,Jammu and Kashmir,Railways Jammu,0,0,0,0,0,0,0,0,0,0,0,0,0,0,0,0,0,0,0,0,0,0,0,0,0,0,0,0,0,0,0,0,0,0,0,0,0,0,0,0,0,0,0,0,0,0,0,0,0
19,Jammu and Kashmir,Railways Kashmir,0,0,0,0,0,0,0,0,0,0,0,0,0,0,0,0,0,0,0,0,0,0,0,0,0,0,0,0,0,0,0,0,0,0,0,0,0,0,0,0,0,0,0,0,0,0,0,0,0
20,Jammu and Kashmir,Railways Katra,0,0,0,0,0,0,0,0,0,0,0,0,0,0,0,0,0,0,0,0,0,0,0,0,0,0,0,0,0,0,0,0,0,0,0,0,0,0,0,0,0,0,0,0,0,0,0,0,0
21,Jammu and Kashmir,Rajouri,0,0,0,0,0,0,0,0,0,0,0,0,0,0,0,0,0,0,0,0,0,0,0,0,0,0,0,0,0,0,0,0,0,0,0,0,0,0,0,0,1,1,0,0,0,0,1,0,1
22,Jammu and Kashmir,Ramban,0,0,0,0,0,0,0,0,0,0,0,0,0,0,0,0,0,0,0,0,0,0,0,0,0,0,0,0,0,0,0,0,0,0,0,0,0,0,0,0,0,0,0,0,0,0,0,0,0
23,Jammu and Kashmir,Reasi,1,0,0,0,0,0,0,0,0,0,0,0,0,0,0,0,0,0,0,0,0,0,0,0,0,0,0,0,1,1,0,0,0,0,0,0,0,0,0,0,0,0,0,0,0,0,1,0,1
24,Jammu and Kashmir,Samba,0,0,0,0,0,0,0,0,0,0,0,0,0,0,0,0,0,0,0,0,0,0,0,0,0,0,0,0,0,0,0,0,0,0,0,0,0,0,0,0,0,0,0,0,0,0,0,0,0
25,Jammu and Kashmir,Shopian,0,0,0,0,0,0,0,0,0,0,0,0,0,0,0,0,0,0,0,0,0,0,0,0,0,0,0,0,0,0,0,0,0,0,0,0,0,0,0,0,0,0,0,0,0,0,0,0,0
26,Jammu and Kashmir,Sopore,0,0,0,0,0,0,0,0,0,0,0,0,0,0,0,0,0,0,0,0,0,0,0,0,0,0,0,0,0,0,0,0,0,0,0,0,0,0,0,0,0,0,0,0,0,0,0,0,0
27,Jammu and Kashmir,Srinagar,0,0,0,0,0,0,0,0,0,0,0,0,0,0,0,0,0,0,0,0,0,0,0,0,0,0,0,0,0,0,0,0,0,0,0,0,0,0,0,0,0,0,0,0,0,0,0,0,0
28,Jammu and Kashmir,Udhampur,0,0,0,0,0,0,0,0,0,0,0,0,0,0,0,0,0,0,0,0,0,0,0,0,0,0,0,0,0,0,0,0,0,0,0,0,0,0,0,0,0,0,0,0,0,0,0,4,4
29,Jammu and Kashmir,Cyber Crime Jammu,0,0,0,0,0,0,0,0,0,0,0,0,0,0,0,0,0,0,0,0,0,0,0,0,0,0,0,0,0,0,0,0,0,0,0,0,0,0,0,0,0,0,0,0,0,0,0,0,0
30,Jammu and Kashmir,Cyber Crime Kashmir,0,0,0,0,0,0,0,0,0,0,0,0,0,0,0,0,0,0,0,0,0,0,0,0,0,0,0,0,0,0,0,0,0,0,0,0,0,0,0,0,0,0,0,0,0,0,0,0,0
31,Jammu and Kashmir,Anti Narcotic Task Force Jammu,0,0,0,0,0,0,0,0,0,0,0,0,0,0,0,0,0,0,0,0,0,0,0,0,0,0,0,0,0,0,0,0,0,0,0,0,0,0,0,0,0,0,0,0,0,0,0,0,0
32,Jammu and Kashmir,Anti Narcotic Task Force Kashmir,0,0,0,0,0,0,0,0,0,0,0,0,0,0,0,0,0,0,0,0,0,0,0,0,0,0,0,0,0,0,0,0,0,0,0,0,0,0,0,0,0,0,0,0,0,0,0,0,0
33,Jammu and Kashmir,EOW Jammu,0,0,0,0,0,0,0,0,0,0,0,0,0,0,0,0,0,0,0,0,0,0,0,0,0,0,0,0,0,0,0,0,0,0,0,0,0,0,0,0,0,0,0,0,0,0,0,0,0
34,Jammu and Kashmir,EOW Kashmir,0,0,0,0,0,0,0,0,0,0,0,0,0,0,0,0,0,0,0,0,0,0,0,0,0,0,0,0,0,0,0,0,0,0,0,0,0,0,0,0,0,0,0,0,0,0,0,0,0
35,Jammu and Kashmir,CICE Jammu,0,0,0,0,0,0,0,0,0,0,0,0,0,0,0,0,0,0,0,0,0,0,0,0,0,0,0,0,0,0,0,0,0,0,0,0,0,0,0,0,0,0,0,0,0,0,0,0,0
36,Jammu and Kashmir,CICE Kashmir,0,0,0,0,0,0,0,0,0,0,0,0,0,0,0,0,0,0,0,0,0,0,0,0,0,0,0,0,0,0,0,0,0,0,0,0,0,0,0,0,0,0,0,0,0,0,0,0,0
Total Districts,Total Districts,Total Districts,5,0,0,0,0,0,0,0,0,0,0,0,0,0,0,0,0,0,0,0,0,0,0,0,0,0,0,0,1,1,0,0,0,0,0,0,0,0,0,4,1,1,0,0,0,0,6,5,11
1,Ladakh,Kargil,0,0,0,0,0,0,0,0,0,0,0,0,0,0,0,0,0,0,0,0,0,0,0,0,0,0,0,0,0,0,0,0,0,0,0,0,0,0,0,0,0,0,0,0,0,0,0,0,0
2,Ladakh,Leh,0,0,0,0,0,0,0,0,0,0,0,0,0,0,0,0,0,0,0,0,0,0,0,0,0,0,0,0,0,0,0,0,0,0,0,0,0,0,0,0,0,0,0,0,0,0,0,0,0
Total Districts,Total Districts,Total Districts,0,0,0,0,0,0,0,0,0,0,0,0,0,0,0,0,0,0,0,0,0,0,0,0,0,0,0,0,0,0,0,0,0,0,0,0,0,0,0,0,0,0,0,0,0,0,0,0,0
1,Lakshadweep,Lakshadweep,0,0,0,0,0,0,0,0,0,0,0,0,0,0,0,0,0,0,0,0,0,0,0,0,0,0,0,0,0,0,0,0,0,0,0,0,0,0,0,0,0,0,0,0,0,0,0,0,0
Total Districts,Total Districts,Total Districts,0,0,0,0,0,0,0,0,0,0,0,0,0,0,0,0,0,0,0,0,0,0,0,0,0,0,0,0,0,0,0,0,0,0,0,0,0,0,0,0,0,0,0,0,0,0,0,0,0
1,Puducherry,Karaikal,0,0,0,0,0,0,0,0,0,0,0,0,0,0,0,0,0,0,0,0,0,0,0,0,0,0,0,0,0,0,0,0,0,0,0,0,0,0,0,0,0,0,0,0,0,0,0,0,0
2,Puducherry,Puducherry,8,0,0,6,0,0,0,0,0,0,0,0,0,0,0,0,0,0,0,0,0,0,0,0,0,0,0,0,0,0,0,0,0,0,0,0,0,0,0,2,1,1,0,0,0,0,9,0,9
Total Districts,Total Districts,Total Districts,8,0,0,6,0,0,0,0,0,0,0,0,0,0,0,0,0,0,0,0,0,0,0,0,0,0,0,0,0,0,0,0,0,0,0,0,0,0,0,2,1,1,0,0,0,0,9,0,9
